github.com/hollis-labs/nanite/cmd/nanite/admin_cmd.go:17:					cmdAdmin						0.0%
github.com/hollis-labs/nanite/cmd/nanite/admin_export_decisions.go:77:				adminExportDecisionTables				0.0%
github.com/hollis-labs/nanite/cmd/nanite/admin_export_decisions.go:193:				tableExistsForExport					0.0%
github.com/hollis-labs/nanite/cmd/nanite/admin_export_decisions.go:214:				readTableRowsForExport					0.0%
github.com/hollis-labs/nanite/cmd/nanite/admin_export_decisions.go:245:				normalizeExportScanValue				0.0%
github.com/hollis-labs/nanite/cmd/nanite/backoff.go:13:						nextBackoffDelay					83.3%
github.com/hollis-labs/nanite/cmd/nanite/chat_cmd.go:33:					cmdChat							0.0%
github.com/hollis-labs/nanite/cmd/nanite/chat_cmd.go:105:					resolveChatSession					0.0%
github.com/hollis-labs/nanite/cmd/nanite/chat_cmd.go:117:					runChatTurn						47.1%
github.com/hollis-labs/nanite/cmd/nanite/harness_client.go:39:					Error							100.0%
github.com/hollis-labs/nanite/cmd/nanite/harness_client.go:40:					Unwrap							0.0%
github.com/hollis-labs/nanite/cmd/nanite/harness_client.go:59:					retryConnect						88.9%
github.com/hollis-labs/nanite/cmd/nanite/harness_client.go:106:					newHarnessClient					66.7%
github.com/hollis-labs/nanite/cmd/nanite/harness_client.go:116:					newRequest						85.7%
github.com/hollis-labs/nanite/cmd/nanite/harness_client.go:141:					doJSON							82.4%
github.com/hollis-labs/nanite/cmd/nanite/harness_client.go:193:					CreateSession						66.7%
github.com/hollis-labs/nanite/cmd/nanite/harness_client.go:204:					GetSession						83.3%
github.com/hollis-labs/nanite/cmd/nanite/harness_client.go:215:					SendTurn						100.0%
github.com/hollis-labs/nanite/cmd/nanite/harness_client.go:228:					Cancel							75.0%
github.com/hollis-labs/nanite/cmd/nanite/harness_client.go:247:					StreamEvents						79.1%
github.com/hollis-labs/nanite/cmd/nanite/install_cmd.go:12:					cmdInstall						0.0%
github.com/hollis-labs/nanite/cmd/nanite/main.go:62:						main							0.0%
github.com/hollis-labs/nanite/cmd/nanite/main.go:94:						cmdServe						0.0%
github.com/hollis-labs/nanite/cmd/nanite/main.go:772:						initProviders						84.8%
github.com/hollis-labs/nanite/cmd/nanite/main.go:903:						resolveDevToolsAllowedPaths				0.0%
github.com/hollis-labs/nanite/cmd/nanite/main.go:919:						resolveWorkflowDefinitionsPath				0.0%
github.com/hollis-labs/nanite/cmd/nanite/main.go:935:						resolveBinaryPath					0.0%
github.com/hollis-labs/nanite/cmd/nanite/main.go:948:						devAllowedSource					0.0%
github.com/hollis-labs/nanite/cmd/nanite/main.go:965:						initMCP							0.0%
github.com/hollis-labs/nanite/cmd/nanite/main.go:1081:						startBackgroundWorkers					0.0%
github.com/hollis-labs/nanite/cmd/nanite/main.go:1203:						discoverAndLoadPlugins					0.0%
github.com/hollis-labs/nanite/cmd/nanite/main.go:1233:						loadPersistedMCPServers					0.0%
github.com/hollis-labs/nanite/cmd/nanite/main.go:1289:						registerVantaServer					0.0%
github.com/hollis-labs/nanite/cmd/nanite/main.go:1336:						cmdMCP							0.0%
github.com/hollis-labs/nanite/cmd/nanite/main.go:1355:						cmdMCPServe						0.0%
github.com/hollis-labs/nanite/cmd/nanite/main.go:1419:						parseToolAllowlist					0.0%
github.com/hollis-labs/nanite/cmd/nanite/mcp_cmd.go:15:						mcpImport						0.0%
github.com/hollis-labs/nanite/cmd/nanite/mcp_cmd.go:61:						mcpExport						0.0%
github.com/hollis-labs/nanite/cmd/nanite/message_cmd.go:34:					cliDeterministicFromAgentID				100.0%
github.com/hollis-labs/nanite/cmd/nanite/message_cmd.go:64:					cmdMessage						0.0%
github.com/hollis-labs/nanite/cmd/nanite/message_cmd.go:121:					messageSend						0.0%
github.com/hollis-labs/nanite/cmd/nanite/message_cmd.go:180:					messageInbox						0.0%
github.com/hollis-labs/nanite/cmd/nanite/message_cmd.go:219:					messageThread						0.0%
github.com/hollis-labs/nanite/cmd/nanite/message_cmd.go:245:					messageAck						0.0%
github.com/hollis-labs/nanite/cmd/nanite/message_cmd.go:264:					messageResolve						0.0%
github.com/hollis-labs/nanite/cmd/nanite/message_cmd.go:283:					messageCatchUp						0.0%
github.com/hollis-labs/nanite/cmd/nanite/message_cmd.go:309:					messageHandoff						0.0%
github.com/hollis-labs/nanite/cmd/nanite/message_cmd.go:382:					newMessagingServiceForCLI				0.0%
github.com/hollis-labs/nanite/cmd/nanite/path.go:29:						cmdPath							0.0%
github.com/hollis-labs/nanite/cmd/nanite/plugin_cmd.go:41:					cmdPlugin						0.0%
github.com/hollis-labs/nanite/cmd/nanite/plugin_cmd.go:136:					resolvePluginsDir					0.0%
github.com/hollis-labs/nanite/cmd/nanite/plugin_cmd.go:150:					resolveDBPath						0.0%
github.com/hollis-labs/nanite/cmd/nanite/plugin_cmd.go:172:					resolveDBPathWith					0.0%
github.com/hollis-labs/nanite/cmd/nanite/plugin_cmd.go:193:					triggerRestart						22.2%
github.com/hollis-labs/nanite/cmd/nanite/plugin_cmd.go:215:					triggerHotReload					46.2%
github.com/hollis-labs/nanite/cmd/nanite/plugin_cmd.go:243:					activationMode						100.0%
github.com/hollis-labs/nanite/cmd/nanite/plugin_cmd.go:256:					triggerActivation					50.0%
github.com/hollis-labs/nanite/cmd/nanite/plugin_cmd.go:269:					isLocalPath						100.0%
github.com/hollis-labs/nanite/cmd/nanite/plugin_cmd.go:278:					pluginInstall						0.0%
github.com/hollis-labs/nanite/cmd/nanite/plugin_cmd.go:293:					pluginInstallLocal					0.0%
github.com/hollis-labs/nanite/cmd/nanite/plugin_cmd.go:359:					pluginInstallRemote					0.0%
github.com/hollis-labs/nanite/cmd/nanite/plugin_cmd.go:443:					copyPluginDir						65.2%
github.com/hollis-labs/nanite/cmd/nanite/plugin_cmd.go:481:					copyFile						60.0%
github.com/hollis-labs/nanite/cmd/nanite/plugin_cmd.go:504:					pluginUninstall						0.0%
github.com/hollis-labs/nanite/cmd/nanite/plugin_cmd.go:578:					pluginDisable						0.0%
github.com/hollis-labs/nanite/cmd/nanite/plugin_cmd.go:635:					pluginEnable						0.0%
github.com/hollis-labs/nanite/cmd/nanite/plugin_cmd.go:656:					pluginList						0.0%
github.com/hollis-labs/nanite/cmd/nanite/plugin_cmd.go:710:					buildMinimalHost					0.0%
github.com/hollis-labs/nanite/cmd/nanite/plugin_cmd.go:727:					pluginNew						0.0%
github.com/hollis-labs/nanite/cmd/nanite/plugin_cmd.go:867:					pluginNewHelp						0.0%
github.com/hollis-labs/nanite/cmd/nanite/plugin_dev_cmd.go:22:					apiBaseURL						28.6%
github.com/hollis-labs/nanite/cmd/nanite/plugin_dev_cmd.go:38:					apiPost							72.7%
github.com/hollis-labs/nanite/cmd/nanite/plugin_dev_cmd.go:56:					pluginReload						0.0%
github.com/hollis-labs/nanite/cmd/nanite/plugin_dev_cmd.go:76:					pluginWatch						0.0%
github.com/hollis-labs/nanite/cmd/nanite/plugin_dev_cmd.go:113:					snapshotTree						0.0%
github.com/hollis-labs/nanite/cmd/nanite/plugin_dev_cmd.go:136:					snapshotEqual						0.0%
github.com/hollis-labs/nanite/cmd/nanite/plugin_dev_cmd.go:152:					pluginRelease						0.0%
github.com/hollis-labs/nanite/cmd/nanite/plugin_install_flow.go:24:				resolveCatalogURL					0.0%
github.com/hollis-labs/nanite/cmd/nanite/plugin_install_flow.go:31:				resolveStagingRoot					0.0%
github.com/hollis-labs/nanite/cmd/nanite/plugin_install_flow.go:42:				resolveCatalogCacheDir					0.0%
github.com/hollis-labs/nanite/cmd/nanite/plugin_install_flow.go:60:				PluginID						0.0%
github.com/hollis-labs/nanite/cmd/nanite/plugin_install_flow.go:61:				Download						0.0%
github.com/hollis-labs/nanite/cmd/nanite/plugin_install_flow.go:76:				PluginID						0.0%
github.com/hollis-labs/nanite/cmd/nanite/plugin_install_flow.go:77:				Download						0.0%
github.com/hollis-labs/nanite/cmd/nanite/plugin_install_flow.go:96:				Load							0.0%
github.com/hollis-labs/nanite/cmd/nanite/plugin_install_flow.go:102:				buildInstaller						0.0%
github.com/hollis-labs/nanite/cmd/nanite/plugin_install_flow.go:121:				Validate						0.0%
github.com/hollis-labs/nanite/cmd/nanite/plugin_install_flow.go:134:				pluginYAMLPresent					0.0%
github.com/hollis-labs/nanite/cmd/nanite/plugin_install_flow.go:143:				installLocalFromStateMachine				0.0%
github.com/hollis-labs/nanite/cmd/nanite/plugin_install_flow.go:153:				installFromCatalog					0.0%
github.com/hollis-labs/nanite/cmd/nanite/plugin_install_flow.go:196:				fetchCatalog						0.0%
github.com/hollis-labs/nanite/cmd/nanite/plugin_install_flow.go:219:				findCatalogEntry					100.0%
github.com/hollis-labs/nanite/cmd/nanite/plugin_install_flow.go:232:				stripSha256Prefix					100.0%
github.com/hollis-labs/nanite/cmd/nanite/plugin_install_flow.go:238:				decodeHexSig						100.0%
github.com/hollis-labs/nanite/cmd/nanite/plugin_install_flow.go:252:				printEvents						0.0%
github.com/hollis-labs/nanite/cmd/nanite/plugin_install_flow.go:267:				readInstalledManifest					0.0%
github.com/hollis-labs/nanite/cmd/nanite/plugin_install_flow.go:275:				pluginUpdate						0.0%
github.com/hollis-labs/nanite/cmd/nanite/plugin_logs.go:15:					pluginLogs						0.0%
github.com/hollis-labs/nanite/cmd/nanite/serve_autostart.go:55:					ensureServeRunning					17.6%
github.com/hollis-labs/nanite/cmd/nanite/serve_autostart.go:124:				checkHealth						83.3%
github.com/hollis-labs/nanite/cmd/nanite/serve_autostart.go:154:				pollHealthUntilReady					81.2%
github.com/hollis-labs/nanite/cmd/nanite/serve_autostart.go:196:				spawnServe						0.0%
github.com/hollis-labs/nanite/cmd/nanite/serve_autostart.go:239:				autostartStateDir					0.0%
github.com/hollis-labs/nanite/cmd/nanite/serve_autostart.go:254:				portFromURL						83.3%
github.com/hollis-labs/nanite/cmd/nanite/serve_autostart.go:276:				isLoopbackURL						87.5%
github.com/hollis-labs/nanite/cmd/nanite/serve_autostart_unix.go:12:				lockExclusiveNonBlocking				0.0%
github.com/hollis-labs/nanite/cmd/nanite/serve_autostart_unix.go:17:				unlockFile						0.0%
github.com/hollis-labs/nanite/cmd/nanite/serve_autostart_unix.go:24:				detachedProcAttr					0.0%
github.com/hollis-labs/nanite/internal/a2a/address.go:57:					ParseURN						100.0%
github.com/hollis-labs/nanite/internal/a2a/address.go:66:					GenerateAgentURN					0.0%
github.com/hollis-labs/nanite/internal/a2a/address.go:87:					SlugAliasURN						0.0%
github.com/hollis-labs/nanite/internal/a2a/address.go:97:					NewAgentAddress						100.0%
github.com/hollis-labs/nanite/internal/a2a/address.go:106:					NewWorkflowAddress					100.0%
github.com/hollis-labs/nanite/internal/a2a/address.go:115:					NewSessionAddress					0.0%
github.com/hollis-labs/nanite/internal/a2a/address.go:124:					IsAgentAddress						0.0%
github.com/hollis-labs/nanite/internal/a2a/address.go:129:					IsWorkflowAddress					0.0%
github.com/hollis-labs/nanite/internal/a2a/jsonrpc.go:61:					NewJSONRPCRequest					0.0%
github.com/hollis-labs/nanite/internal/a2a/jsonrpc.go:71:					NewJSONRPCResponse					0.0%
github.com/hollis-labs/nanite/internal/a2a/jsonrpc.go:80:					NewJSONRPCErrorResponse					0.0%
github.com/hollis-labs/nanite/internal/agent/adapter.go:83:					NewAdapterRegistry					100.0%
github.com/hollis-labs/nanite/internal/agent/adapter.go:89:					Register						87.5%
github.com/hollis-labs/nanite/internal/agent/adapter.go:104:					Adapters						100.0%
github.com/hollis-labs/nanite/internal/agent/adapter.go:117:					DiscoverAll						100.0%
github.com/hollis-labs/nanite/internal/agent/adapter.go:143:					PopulateAllSandboxes					0.0%
github.com/hollis-labs/nanite/internal/agent/adapter.go:157:					SyncAllProjectRoots					0.0%
github.com/hollis-labs/nanite/internal/agent/adapter.go:175:					SyncAllProjectRootsFiltered				90.9%
github.com/hollis-labs/nanite/internal/agent/adapter.go:196:					GetAdapter						100.0%
github.com/hollis-labs/nanite/internal/agent/builtin/embed_mux_notdev.go:9:			MuxOrchestratorAgent					0.0%
github.com/hollis-labs/nanite/internal/agent/builtin/profiles.go:54:				InternalProfiles					81.8%
github.com/hollis-labs/nanite/internal/agent/builtin/profiles.go:108:				InternalProfileSlugs					85.7%
github.com/hollis-labs/nanite/internal/agent/convert.go:22:					ToProfile						84.0%
github.com/hollis-labs/nanite/internal/agent/convert.go:108:					marshalSlice						83.3%
github.com/hollis-labs/nanite/internal/agent/convert.go:120:					marshalJSONOr						66.7%
github.com/hollis-labs/nanite/internal/agent/discovery.go:62:					Discover						90.0%
github.com/hollis-labs/nanite/internal/agent/discovery.go:113:					discoverDir						100.0%
github.com/hollis-labs/nanite/internal/agent/loader.go:22:					EnsureHomeDirs						50.0%
github.com/hollis-labs/nanite/internal/agent/managed_files.go:40:				EnsureManagedDirs					0.0%
github.com/hollis-labs/nanite/internal/agent/managed_files.go:60:				EnsureManagedConfigDirs					0.0%
github.com/hollis-labs/nanite/internal/agent/managed_files.go:75:				UserManagedAgentPath					0.0%
github.com/hollis-labs/nanite/internal/agent/managed_files.go:87:				ManagedAgentPath					0.0%
github.com/hollis-labs/nanite/internal/agent/managed_files.go:97:				WriteManagedAgentProfile				0.0%
github.com/hollis-labs/nanite/internal/agent/managed_files.go:147:				InjectFrontmatterID					0.0%
github.com/hollis-labs/nanite/internal/agent/managed_files.go:179:				FileRevision						0.0%
github.com/hollis-labs/nanite/internal/agent/managed_files.go:192:				ContentRevision						0.0%
github.com/hollis-labs/nanite/internal/agent/managed_files.go:197:				bytesTrimLeftNewlines					0.0%
github.com/hollis-labs/nanite/internal/agent/managed_files.go:207:				atomicWriteFile						0.0%
github.com/hollis-labs/nanite/internal/agent/managed_files.go:235:				parseJSONArray						0.0%
github.com/hollis-labs/nanite/internal/agent/managed_files.go:249:				parseJSONObject						0.0%
github.com/hollis-labs/nanite/internal/agent/managed_section.go:18:				buildManagedBlock					100.0%
github.com/hollis-labs/nanite/internal/agent/managed_section.go:30:				WriteManagedSection					83.3%
github.com/hollis-labs/nanite/internal/agent/managed_section.go:86:				ReadManagedSection					86.7%
github.com/hollis-labs/nanite/internal/agent/managed_section.go:130:				RemoveManagedSection					90.0%
github.com/hollis-labs/nanite/internal/agent/override/merge.go:62:				Resolve							100.0%
github.com/hollis-labs/nanite/internal/agent/override/merge.go:75:				ResolveWithMap						87.5%
github.com/hollis-labs/nanite/internal/agent/override/merge.go:90:				applyLayer						82.6%
github.com/hollis-labs/nanite/internal/agent/override/merge.go:133:				mergeList						100.0%
github.com/hollis-labs/nanite/internal/agent/override/merge.go:182:				mergeMaps						100.0%
github.com/hollis-labs/nanite/internal/agent/parser.go:153:					ParseMD							100.0%
github.com/hollis-labs/nanite/internal/agent/parser.go:174:					ParseMDFile						83.3%
github.com/hollis-labs/nanite/internal/agent/parser.go:197:					resolveProcedureBodyFiles				18.2%
github.com/hollis-labs/nanite/internal/agent/parser.go:216:					SlugFromFilename					100.0%
github.com/hollis-labs/nanite/internal/agent/parser.go:223:					splitFrontmatter					92.9%
github.com/hollis-labs/nanite/internal/agent/reflexes/engine.go:50:				NewEngine						85.7%
github.com/hollis-labs/nanite/internal/agent/reflexes/engine.go:73:				RefreshActionKindCache					84.6%
github.com/hollis-labs/nanite/internal/agent/reflexes/engine.go:101:				ActionKindDefaultRecurrenceSeconds			80.0%
github.com/hollis-labs/nanite/internal/agent/reflexes/engine.go:110:				SetPluginHooks						100.0%
github.com/hollis-labs/nanite/internal/agent/reflexes/engine.go:126:				Evaluate						0.0%
github.com/hollis-labs/nanite/internal/agent/reflexes/engine.go:142:				EvaluateState						84.4%
github.com/hollis-labs/nanite/internal/agent/reflexes/engine.go:281:				reflexEventData						100.0%
github.com/hollis-labs/nanite/internal/agent/reflexes/evaluator.go:15:				EvaluateTrigger						68.8%
github.com/hollis-labs/nanite/internal/agent/reflexes/evaluator.go:66:				evalPredicateNode					63.6%
github.com/hollis-labs/nanite/internal/agent/reflexes/evaluator.go:158:				evalStringEquals					0.0%
github.com/hollis-labs/nanite/internal/agent/reflexes/evaluator.go:178:				evalNumericWindow					85.7%
github.com/hollis-labs/nanite/internal/agent/reflexes/evaluator.go:204:				evalOutputGrowthWindow					78.6%
github.com/hollis-labs/nanite/internal/agent/reflexes/evaluator.go:233:				evalTextRegexWindow					72.2%
github.com/hollis-labs/nanite/internal/agent/reflexes/evaluator.go:261:				evalEntityMentionWindow					83.3%
github.com/hollis-labs/nanite/internal/agent/reflexes/evaluator.go:279:				entityPattern						50.0%
github.com/hollis-labs/nanite/internal/agent/reflexes/evaluator.go:294:				evalNameWindow						68.4%
github.com/hollis-labs/nanite/internal/agent/reflexes/evaluator.go:358:				evalIdenticalOutputWindow				80.0%
github.com/hollis-labs/nanite/internal/agent/reflexes/evaluator.go:378:				evalPrefixPressure					80.0%
github.com/hollis-labs/nanite/internal/agent/reflexes/evaluator.go:390:				evalEvent						100.0%
github.com/hollis-labs/nanite/internal/agent/reflexes/evaluator.go:404:				compare							62.5%
github.com/hollis-labs/nanite/internal/agent/reflexes/evaluator.go:422:				scopedMessages						25.0%
github.com/hollis-labs/nanite/internal/agent/reflexes/evaluator.go:444:				nameMatches						83.3%
github.com/hollis-labs/nanite/internal/agent/reflexes/evaluator.go:456:				stringSliceArg						47.4%
github.com/hollis-labs/nanite/internal/agent/reflexes/evaluator.go:491:				intArg							50.0%
github.com/hollis-labs/nanite/internal/agent/reflexes/evaluator.go:505:				floatArg						50.0%
github.com/hollis-labs/nanite/internal/agent/reflexes/evaluator.go:519:				head1KB							75.0%
github.com/hollis-labs/nanite/internal/agent/reflexes/executor.go:44:				Apply							48.1%
github.com/hollis-labs/nanite/internal/agent/reflexes/loom_pilot_seeds.go:90:			LoomPilotReflexSeeds					100.0%
github.com/hollis-labs/nanite/internal/agent/reflexes/loom_pilot_seeds.go:187:			SeedAgentReflexesBySlug					74.1%
github.com/hollis-labs/nanite/internal/agent/reflexes/recurrence.go:36:				EffectiveCooldown					100.0%
github.com/hollis-labs/nanite/internal/agent/reflexes/recurrence.go:59:				RecentlyFired						83.3%
github.com/hollis-labs/nanite/internal/agent/reflexes/resolve.go:177:				Resolve							94.1%
github.com/hollis-labs/nanite/internal/agent/reflexes/resolve.go:343:				applyOne						71.4%
github.com/hollis-labs/nanite/internal/agent/reflexes/seeds.go:27:				anyPhraseRegex						100.0%
github.com/hollis-labs/nanite/internal/agent/reflexes/seeds.go:85:				BaseSeeds						100.0%
github.com/hollis-labs/nanite/internal/agent/reflexes/seeds.go:586:				SeedBaseReflexes					0.0%
github.com/hollis-labs/nanite/internal/agent/reflexes/state.go:22:				Collect							86.1%
github.com/hollis-labs/nanite/internal/agent/reflexes/state.go:94:				mailUnreadCount						80.0%
github.com/hollis-labs/nanite/internal/agent/reflexes/state.go:107:				recentMessagesByRole					78.6%
github.com/hollis-labs/nanite/internal/agent/reflexes/state.go:135:				recentEvents						53.3%
github.com/hollis-labs/nanite/internal/agent/reflexes/state.go:165:				sessionMessageCount					80.0%
github.com/hollis-labs/nanite/internal/agent/reflexes/state.go:180:				unwrapEnvelopeText					83.3%
github.com/hollis-labs/nanite/internal/agent/reflexes/state.go:193:				structuredRefs						85.7%
github.com/hollis-labs/nanite/internal/agent/reflexes/telemetry.go:173:				EmitFirings						73.3%
github.com/hollis-labs/nanite/internal/agent/source_class.go:39:				Editable						0.0%
github.com/hollis-labs/nanite/internal/agent/source_class.go:45:				CopyToManagedAllowed					0.0%
github.com/hollis-labs/nanite/internal/agent/source_class.go:60:				NewClassification					0.0%
github.com/hollis-labs/nanite/internal/agent/source_class.go:79:				Classify						0.0%
github.com/hollis-labs/nanite/internal/agent/source_class.go:113:				IsWritablePath						0.0%
github.com/hollis-labs/nanite/internal/agentvalidation/validation.go:22:			OK							100.0%
github.com/hollis-labs/nanite/internal/agentvalidation/validation.go:27:			Error							0.0%
github.com/hollis-labs/nanite/internal/agentvalidation/validation.go:37:			ValidateAgentConfig					77.3%
github.com/hollis-labs/nanite/internal/agentvalidation/validation.go:172:			validateGlobPattern					83.3%
github.com/hollis-labs/nanite/internal/agentworkflow/dag.go:14:					Levels							100.0%
github.com/hollis-labs/nanite/internal/agentworkflow/definition_yaml.go:47:			LoadDefinitionYAMLFile					85.7%
github.com/hollis-labs/nanite/internal/agentworkflow/definition_yaml.go:64:			ParseDefinitionYAML					91.7%
github.com/hollis-labs/nanite/internal/agentworkflow/registry.go:36:				NewRegistry						100.0%
github.com/hollis-labs/nanite/internal/agentworkflow/registry.go:56:				LoadRegistryDir						92.3%
github.com/hollis-labs/nanite/internal/agentworkflow/registry.go:97:				Get							83.3%
github.com/hollis-labs/nanite/internal/agentworkflow/registry.go:108:				Names							88.9%
github.com/hollis-labs/nanite/internal/agentworkflow/registry.go:145:				Register						85.7%
github.com/hollis-labs/nanite/internal/agentworkflow/registry.go:193:				Unregister						100.0%
github.com/hollis-labs/nanite/internal/agentworkflow/registry.go:218:				IsTeamRunDefinitionName					100.0%
github.com/hollis-labs/nanite/internal/agentworkflow/required_inputs.go:40:			RequiredInputs						100.0%
github.com/hollis-labs/nanite/internal/agentworkflow/required_inputs.go:49:			scanConfigForInputRefs					100.0%
github.com/hollis-labs/nanite/internal/agentworkflow/validate.go:12:				Validate						80.0%
github.com/hollis-labs/nanite/internal/agentworkflow/validate.go:42:				validateVerifySpec					71.4%
github.com/hollis-labs/nanite/internal/api/a2a.go:17:						handleAgentCard						46.7%
github.com/hollis-labs/nanite/internal/api/a2a.go:50:						handleWhoami						0.0%
github.com/hollis-labs/nanite/internal/api/a2a_jsonrpc.go:61:					handleA2AJSONRPC					60.0%
github.com/hollis-labs/nanite/internal/api/a2a_jsonrpc.go:101:					handleTaskSubmit					35.3%
github.com/hollis-labs/nanite/internal/api/a2a_jsonrpc.go:146:					handleTaskGet						37.5%
github.com/hollis-labs/nanite/internal/api/a2a_jsonrpc.go:179:					handleTaskCancel					86.7%
github.com/hollis-labs/nanite/internal/api/a2a_jsonrpc.go:211:					handleTaskProvideInput					26.1%
github.com/hollis-labs/nanite/internal/api/a2a_jsonrpc.go:254:					unmarshalParams						66.7%
github.com/hollis-labs/nanite/internal/api/a2a_jsonrpc.go:269:					mapTaskErrorToJSONRPC					14.3%
github.com/hollis-labs/nanite/internal/api/a2a_jsonrpc.go:301:					respondJSONRPCSuccess					100.0%
github.com/hollis-labs/nanite/internal/api/a2a_jsonrpc.go:309:					respondJSONRPCError					100.0%
github.com/hollis-labs/nanite/internal/api/agent_builder.go:30:					Draft							95.2%
github.com/hollis-labs/nanite/internal/api/agent_builder.go:110:				Review							62.5%
github.com/hollis-labs/nanite/internal/api/agent_builder.go:156:				SetAgentBuilderAdvisor					0.0%
github.com/hollis-labs/nanite/internal/api/agent_builder.go:160:				handleAgentBuilderDryRun				55.6%
github.com/hollis-labs/nanite/internal/api/agent_builder.go:174:				handleAgentBuilderDraft					50.0%
github.com/hollis-labs/nanite/internal/api/agent_builder.go:195:				handleAgentBuilderReview				50.0%
github.com/hollis-labs/nanite/internal/api/agent_builder.go:216:				agentBuilderDryRun					84.6%
github.com/hollis-labs/nanite/internal/api/agent_builder.go:281:				normalizeAgentBuilderProfile				85.0%
github.com/hollis-labs/nanite/internal/api/agent_builder.go:339:				mergeBuilderProfileInput				55.6%
github.com/hollis-labs/nanite/internal/api/agent_builder.go:450:				builderProfileToStoreAgent				90.9%
github.com/hollis-labs/nanite/internal/api/agent_builder.go:504:				capabilityOperations					75.0%
github.com/hollis-labs/nanite/internal/api/agent_builder.go:549:				buildAgentBuilderLaunchPlanPreview			45.5%
github.com/hollis-labs/nanite/internal/api/agent_builder.go:582:				buildReadyNotificationPreview				82.4%
github.com/hollis-labs/nanite/internal/api/agent_builder.go:641:				draftWarningsForProfile					100.0%
github.com/hollis-labs/nanite/internal/api/agent_builder.go:652:				unsupportedAgentBuilderFields				75.0%
github.com/hollis-labs/nanite/internal/api/agent_builder.go:660:				durableWakePayloadForDryRun				100.0%
github.com/hollis-labs/nanite/internal/api/agent_builder.go:666:				validAgentBuilderMode					66.7%
github.com/hollis-labs/nanite/internal/api/agent_builder.go:675:				deriveBuilderName					83.3%
github.com/hollis-labs/nanite/internal/api/agent_builder.go:685:				summarizeBuilderIntake					100.0%
github.com/hollis-labs/nanite/internal/api/agent_builder.go:689:				truncateWords						100.0%
github.com/hollis-labs/nanite/internal/api/agent_builder.go:699:				slugify							83.3%
github.com/hollis-labs/nanite/internal/api/agent_builder.go:709:				confidenceScore						40.0%
github.com/hollis-labs/nanite/internal/api/agent_builder.go:722:				boolPtr							100.0%
github.com/hollis-labs/nanite/internal/api/agent_builder.go:726:				firstNonEmpty						75.0%
github.com/hollis-labs/nanite/internal/api/agent_builder.go:735:				dedupeStrings						84.6%
github.com/hollis-labs/nanite/internal/api/agent_capabilities.go:11:				handleListAgentKnownTools				75.0%
github.com/hollis-labs/nanite/internal/api/agent_capabilities.go:24:				handleGetAgentKnownTool					66.7%
github.com/hollis-labs/nanite/internal/api/agent_capabilities.go:46:				handleCreateAgentKnownTool				50.0%
github.com/hollis-labs/nanite/internal/api/agent_capabilities.go:91:				handleUpdateAgentKnownTool				51.5%
github.com/hollis-labs/nanite/internal/api/agent_capabilities.go:146:				handleDeleteAgentKnownTool				42.9%
github.com/hollis-labs/nanite/internal/api/agent_capabilities.go:167:				handleListAgentKnownSkills				0.0%
github.com/hollis-labs/nanite/internal/api/agent_capabilities.go:180:				handleGetAgentKnownSkill				66.7%
github.com/hollis-labs/nanite/internal/api/agent_capabilities.go:202:				handleCreateAgentKnownSkill				46.4%
github.com/hollis-labs/nanite/internal/api/agent_capabilities.go:246:				handleUpdateAgentKnownSkill				45.5%
github.com/hollis-labs/nanite/internal/api/agent_capabilities.go:300:				handleDeleteAgentKnownSkill				42.9%
github.com/hollis-labs/nanite/internal/api/agent_capabilities.go:321:				handleListAgentProcedures				0.0%
github.com/hollis-labs/nanite/internal/api/agent_capabilities.go:334:				handleGetAgentProcedure					66.7%
github.com/hollis-labs/nanite/internal/api/agent_capabilities.go:356:				handleCreateAgentProcedure				46.4%
github.com/hollis-labs/nanite/internal/api/agent_capabilities.go:399:				handleUpdateAgentProcedure				43.8%
github.com/hollis-labs/nanite/internal/api/agent_capabilities.go:448:				handleDeleteAgentProcedure				42.9%
github.com/hollis-labs/nanite/internal/api/agent_capabilities.go:469:				handleListAgentKnowledgeSeeds				62.5%
github.com/hollis-labs/nanite/internal/api/agent_capabilities.go:482:				handleGetAgentKnowledgeSeed				66.7%
github.com/hollis-labs/nanite/internal/api/agent_capabilities.go:504:				handleCreateAgentKnowledgeSeed				46.9%
github.com/hollis-labs/nanite/internal/api/agent_capabilities.go:553:				handleUpdateAgentKnowledgeSeed				45.9%
github.com/hollis-labs/nanite/internal/api/agent_capabilities.go:611:				handleDeleteAgentKnowledgeSeed				42.9%
github.com/hollis-labs/nanite/internal/api/agent_capabilities.go:632:				handleMarkAgentKnowledgeSeedApplied			44.4%
github.com/hollis-labs/nanite/internal/api/agent_capabilities.go:658:				requireAgent						77.8%
github.com/hollis-labs/nanite/internal/api/agent_capabilities.go:678:				requireMutableAgent					85.7%
github.com/hollis-labs/nanite/internal/api/agent_capabilities.go:690:				normalizeSeedTags					72.7%
github.com/hollis-labs/nanite/internal/api/agent_context_resolvers.go:22:			handleListAgentContextResolvers				62.5%
github.com/hollis-labs/nanite/internal/api/agent_context_resolvers.go:38:			handleCreateAgentContextResolver			70.0%
github.com/hollis-labs/nanite/internal/api/agent_context_resolvers.go:80:			handleGetAgentContextResolver				64.3%
github.com/hollis-labs/nanite/internal/api/agent_context_resolvers.go:104:			handleUpdateAgentContextResolver			54.0%
github.com/hollis-labs/nanite/internal/api/agent_context_resolvers.go:180:			handleDeleteAgentContextResolver			55.6%
github.com/hollis-labs/nanite/internal/api/agent_tools.go:36:					handleGrantAgentTool					64.3%
github.com/hollis-labs/nanite/internal/api/agent_tools.go:92:					handleRevokeAgentTool					54.5%
github.com/hollis-labs/nanite/internal/api/agents.go:15:					handleListAgents					75.0%
github.com/hollis-labs/nanite/internal/api/agents.go:40:					agentView						88.9%
github.com/hollis-labs/nanite/internal/api/agents.go:61:					handleCreateAgent					67.5%
github.com/hollis-labs/nanite/internal/api/agents.go:181:					ptrOrNilString						100.0%
github.com/hollis-labs/nanite/internal/api/agents.go:192:					handleGetAgent						66.7%
github.com/hollis-labs/nanite/internal/api/agents.go:205:					handleUpdateAgent					59.1%
github.com/hollis-labs/nanite/internal/api/agents.go:379:					writeNotManaged						83.3%
github.com/hollis-labs/nanite/internal/api/agents.go:403:					handleDeleteAgent					40.0%
github.com/hollis-labs/nanite/internal/api/agents.go:427:					handleCopyAgentToManaged				42.9%
github.com/hollis-labs/nanite/internal/api/agents.go:454:					handleListSessionAgents					0.0%
github.com/hollis-labs/nanite/internal/api/agents.go:464:					handleAddSessionAgent					0.0%
github.com/hollis-labs/nanite/internal/api/agents.go:517:					handleRemoveSessionAgent				0.0%
github.com/hollis-labs/nanite/internal/api/agents.go:530:					handleListAgentProjects					66.7%
github.com/hollis-labs/nanite/internal/api/agents.go:540:					handleAddAgentProject					57.9%
github.com/hollis-labs/nanite/internal/api/agents.go:575:					handleRemoveAgentProject				66.7%
github.com/hollis-labs/nanite/internal/api/agents.go:586:					handleListProjectAgents					0.0%
github.com/hollis-labs/nanite/internal/api/api.go:31:						New							100.0%
github.com/hollis-labs/nanite/internal/api/api.go:43:						SetSelfTools						100.0%
github.com/hollis-labs/nanite/internal/api/api.go:50:						SetEmbedderSelectDeps					100.0%
github.com/hollis-labs/nanite/internal/api/api.go:55:						RegisterRoutes						100.0%
github.com/hollis-labs/nanite/internal/api/api.go:529:						jsonResp						100.0%
github.com/hollis-labs/nanite/internal/api/api.go:536:						errorResp						100.0%
github.com/hollis-labs/nanite/internal/api/api.go:541:						decode							100.0%
github.com/hollis-labs/nanite/internal/api/approvals.go:11:					handleRespondApproval					0.0%
github.com/hollis-labs/nanite/internal/api/approvals.go:57:					handleGetPermissionMode					0.0%
github.com/hollis-labs/nanite/internal/api/approvals.go:66:					handleSetPermissionMode					0.0%
github.com/hollis-labs/nanite/internal/api/artifacts.go:24:					artifactsStorageDir					75.0%
github.com/hollis-labs/nanite/internal/api/artifacts.go:47:					sanitizeUploadFilename					86.7%
github.com/hollis-labs/nanite/internal/api/artifacts.go:73:					handleListArtifacts					0.0%
github.com/hollis-labs/nanite/internal/api/artifacts.go:87:					handleDownloadArtifact					57.7%
github.com/hollis-labs/nanite/internal/api/artifacts.go:135:					sanitizeContentDispositionName				100.0%
github.com/hollis-labs/nanite/internal/api/artifacts.go:144:					handleUploadArtifact					58.9%
github.com/hollis-labs/nanite/internal/api/artifacts.go:254:					handlePlaceArtifact					0.0%
github.com/hollis-labs/nanite/internal/api/artifacts.go:305:					handleListArtifactsByOrigin				0.0%
github.com/hollis-labs/nanite/internal/api/artifacts.go:333:					handleListArtifactsByProject				0.0%
github.com/hollis-labs/nanite/internal/api/autocomplete.go:43:					handleAutocompleteFiles					0.0%
github.com/hollis-labs/nanite/internal/api/autocomplete.go:135:					resolveRoot						0.0%
github.com/hollis-labs/nanite/internal/api/autocomplete.go:167:					fuzzyMatch						0.0%
github.com/hollis-labs/nanite/internal/api/bookmarks.go:15:					handleListBookmarks					0.0%
github.com/hollis-labs/nanite/internal/api/bookmarks.go:29:					handleCreateBookmark					0.0%
github.com/hollis-labs/nanite/internal/api/bookmarks.go:60:					handleDeleteBookmark					0.0%
github.com/hollis-labs/nanite/internal/api/bookmarks.go:85:					handleToggleBookmark					0.0%
github.com/hollis-labs/nanite/internal/api/bookmarks.go:145:					handleAutotitleBookmark					0.0%
github.com/hollis-labs/nanite/internal/api/bottom_drawer_cards.go:24:				handleListBottomDrawerCards				0.0%
github.com/hollis-labs/nanite/internal/api/bottom_drawer_cards.go:40:				handlePinBottomDrawerCard				0.0%
github.com/hollis-labs/nanite/internal/api/bottom_drawer_cards.go:73:				handleUnpinBottomDrawerCard				0.0%
github.com/hollis-labs/nanite/internal/api/catalog.go:29:					RegisterCatalogRoutes					0.0%
github.com/hollis-labs/nanite/internal/api/catalog.go:55:					jsonResp						0.0%
github.com/hollis-labs/nanite/internal/api/catalog.go:61:					errorResp						0.0%
github.com/hollis-labs/nanite/internal/api/catalog.go:67:					handleListSources					0.0%
github.com/hollis-labs/nanite/internal/api/catalog.go:76:					handleAddSource						0.0%
github.com/hollis-labs/nanite/internal/api/catalog.go:101:					handleUpdateSource					0.0%
github.com/hollis-labs/nanite/internal/api/catalog.go:142:					handleDeleteSource					0.0%
github.com/hollis-labs/nanite/internal/api/catalog.go:152:					handleSetSourceKey					0.0%
github.com/hollis-labs/nanite/internal/api/catalog.go:190:					handleBrowseCatalog					0.0%
github.com/hollis-labs/nanite/internal/api/catalog.go:241:					handleRefreshCatalog					0.0%
github.com/hollis-labs/nanite/internal/api/catalog.go:248:					handleCatalogInstall					0.0%
github.com/hollis-labs/nanite/internal/api/catalog.go:455:					findSourcePublicKey					0.0%
github.com/hollis-labs/nanite/internal/api/catalog.go:465:					checksumFile						0.0%
github.com/hollis-labs/nanite/internal/api/chat_cancel.go:29:					handleCancelChat					63.6%
github.com/hollis-labs/nanite/internal/api/commands.go:12:					handleListCommands					60.0%
github.com/hollis-labs/nanite/internal/api/commands.go:24:					handleExecuteCommand					0.0%
github.com/hollis-labs/nanite/internal/api/connectors.go:9:					handleListConnectors					0.0%
github.com/hollis-labs/nanite/internal/api/connectors.go:40:					handleCheckConnectorHealth				0.0%
github.com/hollis-labs/nanite/internal/api/consumers.go:20:					handleListConsumers					60.0%
github.com/hollis-labs/nanite/internal/api/consumers.go:31:					handleCreateConsumer					66.7%
github.com/hollis-labs/nanite/internal/api/consumers.go:55:					handleGetConsumer					77.8%
github.com/hollis-labs/nanite/internal/api/consumers.go:71:					handleUpdateConsumer					55.0%
github.com/hollis-labs/nanite/internal/api/consumers.go:109:					handleDeleteConsumer					100.0%
github.com/hollis-labs/nanite/internal/api/context_breakdown.go:39:				handleGetContextBreakdown				0.0%
github.com/hollis-labs/nanite/internal/api/debug_slots.go:23:					handleDebugSlots					0.0%
github.com/hollis-labs/nanite/internal/api/debug_slots.go:98:					stringFromMap						0.0%
github.com/hollis-labs/nanite/internal/api/documents.go:32:					handleListDocuments					0.0%
github.com/hollis-labs/nanite/internal/api/documents.go:46:					handleCreateDocument					0.0%
github.com/hollis-labs/nanite/internal/api/documents.go:75:					handleGetDocument					0.0%
github.com/hollis-labs/nanite/internal/api/documents.go:86:					handleUpdateDocument					0.0%
github.com/hollis-labs/nanite/internal/api/documents.go:124:					handleDeleteDocument					0.0%
github.com/hollis-labs/nanite/internal/api/documents.go:134:					handleGetSessionContextPrompt				0.0%
github.com/hollis-labs/nanite/internal/api/documents.go:145:					handleSetSessionContextPrompt				0.0%
github.com/hollis-labs/nanite/internal/api/durable_agent_recipes.go:11:				handleListDurableAgentRecipes				60.0%
github.com/hollis-labs/nanite/internal/api/durable_agent_recipes.go:20:				handleGetDurableAgentRecipe				75.0%
github.com/hollis-labs/nanite/internal/api/durable_agent_recipes.go:33:				handleDryRunDurableAgentRecipe				50.0%
github.com/hollis-labs/nanite/internal/api/durable_agent_recipes.go:51:				handleApplyDurableAgentRecipe				61.3%
github.com/hollis-labs/nanite/internal/api/durable_agent_recipes.go:99:				durableAgentRecipeRequestToService			100.0%
github.com/hollis-labs/nanite/internal/api/durable_agent_wake.go:16:				handleListDurableAgentDueWake				0.0%
github.com/hollis-labs/nanite/internal/api/durable_agent_wake.go:31:				handleRunDurableAgentDueWake				0.0%
github.com/hollis-labs/nanite/internal/api/durable_agent_wake.go:54:				handleDurableAgentWake					0.0%
github.com/hollis-labs/nanite/internal/api/durable_agent_wake.go:71:				handleListDurableAgentSchedules				0.0%
github.com/hollis-labs/nanite/internal/api/durable_agent_wake.go:80:				handlePauseDurableAgentSchedule				0.0%
github.com/hollis-labs/nanite/internal/api/durable_agent_wake.go:84:				handleResumeDurableAgentSchedule			0.0%
github.com/hollis-labs/nanite/internal/api/durable_agent_wake.go:88:				handleSetDurableAgentScheduleStatus			0.0%
github.com/hollis-labs/nanite/internal/api/durable_agents.go:20:				handleCreateDurableAgent				60.0%
github.com/hollis-labs/nanite/internal/api/durable_agents.go:48:				saveManagedDurableInstance				80.0%
github.com/hollis-labs/nanite/internal/api/durable_agents.go:87:				durableMetadataMap					83.3%
github.com/hollis-labs/nanite/internal/api/durable_agents.go:98:				handleListDurableAgents					0.0%
github.com/hollis-labs/nanite/internal/api/durable_agents.go:108:				handleGetDurableAgent					0.0%
github.com/hollis-labs/nanite/internal/api/durable_agents.go:121:				handleUpdateDurableAgent				51.9%
github.com/hollis-labs/nanite/internal/api/durable_agents.go:160:				handleArchiveDurableAgent				50.0%
github.com/hollis-labs/nanite/internal/api/durable_agents.go:178:				handleListDurableAgentEvents				88.2%
github.com/hollis-labs/nanite/internal/api/durable_agents.go:203:				handleDurableAgentStartRequest				100.0%
github.com/hollis-labs/nanite/internal/api/durable_agents.go:207:				handleDurableAgentLaunchPlan				63.6%
github.com/hollis-labs/nanite/internal/api/durable_agents.go:226:				handleDurableAgentStart					66.7%
github.com/hollis-labs/nanite/internal/api/durable_agents.go:239:				handleDurableAgentResume				66.7%
github.com/hollis-labs/nanite/internal/api/durable_agents.go:252:				handleDurableAgentStopRequest				100.0%
github.com/hollis-labs/nanite/internal/api/durable_agents.go:256:				handleDurableAgentPauseRequest				100.0%
github.com/hollis-labs/nanite/internal/api/durable_agents.go:260:				handleDurableAgentResumeRequest				100.0%
github.com/hollis-labs/nanite/internal/api/durable_agents.go:264:				handleDurableAgentLifecycleRequest			60.0%
github.com/hollis-labs/nanite/internal/api/durable_agents.go:299:				handleAttachDurableAgentSession				45.5%
github.com/hollis-labs/nanite/internal/api/durable_agents.go:316:				handleListDurableAgentSessions				60.0%
github.com/hollis-labs/nanite/internal/api/durable_agents.go:325:				writeDurableAgentLaunchResult				38.5%
github.com/hollis-labs/nanite/internal/api/durable_agents.go:345:				durableAgentWakePayloadFromRequest			100.0%
github.com/hollis-labs/nanite/internal/api/envelopes.go:27:					handleEnvelopeRespond					66.2%
github.com/hollis-labs/nanite/internal/api/envelopes.go:175:					injectEnvelopePriorResponses				45.5%
github.com/hollis-labs/nanite/internal/api/envelopes.go:246:					buildEnvelopeLookup					21.4%
github.com/hollis-labs/nanite/internal/api/envelopes.go:306:					extractSessionID					83.3%
github.com/hollis-labs/nanite/internal/api/example_task_updates.go:35:				handleExampleTaskUpdate					77.8%
github.com/hollis-labs/nanite/internal/api/execution_metrics.go:8:				handleGetSessionExecutionMetrics			0.0%
github.com/hollis-labs/nanite/internal/api/execution_metrics.go:18:				handleGetRecentExecutionMetrics				0.0%
github.com/hollis-labs/nanite/internal/api/execution_metrics.go:33:				handleGetUtilityCallSummary				0.0%
github.com/hollis-labs/nanite/internal/api/execution_metrics.go:42:				handleGetUtilityCallLog					0.0%
github.com/hollis-labs/nanite/internal/api/frontend_readiness.go:95:				handleStartSurfaceCapabilities				52.4%
github.com/hollis-labs/nanite/internal/api/frontend_readiness.go:140:				nonNilSlice						66.7%
github.com/hollis-labs/nanite/internal/api/frontend_readiness.go:147:				handleGetSessionDetails					66.7%
github.com/hollis-labs/nanite/internal/api/frontend_readiness.go:157:				sessionDetails						96.2%
github.com/hollis-labs/nanite/internal/api/frontend_readiness.go:224:				haltDetailFromStore					87.5%
github.com/hollis-labs/nanite/internal/api/frontend_readiness.go:238:				normalizeRuntimeState					33.3%
github.com/hollis-labs/nanite/internal/api/frontend_readiness.go:253:				deriveSessionActivityState				57.9%
github.com/hollis-labs/nanite/internal/api/frontend_readiness.go:287:				formatRuntimeTime					66.7%
github.com/hollis-labs/nanite/internal/api/frontend_readiness.go:294:				laterTimestamp						63.6%
github.com/hollis-labs/nanite/internal/api/frontend_readiness.go:312:				providersForStartSurface				75.0%
github.com/hollis-labs/nanite/internal/api/frontend_readiness.go:320:				modelsForStartSurface					75.0%
github.com/hollis-labs/nanite/internal/api/frontend_readiness.go:332:				inferBootSource						40.0%
github.com/hollis-labs/nanite/internal/api/frontend_readiness.go:345:				lifecycleClassOptions					100.0%
github.com/hollis-labs/nanite/internal/api/frontend_readiness.go:354:				durableStatusOptions					100.0%
github.com/hollis-labs/nanite/internal/api/frontend_readiness.go:369:				launchSourceOptions					100.0%
github.com/hollis-labs/nanite/internal/api/frontend_readiness.go:380:				attachmentRelationOptions				100.0%
github.com/hollis-labs/nanite/internal/api/frontend_readiness.go:392:				runtimeKindOptions					100.0%
github.com/hollis-labs/nanite/internal/api/frontend_readiness.go:404:				recipeKindOptions					100.0%
github.com/hollis-labs/nanite/internal/api/frontend_readiness.go:415:				wakeReasonOptions					100.0%
github.com/hollis-labs/nanite/internal/api/frontend_readiness.go:426:				sessionPolicyOptions					100.0%
github.com/hollis-labs/nanite/internal/api/harness_v1.go:136:					handleHarnessV1Initialize				100.0%
github.com/hollis-labs/nanite/internal/api/harness_v1.go:155:					handleHarnessV1Capabilities				100.0%
github.com/hollis-labs/nanite/internal/api/harness_v1.go:196:					handleHarnessV1CreateSession				60.9%
github.com/hollis-labs/nanite/internal/api/harness_v1.go:276:					handleHarnessV1GetSession				60.0%
github.com/hollis-labs/nanite/internal/api/harness_v1.go:290:					handleHarnessV1SendTurn					60.9%
github.com/hollis-labs/nanite/internal/api/harness_v1.go:331:					handleHarnessV1CancelTurn				75.0%
github.com/hollis-labs/nanite/internal/api/harness_v1.go:351:					handleHarnessV1RecoverSession				50.0%
github.com/hollis-labs/nanite/internal/api/harness_v1.go:382:					handleHarnessV1SessionEvents				66.7%
github.com/hollis-labs/nanite/internal/api/harness_v1.go:392:					handleHarnessV1ListDurableAgents			0.0%
github.com/hollis-labs/nanite/internal/api/harness_v1.go:402:					handleHarnessV1GetDurableAgent				0.0%
github.com/hollis-labs/nanite/internal/api/harness_v1.go:411:					handleHarnessV1DurableStart				66.7%
github.com/hollis-labs/nanite/internal/api/harness_v1.go:424:					handleHarnessV1DurableResume				66.7%
github.com/hollis-labs/nanite/internal/api/harness_v1.go:437:					handleHarnessV1DurableWake				55.6%
github.com/hollis-labs/nanite/internal/api/harness_v1.go:454:					harnessV1App						100.0%
github.com/hollis-labs/nanite/internal/api/harness_v1.go:462:					harnessV1Operations					100.0%
github.com/hollis-labs/nanite/internal/api/harness_v1.go:481:					harnessV1Routes						100.0%
github.com/hollis-labs/nanite/internal/api/harness_v1.go:495:					harnessV1PermissionSupportInfo				100.0%
github.com/hollis-labs/nanite/internal/api/harness_v1.go:506:					harnessV1SessionActivityOptions				100.0%
github.com/hollis-labs/nanite/internal/api/harness_v1.go:519:					harnessV1EventTypes					100.0%
github.com/hollis-labs/nanite/internal/api/harness_v1.go:540:					harnessV1EventTypeValues				100.0%
github.com/hollis-labs/nanite/internal/api/harness_v1.go:549:					harnessV1SessionRoutesForSession			100.0%
github.com/hollis-labs/nanite/internal/api/inspector.go:24:					handleInspectorListTurns				0.0%
github.com/hollis-labs/nanite/internal/api/inspector.go:67:					handleInspectorGetTurn					0.0%
github.com/hollis-labs/nanite/internal/api/keybindings.go:9:					handleListKeybindings					0.0%
github.com/hollis-labs/nanite/internal/api/loom_curator_wake.go:86:				handleLoomCuratorWake					74.1%
github.com/hollis-labs/nanite/internal/api/loom_curator_wake.go:154:				buildLoomCuratorWakePrompt				100.0%
github.com/hollis-labs/nanite/internal/api/mcp_servers.go:17:					handleListMCPServers					0.0%
github.com/hollis-labs/nanite/internal/api/mcp_servers.go:28:					handleCreateMCPServer					0.0%
github.com/hollis-labs/nanite/internal/api/mcp_servers.go:73:					handleUpdateMCPServer					0.0%
github.com/hollis-labs/nanite/internal/api/mcp_servers.go:121:					handleDeleteMCPServer					0.0%
github.com/hollis-labs/nanite/internal/api/mcp_servers.go:139:					handleImportMCPServers					0.0%
github.com/hollis-labs/nanite/internal/api/mcp_servers.go:170:					handleExportMCPServers					0.0%
github.com/hollis-labs/nanite/internal/api/mcp_servers.go:190:					registerMCPTransport					0.0%
github.com/hollis-labs/nanite/internal/api/memories.go:14:					memoryKeyEncode						0.0%
github.com/hollis-labs/nanite/internal/api/memories.go:20:					memoryKeyDecode						0.0%
github.com/hollis-labs/nanite/internal/api/memories.go:34:					handleListMemories					0.0%
github.com/hollis-labs/nanite/internal/api/memories.go:169:					handleCreateMemory					0.0%
github.com/hollis-labs/nanite/internal/api/memories.go:267:					handleUpdateMemory					0.0%
github.com/hollis-labs/nanite/internal/api/memories.go:341:					handleDeleteMemory					0.0%
github.com/hollis-labs/nanite/internal/api/memories.go:386:					handleUpdateMemoryStatus				0.0%
github.com/hollis-labs/nanite/internal/api/memories.go:471:					derivedKey						0.0%
github.com/hollis-labs/nanite/internal/api/messages.go:14:					handleSendMessage					0.0%
github.com/hollis-labs/nanite/internal/api/messages.go:50:					handleAgentMessage					0.0%
github.com/hollis-labs/nanite/internal/api/messages.go:75:					handleDelegateTask					0.0%
github.com/hollis-labs/nanite/internal/api/messages.go:108:					handleDelegateAndAggregate				0.0%
github.com/hollis-labs/nanite/internal/api/messages.go:139:					handleRetryStream					0.0%
github.com/hollis-labs/nanite/internal/api/messages.go:158:					handleStream						0.0%
github.com/hollis-labs/nanite/internal/api/messages.go:163:					streamMessageEvents					51.8%
github.com/hollis-labs/nanite/internal/api/messaging.go:15:					messagingStatus						42.9%
github.com/hollis-labs/nanite/internal/api/messaging.go:41:					resolveCaller						66.7%
github.com/hollis-labs/nanite/internal/api/messaging.go:56:					handleMessageInbox					83.3%
github.com/hollis-labs/nanite/internal/api/messaging.go:85:					handleMessageThread					0.0%
github.com/hollis-labs/nanite/internal/api/messaging.go:111:					handleMessageSend					0.0%
github.com/hollis-labs/nanite/internal/api/messaging.go:140:					handleMessageAck					0.0%
github.com/hollis-labs/nanite/internal/api/messaging.go:172:					handleMessageResolve					0.0%
github.com/hollis-labs/nanite/internal/api/messaging.go:208:					handleMessageUnreadCount				80.0%
github.com/hollis-labs/nanite/internal/api/messaging.go:226:					handleHandoffRequest					0.0%
github.com/hollis-labs/nanite/internal/api/messaging.go:246:					handleHandoffApprove					0.0%
github.com/hollis-labs/nanite/internal/api/messaging.go:260:					handleHandoffReject					0.0%
github.com/hollis-labs/nanite/internal/api/messaging.go:284:					handleMessageRecent					0.0%
github.com/hollis-labs/nanite/internal/api/pins.go:13:						handleListPins						0.0%
github.com/hollis-labs/nanite/internal/api/pins.go:28:						handleDeletePin						0.0%
github.com/hollis-labs/nanite/internal/api/pins.go:47:						handleUpdatePinScope					0.0%
github.com/hollis-labs/nanite/internal/api/plans.go:10:						handleListPlans						0.0%
github.com/hollis-labs/nanite/internal/api/plans.go:25:						handleCreatePlan					0.0%
github.com/hollis-labs/nanite/internal/api/plans.go:39:						handleGetPlan						0.0%
github.com/hollis-labs/nanite/internal/api/plans.go:48:						handleUpdatePlan					0.0%
github.com/hollis-labs/nanite/internal/api/plans.go:63:						handleUpdatePlanStep					0.0%
github.com/hollis-labs/nanite/internal/api/plans.go:83:						handleDeletePlan					0.0%
github.com/hollis-labs/nanite/internal/api/plans.go:92:						handleApprovePlan					0.0%
github.com/hollis-labs/nanite/internal/api/plugin_config.go:13:					pluginSecretKeyName					0.0%
github.com/hollis-labs/nanite/internal/api/plugin_config.go:18:					secretFieldKeys						0.0%
github.com/hollis-labs/nanite/internal/api/plugin_config.go:28:					handleGetPluginConfig					0.0%
github.com/hollis-labs/nanite/internal/api/plugin_config.go:56:					handleUpdatePluginConfig				0.0%
github.com/hollis-labs/nanite/internal/api/plugin_config.go:133:				handleListPluginSettings				0.0%
github.com/hollis-labs/nanite/internal/api/plugins.go:90:					RegisterPluginManagementRoutes				0.0%
github.com/hollis-labs/nanite/internal/api/plugins.go:137:					jsonResp						100.0%
github.com/hollis-labs/nanite/internal/api/plugins.go:147:					errorResp						100.0%
github.com/hollis-labs/nanite/internal/api/plugins.go:153:					handleListManaged					0.0%
github.com/hollis-labs/nanite/internal/api/plugins.go:279:					installedPluginTrustTier				0.0%
github.com/hollis-labs/nanite/internal/api/plugins.go:286:					collectSkippedRegistrations				0.0%
github.com/hollis-labs/nanite/internal/api/plugins.go:317:					handleInstall						24.2%
github.com/hollis-labs/nanite/internal/api/plugins.go:386:					handleInstallLocal					67.6%
github.com/hollis-labs/nanite/internal/api/plugins.go:456:					handleInstallArchive					53.7%
github.com/hollis-labs/nanite/internal/api/plugins.go:571:					handleUninstall						0.0%
github.com/hollis-labs/nanite/internal/api/plugins.go:623:					handleDisable						0.0%
github.com/hollis-labs/nanite/internal/api/plugins.go:660:					handleEnable						0.0%
github.com/hollis-labs/nanite/internal/api/plugins.go:701:					handleReload						0.0%
github.com/hollis-labs/nanite/internal/api/plugins.go:759:					fileExists						100.0%
github.com/hollis-labs/nanite/internal/api/plugins.go:776:					runPluginUninstallCleanup				0.0%
github.com/hollis-labs/nanite/internal/api/plugins.go:801:					unloadPluginFromHost					55.6%
github.com/hollis-labs/nanite/internal/api/plugins.go:839:					runPluginLoadIntoHost					39.6%
github.com/hollis-labs/nanite/internal/api/plugins.go:937:					copyDir							70.6%
github.com/hollis-labs/nanite/internal/api/plugins.go:968:					copyFile						76.9%
github.com/hollis-labs/nanite/internal/api/plugins.go:997:					extractTarGz						76.1%
github.com/hollis-labs/nanite/internal/api/plugins.go:1083:					extractZip						59.5%
github.com/hollis-labs/nanite/internal/api/plugins_events.go:42:				registerPluginsEventsRoute				100.0%
github.com/hollis-labs/nanite/internal/api/plugins_events.go:48:				handlePluginsEvents					76.5%
github.com/hollis-labs/nanite/internal/api/plugins_registry.go:88:				registerPluginsRegistryRoute				75.0%
github.com/hollis-labs/nanite/internal/api/plugins_registry.go:105:				serve							82.6%
github.com/hollis-labs/nanite/internal/api/plugins_registry.go:147:				buildRegistryResponse					91.2%
github.com/hollis-labs/nanite/internal/api/plugins_registry.go:250:				buildUIURL						100.0%
github.com/hollis-labs/nanite/internal/api/presence.go:9:					handlePresenceStream					0.0%
github.com/hollis-labs/nanite/internal/api/processes.go:10:					handleProcessHealth					0.0%
github.com/hollis-labs/nanite/internal/api/processes.go:27:					handleKillStaleProcesses				0.0%
github.com/hollis-labs/nanite/internal/api/projects.go:16:					handleListProjects					60.0%
github.com/hollis-labs/nanite/internal/api/projects.go:25:					handleCreateProject					50.0%
github.com/hollis-labs/nanite/internal/api/projects.go:49:					handleUpdateProject					56.5%
github.com/hollis-labs/nanite/internal/api/projects.go:87:					handleDeleteProject					50.0%
github.com/hollis-labs/nanite/internal/api/provider_manage.go:15:				handleUpdateProvider					0.0%
github.com/hollis-labs/nanite/internal/api/provider_manage.go:38:				handleSetProviderAPIKey					0.0%
github.com/hollis-labs/nanite/internal/api/provider_manage.go:65:				handleGetProviderStatus					0.0%
github.com/hollis-labs/nanite/internal/api/provider_manage.go:95:				handleDetectCLI						0.0%
github.com/hollis-labs/nanite/internal/api/provider_manage.go:145:				handleGetAllProviderStatuses				0.0%
github.com/hollis-labs/nanite/internal/api/provider_manage.go:181:				isExecutable						0.0%
github.com/hollis-labs/nanite/internal/api/providers.go:31:					handleListProviders					71.4%
github.com/hollis-labs/nanite/internal/api/providers.go:52:					mergeCatalogAndDBProviders				93.3%
github.com/hollis-labs/nanite/internal/api/providers.go:82:					catalogProviderRow					100.0%
github.com/hollis-labs/nanite/internal/api/providers.go:94:					handleListModels					0.0%
github.com/hollis-labs/nanite/internal/api/providers.go:105:					visibleProviderRows					100.0%
github.com/hollis-labs/nanite/internal/api/providers.go:116:					visibleModelRows					50.0%
github.com/hollis-labs/nanite/internal/api/providers.go:127:					isHiddenPTYProviderType					100.0%
github.com/hollis-labs/nanite/internal/api/recovery.go:35:					handleCancelRecoveryRetry				77.8%
github.com/hollis-labs/nanite/internal/api/reflexes.go:13:					handleListPendingReflexes				60.0%
github.com/hollis-labs/nanite/internal/api/reflexes.go:22:					handleApprovePendingReflex				50.0%
github.com/hollis-labs/nanite/internal/api/reflexes.go:39:					handleRejectPendingReflex				0.0%
github.com/hollis-labs/nanite/internal/api/reflexes.go:57:					handleListAgentReflexes					62.5%
github.com/hollis-labs/nanite/internal/api/reflexes.go:70:					handleCreateAgentReflex					56.5%
github.com/hollis-labs/nanite/internal/api/reflexes.go:129:					handlePatchAgentReflex					47.2%
github.com/hollis-labs/nanite/internal/api/reflexes.go:215:					handleDeleteAgentReflex					44.4%
github.com/hollis-labs/nanite/internal/api/reflexes.go:241:					handleValidateReflex					71.4%
github.com/hollis-labs/nanite/internal/api/reflexes.go:299:					validateReflexDefinition				62.2%
github.com/hollis-labs/nanite/internal/api/reflexes.go:373:					evaluatesSimpleReflex					68.8%
github.com/hollis-labs/nanite/internal/api/reflexes.go:403:					stateSource						66.7%
github.com/hollis-labs/nanite/internal/api/reflexes.go:410:					messageCount						75.0%
github.com/hollis-labs/nanite/internal/api/reminders.go:18:					handleListReminders					0.0%
github.com/hollis-labs/nanite/internal/api/reminders.go:32:					handleDeleteReminder					0.0%
github.com/hollis-labs/nanite/internal/api/reminders.go:51:					handleUpdateReminderScope				0.0%
github.com/hollis-labs/nanite/internal/api/roles.go:16:						handleListRoles						60.0%
github.com/hollis-labs/nanite/internal/api/roles.go:27:						handleCreateRole					83.3%
github.com/hollis-labs/nanite/internal/api/roles.go:58:						handleGetRole						77.8%
github.com/hollis-labs/nanite/internal/api/roles.go:74:						handleUpdateRole					55.9%
github.com/hollis-labs/nanite/internal/api/roles.go:130:					handleDeleteRole					60.0%
github.com/hollis-labs/nanite/internal/api/schedules.go:138:					validateScheduleKind					100.0%
github.com/hollis-labs/nanite/internal/api/schedules.go:160:					validateCronSpec					83.3%
github.com/hollis-labs/nanite/internal/api/schedules.go:171:					validateJobType						66.7%
github.com/hollis-labs/nanite/internal/api/schedules.go:191:					validateJobPayload					80.0%
github.com/hollis-labs/nanite/internal/api/schedules.go:201:					validateOnFailPolicy					66.7%
github.com/hollis-labs/nanite/internal/api/schedules.go:211:					validateScheduleStatus					66.7%
github.com/hollis-labs/nanite/internal/api/schedules.go:221:					validateExpiresAt					0.0%
github.com/hollis-labs/nanite/internal/api/schedules.go:238:					handleListSchedules					77.8%
github.com/hollis-labs/nanite/internal/api/schedules.go:259:					handleGetSchedule					77.8%
github.com/hollis-labs/nanite/internal/api/schedules.go:278:					handleCreateSchedule					59.3%
github.com/hollis-labs/nanite/internal/api/schedules.go:439:					handlePatchSchedule					48.6%
github.com/hollis-labs/nanite/internal/api/schedules.go:558:					handleDeleteSchedule					75.0%
github.com/hollis-labs/nanite/internal/api/schedules.go:587:					handleScheduleEngineStatus				100.0%
github.com/hollis-labs/nanite/internal/api/search.go:10:					handleSearchMessages					0.0%
github.com/hollis-labs/nanite/internal/api/sessions.go:21:					handleListSessions					71.4%
github.com/hollis-labs/nanite/internal/api/sessions.go:33:					handleCreateSession					63.6%
github.com/hollis-labs/nanite/internal/api/sessions.go:94:					handleForkSession					0.0%
github.com/hollis-labs/nanite/internal/api/sessions.go:117:					handleGetSession					66.7%
github.com/hollis-labs/nanite/internal/api/sessions.go:173:					detectInterruptedTurn					76.9%
github.com/hollis-labs/nanite/internal/api/sessions.go:224:					logInterruptedTurnDetected				75.0%
github.com/hollis-labs/nanite/internal/api/sessions.go:245:					handleUpdateSession					41.0%
github.com/hollis-labs/nanite/internal/api/sessions.go:312:					handleDeleteSession					0.0%
github.com/hollis-labs/nanite/internal/api/sessions.go:364:					handleRebootSessionAgent				72.2%
github.com/hollis-labs/nanite/internal/api/sessions.go:399:					handleRecoverSession					0.0%
github.com/hollis-labs/nanite/internal/api/sessions.go:434:					handleCompactSession					73.6%
github.com/hollis-labs/nanite/internal/api/sessions.go:542:					handleListSessionMessages				0.0%
github.com/hollis-labs/nanite/internal/api/sessions.go:596:					handleListSessionPluginEnvelopes			76.5%
github.com/hollis-labs/nanite/internal/api/settings.go:12:					handleGetSettings					57.1%
github.com/hollis-labs/nanite/internal/api/settings.go:40:					computeEmbeddingStatus					100.0%
github.com/hollis-labs/nanite/internal/api/settings.go:51:					handleEmbeddingProviders				100.0%
github.com/hollis-labs/nanite/internal/api/settings.go:63:					handleUpdateSettings					35.2%
github.com/hollis-labs/nanite/internal/api/shell.go:20:						handleGetShellMode					0.0%
github.com/hollis-labs/nanite/internal/api/shell.go:27:						handleSetShellMode					0.0%
github.com/hollis-labs/nanite/internal/api/shell.go:50:						handleShellExec						0.0%
github.com/hollis-labs/nanite/internal/api/shell.go:144:					handleShellCheck					0.0%
github.com/hollis-labs/nanite/internal/api/shell.go:169:					handleShellInfo						0.0%
github.com/hollis-labs/nanite/internal/api/shell.go:205:					sessionShellMode					0.0%
github.com/hollis-labs/nanite/internal/api/shell.go:221:					setSessionMetadataField					0.0%
github.com/hollis-labs/nanite/internal/api/shell.go:245:					resolveShellWorkDir					0.0%
github.com/hollis-labs/nanite/internal/api/shell.go:262:					fallbackHomeDir						0.0%
github.com/hollis-labs/nanite/internal/api/shell.go:271:					resolveShell						0.0%
github.com/hollis-labs/nanite/internal/api/skills.go:16:					devModeEnabled						0.0%
github.com/hollis-labs/nanite/internal/api/skills.go:30:					envDevModeOn						0.0%
github.com/hollis-labs/nanite/internal/api/skills.go:39:					handleListSkills					0.0%
github.com/hollis-labs/nanite/internal/api/skills.go:55:					handleCreateSkill					0.0%
github.com/hollis-labs/nanite/internal/api/skills.go:83:					handleGetSkill						0.0%
github.com/hollis-labs/nanite/internal/api/skills.go:97:					handleUpdateSkill					0.0%
github.com/hollis-labs/nanite/internal/api/skills.go:148:					handleDeleteSkill					0.0%
github.com/hollis-labs/nanite/internal/api/skills.go:157:					handleListAgentSkills					0.0%
github.com/hollis-labs/nanite/internal/api/skills.go:167:					handleAssignAgentSkill					30.4%
github.com/hollis-labs/nanite/internal/api/skills.go:211:					handleRemoveAgentSkill					0.0%
github.com/hollis-labs/nanite/internal/api/skills.go:225:					handleGetDevMode					0.0%
github.com/hollis-labs/nanite/internal/api/skills.go:248:					handleForkSkillToUser					0.0%
github.com/hollis-labs/nanite/internal/api/sse.go:22:						clearSSEWriteDeadline					100.0%
github.com/hollis-labs/nanite/internal/api/tasks.go:9:						handleListTasks						0.0%
github.com/hollis-labs/nanite/internal/api/tasks.go:53:						handleCreateTask					0.0%
github.com/hollis-labs/nanite/internal/api/tasks.go:80:						handleGetTask						0.0%
github.com/hollis-labs/nanite/internal/api/tasks.go:94:						handleUpdateTask					0.0%
github.com/hollis-labs/nanite/internal/api/tasks.go:136:					handleTransitionTask					0.0%
github.com/hollis-labs/nanite/internal/api/tasks.go:161:					handleAssignTask					0.0%
github.com/hollis-labs/nanite/internal/api/tasks.go:182:					handleListSessionTasks					0.0%
github.com/hollis-labs/nanite/internal/api/team_runs.go:130:					handleLaunchTeam					100.0%
github.com/hollis-labs/nanite/internal/api/teams.go:130:					validateTeamDefinition					100.0%
github.com/hollis-labs/nanite/internal/api/teams.go:181:					handleListTeams						60.0%
github.com/hollis-labs/nanite/internal/api/teams.go:193:					handleGetTeam						77.8%
github.com/hollis-labs/nanite/internal/api/teams.go:215:					handleCreateTeam					83.3%
github.com/hollis-labs/nanite/internal/api/teams.go:250:					handlePatchTeam						61.5%
github.com/hollis-labs/nanite/internal/api/teams.go:314:					handleDeleteTeam					75.0%
github.com/hollis-labs/nanite/internal/api/todos.go:10:						handleListTodos						0.0%
github.com/hollis-labs/nanite/internal/api/todos.go:38:						handleUpdateTodoScope					0.0%
github.com/hollis-labs/nanite/internal/api/todos.go:53:						handleCreateTodo					0.0%
github.com/hollis-labs/nanite/internal/api/todos.go:67:						handleGetTodo						0.0%
github.com/hollis-labs/nanite/internal/api/todos.go:76:						handleUpdateTodo					0.0%
github.com/hollis-labs/nanite/internal/api/todos.go:91:						handleDeleteTodo					0.0%
github.com/hollis-labs/nanite/internal/api/todos.go:100:					handleListTodoChildren					0.0%
github.com/hollis-labs/nanite/internal/api/tools.go:11:						handleListTools						0.0%
github.com/hollis-labs/nanite/internal/api/tools.go:37:						handleListToolServers					0.0%
github.com/hollis-labs/nanite/internal/api/tools.go:49:						handleSelectTools					0.0%
github.com/hollis-labs/nanite/internal/api/tools.go:77:						handleRefreshTools					0.0%
github.com/hollis-labs/nanite/internal/api/tools.go:114:					handleListAgentTools					90.0%
github.com/hollis-labs/nanite/internal/api/tools.go:165:					handleGetToolLoadPreferences				0.0%
github.com/hollis-labs/nanite/internal/api/tools.go:184:					handleUpdateToolLoadPreferences				0.0%
github.com/hollis-labs/nanite/internal/api/tools.go:227:					handleListToolsWithLoadType				0.0%
github.com/hollis-labs/nanite/internal/api/tools_call.go:52:					handleSelfToolCall					83.3%
github.com/hollis-labs/nanite/internal/api/tools_call.go:127:					extractEnvelopeMarker					87.5%
github.com/hollis-labs/nanite/internal/api/tools_call.go:145:					isLoopbackRequest					80.0%
github.com/hollis-labs/nanite/internal/api/usage.go:5:						handleGetSessionUsage					0.0%
github.com/hollis-labs/nanite/internal/api/usage.go:16:						handleGetUsageSummary					0.0%
github.com/hollis-labs/nanite/internal/api/work.go:36:						handleSyncWork						0.0%
github.com/hollis-labs/nanite/internal/api/workers.go:7:					handleListWorkers					0.0%
github.com/hollis-labs/nanite/internal/api/workers.go:21:					handleCancelWorker					0.0%
github.com/hollis-labs/nanite/internal/api/workflows.go:17:					handleListWorkflowRuns					0.0%
github.com/hollis-labs/nanite/internal/api/workflows.go:36:					handleGetWorkflowRun					0.0%
github.com/hollis-labs/nanite/internal/api/workflows.go:56:					handleCancelWorkflowRun					0.0%
github.com/hollis-labs/nanite/internal/api/workflows.go:78:					handleRunWorkflow					0.0%
github.com/hollis-labs/nanite/internal/api/workflows.go:141:					handleWorkflowEvents					0.0%
github.com/hollis-labs/nanite/internal/assets/framework.go:23:					Version							75.0%
github.com/hollis-labs/nanite/internal/assets/framework.go:33:					File							100.0%
github.com/hollis-labs/nanite/internal/assets/framework.go:57:					ExtractTo						83.3%
github.com/hollis-labs/nanite/internal/background/messaging.go:35:				completionSubject					100.0%
github.com/hollis-labs/nanite/internal/background/messaging.go:42:				completionBody						71.4%
github.com/hollis-labs/nanite/internal/background/messaging.go:64:				postCompletionEnvelope					58.3%
github.com/hollis-labs/nanite/internal/background/pty.go:54:					defaultCommandFactory					100.0%
github.com/hollis-labs/nanite/internal/background/pty.go:98:					NewPTYBackend						100.0%
github.com/hollis-labs/nanite/internal/background/pty.go:106:					newPTYBackendForTest					0.0%
github.com/hollis-labs/nanite/internal/background/pty.go:116:					Start							82.5%
github.com/hollis-labs/nanite/internal/background/pty.go:223:					Status							83.3%
github.com/hollis-labs/nanite/internal/background/pty.go:238:					Cancel							94.4%
github.com/hollis-labs/nanite/internal/background/pty.go:279:					drainPipes						90.6%
github.com/hollis-labs/nanite/internal/background/pty.go:340:					classifyExit						87.5%
github.com/hollis-labs/nanite/internal/background/pty.go:367:					killProcessGroup					66.7%
github.com/hollis-labs/nanite/internal/background/service.go:67:				NewService						100.0%
github.com/hollis-labs/nanite/internal/background/service.go:83:				Submit							100.0%
github.com/hollis-labs/nanite/internal/background/service.go:147:				Status							100.0%
github.com/hollis-labs/nanite/internal/background/service.go:161:				Result							88.9%
github.com/hollis-labs/nanite/internal/background/service.go:186:				Cancel							66.7%
github.com/hollis-labs/nanite/internal/background/service.go:203:				onBackendComplete					88.0%
github.com/hollis-labs/nanite/internal/background/types.go:65:					IsTerminal						100.0%
github.com/hollis-labs/nanite/internal/builders/agent_builder.go:15:				nameToSlug						100.0%
github.com/hollis-labs/nanite/internal/builders/agent_builder.go:37:				NewAgentBuilder						84.0%
github.com/hollis-labs/nanite/internal/builders/builder.go:33:					StepByName						75.0%
github.com/hollis-labs/nanite/internal/builders/builder.go:43:					NextStep						75.0%
github.com/hollis-labs/nanite/internal/builders/builder.go:53:					FirstStep						66.7%
github.com/hollis-labs/nanite/internal/builders/builder.go:61:					IsLastStep						66.7%
github.com/hollis-labs/nanite/internal/builders/builder.go:70:					ValidateStep						90.0%
github.com/hollis-labs/nanite/internal/builders/registry.go:19:					NewRegistry						100.0%
github.com/hollis-labs/nanite/internal/builders/registry.go:28:					Register						83.3%
github.com/hollis-labs/nanite/internal/builders/registry.go:40:					Get							100.0%
github.com/hollis-labs/nanite/internal/builders/registry.go:47:					Store							0.0%
github.com/hollis-labs/nanite/internal/builders/registry.go:52:					ListBuilders						100.0%
github.com/hollis-labs/nanite/internal/builders/registry.go:65:					DefaultRegistry						100.0%
github.com/hollis-labs/nanite/internal/builders/skill_builder.go:11:				NewSkillBuilder						86.4%
github.com/hollis-labs/nanite/internal/builders/tools.go:25:					NewSessionManager					100.0%
github.com/hollis-labs/nanite/internal/builders/tools.go:32:					Get							100.0%
github.com/hollis-labs/nanite/internal/builders/tools.go:39:					Set							100.0%
github.com/hollis-labs/nanite/internal/builders/tools.go:46:					Delete							100.0%
github.com/hollis-labs/nanite/internal/builders/tools.go:76:					HandleStartBuilder					93.3%
github.com/hollis-labs/nanite/internal/builders/tools.go:117:					HandleBuilderStep					78.0%
github.com/hollis-labs/nanite/internal/chat/activity.go:54:					NewActivityEmitter					100.0%
github.com/hollis-labs/nanite/internal/chat/activity.go:72:					Emit							81.8%
github.com/hollis-labs/nanite/internal/chat/activity.go:108:					EmitSessionCreated					100.0%
github.com/hollis-labs/nanite/internal/chat/activity.go:118:					EmitSessionEnded					100.0%
github.com/hollis-labs/nanite/internal/chat/activity.go:128:					EmitSessionStart					100.0%
github.com/hollis-labs/nanite/internal/chat/activity.go:140:					EmitAgentAssigned					100.0%
github.com/hollis-labs/nanite/internal/chat/activity.go:152:					EmitResponseComplete					100.0%
github.com/hollis-labs/nanite/internal/chat/activity.go:164:					EmitToolCall						100.0%
github.com/hollis-labs/nanite/internal/chat/activity.go:179:					EmitRateLimitHit					100.0%
github.com/hollis-labs/nanite/internal/chat/activity.go:190:					EmitCircuitBreakerTripped				100.0%
github.com/hollis-labs/nanite/internal/chat/activity.go:201:					EmitContextBudgetExceeded				100.0%
github.com/hollis-labs/nanite/internal/chat/activity.go:212:					EmitPreCompact						0.0%
github.com/hollis-labs/nanite/internal/chat/activity.go:226:					EmitError						100.0%
github.com/hollis-labs/nanite/internal/chat/auto_recall_settings.go:58:				ResolveAutoRecallConfig					100.0%
github.com/hollis-labs/nanite/internal/chat/commands.go:58:					NewCommandRegistry					100.0%
github.com/hollis-labs/nanite/internal/chat/commands.go:127:					handleHelp						100.0%
github.com/hollis-labs/nanite/internal/chat/commands.go:160:					Register						100.0%
github.com/hollis-labs/nanite/internal/chat/commands.go:175:					RegisterPluginCommand					87.5%
github.com/hollis-labs/nanite/internal/chat/commands.go:228:					RemoveByPlugin						0.0%
github.com/hollis-labs/nanite/internal/chat/commands.go:250:					scratchpadHandler					0.0%
github.com/hollis-labs/nanite/internal/chat/commands.go:260:					RegisterSkillCommand					100.0%
github.com/hollis-labs/nanite/internal/chat/commands.go:288:					List							100.0%
github.com/hollis-labs/nanite/internal/chat/commands.go:300:					Execute							100.0%
github.com/hollis-labs/nanite/internal/chat/commands.go:322:					appendPluginEnvelopeBlocks				61.9%
github.com/hollis-labs/nanite/internal/chat/commands.go:360:					renderEnvelopeBlock					80.0%
github.com/hollis-labs/nanite/internal/chat/commands.go:376:					ParseCommand						100.0%
github.com/hollis-labs/nanite/internal/chat/commands_builtin.go:15:				RegisterServerCommands					0.0%
github.com/hollis-labs/nanite/internal/chat/commands_builtin.go:48:				statusHandler						0.0%
github.com/hollis-labs/nanite/internal/chat/commands_builtin.go:107:				providersHandler					0.0%
github.com/hollis-labs/nanite/internal/chat/commands_builtin.go:161:				exportHandler						0.0%
github.com/hollis-labs/nanite/internal/chat/commands_builtin.go:207:				searchHandler						0.0%
github.com/hollis-labs/nanite/internal/chat/context.go:40:					renderCompactionDisclosure				80.0%
github.com/hollis-labs/nanite/internal/chat/context.go:61:					isCompactionEventFresh					70.0%
github.com/hollis-labs/nanite/internal/chat/context.go:122:					interpolateDisclosure					100.0%
github.com/hollis-labs/nanite/internal/chat/context.go:178:					IsThinkBlockV1Enabled					100.0%
github.com/hollis-labs/nanite/internal/chat/context.go:194:					ThinkToolBlock						100.0%
github.com/hollis-labs/nanite/internal/chat/context.go:206:					ThinkToolBlockWithDispatch				100.0%
github.com/hollis-labs/nanite/internal/chat/context.go:251:					buildSkillListForSession				85.0%
github.com/hollis-labs/nanite/internal/chat/context.go:293:					skillCatalogLoadHint					75.0%
github.com/hollis-labs/nanite/internal/chat/context_client.go:81:				NewContextClient					100.0%
github.com/hollis-labs/nanite/internal/chat/context_client.go:146:				AssembleSlotSources					72.5%
github.com/hollis-labs/nanite/internal/chat/context_client.go:324:				buildUserContextSlot					20.8%
github.com/hollis-labs/nanite/internal/chat/context_client.go:403:				buildPermissionsSlotContent				92.3%
github.com/hollis-labs/nanite/internal/chat/context_client.go:476:				buildWorkspaceSlotContent				17.6%
github.com/hollis-labs/nanite/internal/chat/context_client.go:525:				deriveIntent						100.0%
github.com/hollis-labs/nanite/internal/chat/context_client.go:543:				deriveIntentFromMessages				100.0%
github.com/hollis-labs/nanite/internal/chat/context_client.go:574:				formatPacketItemsBySource				0.0%
github.com/hollis-labs/nanite/internal/chat/context_client.go:607:				assembleAgentSlotContent				85.7%
github.com/hollis-labs/nanite/internal/chat/context_client.go:626:				buildRulesSlotContent					33.3%
github.com/hollis-labs/nanite/internal/chat/context_client.go:649:				parseJSONStringArray					28.6%
github.com/hollis-labs/nanite/internal/chat/context_client.go:673:				buildSessionSlotContent					83.3%
github.com/hollis-labs/nanite/internal/chat/context_client.go:687:				EstimateTokens						100.0%
github.com/hollis-labs/nanite/internal/chat/context_client.go:701:				PruneAfterTurn						0.0%
github.com/hollis-labs/nanite/internal/chat/context_client.go:717:				EstimateToolDefTokens					57.1%
github.com/hollis-labs/nanite/internal/chat/context_client.go:740:				EstimateMessagesTokens					77.8%
github.com/hollis-labs/nanite/internal/chat/context_client.go:765:				EnforceTokenBudget					87.8%
github.com/hollis-labs/nanite/internal/chat/context_client.go:847:				classifyContextIntent					33.3%
github.com/hollis-labs/nanite/internal/chat/context_client.go:875:				matchesAny						80.0%
github.com/hollis-labs/nanite/internal/chat/context_client.go:888:				pruneToolResultsInMemory				100.0%
github.com/hollis-labs/nanite/internal/chat/decomposer.go:34:					NewDecomposer						0.0%
github.com/hollis-labs/nanite/internal/chat/decomposer.go:66:					DecomposeTask						0.0%
github.com/hollis-labs/nanite/internal/chat/engine.go:110:					IsValidSubagentCompletionPolicy				100.0%
github.com/hollis-labs/nanite/internal/chat/engine.go:121:					ParseAgentConstraints					100.0%
github.com/hollis-labs/nanite/internal/chat/engine.go:132:					BuildToolCatalog					100.0%
github.com/hollis-labs/nanite/internal/chat/engine.go:284:					IsCLIProvider						100.0%
github.com/hollis-labs/nanite/internal/chat/engine.go:292:					IsPTYProvider						0.0%
github.com/hollis-labs/nanite/internal/chat/engine.go:329:					NormalizeCLIProvider					100.0%
github.com/hollis-labs/nanite/internal/chat/engine.go:361:					InferProvider						85.7%
github.com/hollis-labs/nanite/internal/chat/engine.go:393:					TruncateStr						100.0%
github.com/hollis-labs/nanite/internal/chat/engine.go:424:					ExtractIntent						83.3%
github.com/hollis-labs/nanite/internal/chat/envelope.go:26:					SetEnvelopeRegistry					0.0%
github.com/hollis-labs/nanite/internal/chat/envelope.go:35:					EnvelopeRegistry					0.0%
github.com/hollis-labs/nanite/internal/chat/envelope.go:59:					RegisterEnvelopeType					100.0%
github.com/hollis-labs/nanite/internal/chat/envelope.go:69:					UnregisterEnvelopeType					100.0%
github.com/hollis-labs/nanite/internal/chat/envelope.go:78:					InitCoreTypes						100.0%
github.com/hollis-labs/nanite/internal/chat/envelope.go:96:					RegisteredEnvelopeTypeNames				0.0%
github.com/hollis-labs/nanite/internal/chat/envelope.go:109:					ValidateEnvelope					100.0%
github.com/hollis-labs/nanite/internal/chat/envelope.go:208:					ParseEnvelopes						100.0%
github.com/hollis-labs/nanite/internal/chat/envelope_handler.go:32:				HandleResponse						100.0%
github.com/hollis-labs/nanite/internal/chat/envelope_handler.go:44:				RegisterResponseHandler					100.0%
github.com/hollis-labs/nanite/internal/chat/envelope_handler.go:52:				UnregisterResponseHandler				100.0%
github.com/hollis-labs/nanite/internal/chat/envelope_handler.go:60:				LookupResponseHandler					100.0%
github.com/hollis-labs/nanite/internal/chat/envelope_handler.go:75:				HandleResponse						87.5%
github.com/hollis-labs/nanite/internal/chat/envelope_marker.go:43:				ExtractEnvelopeMarker					100.0%
github.com/hollis-labs/nanite/internal/chat/envelope_marker.go:56:				ReplaceEnvelopeMarkers					100.0%
github.com/hollis-labs/nanite/internal/chat/envelope_marker.go:73:				findEnvelopeMarker					100.0%
github.com/hollis-labs/nanite/internal/chat/envelope_response.go:51:				FormatEnvelopeResponseContent				100.0%
github.com/hollis-labs/nanite/internal/chat/envelope_response.go:77:				Validate						100.0%
github.com/hollis-labs/nanite/internal/chat/envelope_response.go:96:				UnmarshalResponseV1					83.3%
github.com/hollis-labs/nanite/internal/chat/envelope_response_elicitation.go:32:		NewElicitationResponseHandler				0.0%
github.com/hollis-labs/nanite/internal/chat/envelope_response_elicitation.go:36:		HandleResponse						0.0%
github.com/hollis-labs/nanite/internal/chat/envelope_response_subagent.go:23:			NewSubagentApprovalHandler				100.0%
github.com/hollis-labs/nanite/internal/chat/envelope_response_subagent.go:27:			HandleResponse						83.3%
github.com/hollis-labs/nanite/internal/chat/envelope_response_table.go:57:			NewTableCardActionHandler				100.0%
github.com/hollis-labs/nanite/internal/chat/envelope_response_table.go:61:			HandleResponse						93.5%
github.com/hollis-labs/nanite/internal/chat/envelope_response_table.go:116:			findColumn						100.0%
github.com/hollis-labs/nanite/internal/chat/envelope_response_table.go:125:			actionDeclared						100.0%
github.com/hollis-labs/nanite/internal/chat/envelope_response_table.go:136:			asInt							33.3%
github.com/hollis-labs/nanite/internal/chat/errors.go:30:					NewChatError						0.0%
github.com/hollis-labs/nanite/internal/chat/errors.go:40:					JSON							0.0%
github.com/hollis-labs/nanite/internal/chat/errors.go:46:					ClassifyError						0.0%
github.com/hollis-labs/nanite/internal/chat/errors.go:56:					ErrorEvent						0.0%
github.com/hollis-labs/nanite/internal/chat/errors.go:86:					buildErrorEnvelope					0.0%
github.com/hollis-labs/nanite/internal/chat/errors.go:109:					ErrorEnvelopeDelta					0.0%
github.com/hollis-labs/nanite/internal/chat/hint_catalog.go:77:					BuiltinHints						62.5%
github.com/hollis-labs/nanite/internal/chat/hint_catalog.go:92:					BuiltinHintsErr						100.0%
github.com/hollis-labs/nanite/internal/chat/hint_catalog.go:99:					LoadHintsFromYAML					100.0%
github.com/hollis-labs/nanite/internal/chat/hint_catalog.go:112:				loadHintsFromFS						76.5%
github.com/hollis-labs/nanite/internal/chat/hint_catalog.go:140:				validateHints						100.0%
github.com/hollis-labs/nanite/internal/chat/hint_catalog.go:162:				HintByID						100.0%
github.com/hollis-labs/nanite/internal/chat/hint_catalog.go:182:				SummarizeHints						100.0%
github.com/hollis-labs/nanite/internal/chat/hint_dispatch.go:82:				IsThinkBlockV2Enabled					100.0%
github.com/hollis-labs/nanite/internal/chat/hint_dispatch.go:100:				ThinkToolBlockDynamic					85.2%
github.com/hollis-labs/nanite/internal/chat/hint_dispatch.go:153:				buildDispatchPayload					80.0%
github.com/hollis-labs/nanite/internal/chat/hint_dispatch.go:174:				parseHintIDs						90.9%
github.com/hollis-labs/nanite/internal/chat/hint_dispatch.go:194:				resolveHints						100.0%
github.com/hollis-labs/nanite/internal/chat/hint_dispatch.go:205:				renderDynamicBlock					100.0%
github.com/hollis-labs/nanite/internal/chat/hint_dispatch.go:219:				guardTokenBudget					69.2%
github.com/hollis-labs/nanite/internal/chat/orchestrator.go:44:					NewOrchestrator						0.0%
github.com/hollis-labs/nanite/internal/chat/orchestrator.go:53:					HasDecomposer						0.0%
github.com/hollis-labs/nanite/internal/chat/orchestrator.go:59:					BuildPlan						0.0%
github.com/hollis-labs/nanite/internal/chat/orchestrator.go:82:					Aggregate						0.0%
github.com/hollis-labs/nanite/internal/chat/orchestrator.go:133:				hasToolPrefix						0.0%
github.com/hollis-labs/nanite/internal/chat/proctrack.go:35:					NewProcessTracker					100.0%
github.com/hollis-labs/nanite/internal/chat/proctrack.go:43:					AtCapacity						100.0%
github.com/hollis-labs/nanite/internal/chat/proctrack.go:57:					Track							100.0%
github.com/hollis-labs/nanite/internal/chat/proctrack.go:69:					Untrack							100.0%
github.com/hollis-labs/nanite/internal/chat/proctrack.go:85:					KillSession						91.7%
github.com/hollis-labs/nanite/internal/chat/proctrack.go:107:					KillAll							87.5%
github.com/hollis-labs/nanite/internal/chat/proctrack.go:135:					ActiveSessions						100.0%
github.com/hollis-labs/nanite/internal/chat/proctrack.go:146:					Count							100.0%
github.com/hollis-labs/nanite/internal/chat/proctrack.go:157:					Touch							100.0%
github.com/hollis-labs/nanite/internal/chat/proctrack.go:170:					HealthCheck						100.0%
github.com/hollis-labs/nanite/internal/chat/proctrack.go:193:					KillStale						88.9%
github.com/hollis-labs/nanite/internal/chat/proctrack.go:230:					isProcessDone						100.0%
github.com/hollis-labs/nanite/internal/chat/sanitize.go:17:					getHomeDir						100.0%
github.com/hollis-labs/nanite/internal/chat/sanitize.go:44:					SanitizeToolError					100.0%
github.com/hollis-labs/nanite/internal/chat/sanitize.go:69:					stripSecretEnvLines					100.0%
github.com/hollis-labs/nanite/internal/chat/sanitize.go:84:					isSecretEnvLine						100.0%
github.com/hollis-labs/nanite/internal/chat/sanitize.go:101:					truncateGoStack						100.0%
github.com/hollis-labs/nanite/internal/chat/slot_changed.go:59:					EmitSlotChangedEvent					90.9%
github.com/hollis-labs/nanite/internal/chat/slot_changed.go:86:					HandleResponse						0.0%
github.com/hollis-labs/nanite/internal/chat/slot_changed.go:90:					init							100.0%
github.com/hollis-labs/nanite/internal/chat/structured.go:72:					WrapResponse						100.0%
github.com/hollis-labs/nanite/internal/chat/structured.go:92:					MarshalContent						75.0%
github.com/hollis-labs/nanite/internal/chat/structured.go:132:					replayContent						100.0%
github.com/hollis-labs/nanite/internal/chat/structured.go:145:					ValidateStructured					100.0%
github.com/hollis-labs/nanite/internal/chat/structured.go:163:					LogStructuredWarnings					0.0%
github.com/hollis-labs/nanite/internal/chat/tool_partition.go:95:				PartitionTools						100.0%
github.com/hollis-labs/nanite/internal/chat/tool_partition.go:239:				RecentlyUsedToolNames					90.9%
github.com/hollis-labs/nanite/internal/chat/tool_partition.go:283:				RenderToolLazyHint					100.0%
github.com/hollis-labs/nanite/internal/chat/tool_partition.go:307:				IsToolsLazyLoadEnabled					100.0%
github.com/hollis-labs/nanite/internal/chat/tool_partition.go:320:				isMetaToolName						100.0%
github.com/hollis-labs/nanite/internal/chat/universal_rules.go:155:				UniversalRulesBlock					100.0%
github.com/hollis-labs/nanite/internal/classify/classify.go:44:					Classify						100.0%
github.com/hollis-labs/nanite/internal/classify/classify.go:50:					classifyTier						88.2%
github.com/hollis-labs/nanite/internal/classify/classify.go:91:					classifyPattern						100.0%
github.com/hollis-labs/nanite/internal/classify/classify.go:114:				containsAny						100.0%
github.com/hollis-labs/nanite/internal/classify/route.go:71:					IsValid							100.0%
github.com/hollis-labs/nanite/internal/classify/route.go:82:					String							100.0%
github.com/hollis-labs/nanite/internal/classify/route.go:178:					SetEnvelopeTypeProvider					100.0%
github.com/hollis-labs/nanite/internal/classify/route.go:210:					availableEnvelopeTypes					100.0%
github.com/hollis-labs/nanite/internal/classify/route.go:225:					V1EnvelopeTypeBaseline					0.0%
github.com/hollis-labs/nanite/internal/classify/route.go:258:					ClassifyRoute						100.0%
github.com/hollis-labs/nanite/internal/classify/route.go:317:					anyPhraseHit						100.0%
github.com/hollis-labs/nanite/internal/classify/route.go:336:					phraseHit						92.3%
github.com/hollis-labs/nanite/internal/classify/route.go:363:					isWordBoundary						100.0%
github.com/hollis-labs/nanite/internal/classify/route.go:374:					isWordRune						100.0%
github.com/hollis-labs/nanite/internal/classify/route.go:386:					matchEnvelopeType					87.5%
github.com/hollis-labs/nanite/internal/classify/scope.go:19:					String							100.0%
github.com/hollis-labs/nanite/internal/classify/scope.go:37:					IsValid							100.0%
github.com/hollis-labs/nanite/internal/classify/scope.go:53:					String							100.0%
github.com/hollis-labs/nanite/internal/classify/scope.go:67:					IsValid							100.0%
github.com/hollis-labs/nanite/internal/config/appconfig.go:120:					DefaultAppConfig					0.0%
github.com/hollis-labs/nanite/internal/config/appconfig.go:151:					LoadAppConfig						0.0%
github.com/hollis-labs/nanite/internal/config/appconfig.go:170:					IsAutoDetectTool					0.0%
github.com/hollis-labs/nanite/internal/config/appconfig.go:181:					ExtractFilePath						0.0%
github.com/hollis-labs/nanite/internal/config/config.go:116:					Load							80.0%
github.com/hollis-labs/nanite/internal/config/config.go:137:					UserConfigPath						83.3%
github.com/hollis-labs/nanite/internal/config/config.go:151:					LoadFrom						75.0%
github.com/hollis-labs/nanite/internal/config/config.go:168:					ProjectRoot						100.0%
github.com/hollis-labs/nanite/internal/config/config.go:177:					ResolvedWorkflowDefinitionsPath				0.0%
github.com/hollis-labs/nanite/internal/config/config.go:188:					ResolvedDevToolsAllowedPaths				100.0%
github.com/hollis-labs/nanite/internal/config/config.go:205:					readConfig						77.8%
github.com/hollis-labs/nanite/internal/config/config.go:223:					merge							80.0%
github.com/hollis-labs/nanite/internal/config/config.go:261:					expandHome						87.5%
github.com/hollis-labs/nanite/internal/config/layout.go:40:					ResolveLayout						0.0%
github.com/hollis-labs/nanite/internal/config/layout.go:61:					ResolveTesseractLayout					0.0%
github.com/hollis-labs/nanite/internal/context/compaction.go:88:				DefaultStages						100.0%
github.com/hollis-labs/nanite/internal/context/compaction.go:99:				Run							100.0%
github.com/hollis-labs/nanite/internal/context/compaction.go:109:				RunForce						100.0%
github.com/hollis-labs/nanite/internal/context/compaction.go:113:				runStages						88.2%
github.com/hollis-labs/nanite/internal/context/compaction.go:162:				refreshConversationSlot					100.0%
github.com/hollis-labs/nanite/internal/context/compaction.go:169:				stageDropEnrichment					100.0%
github.com/hollis-labs/nanite/internal/context/compaction.go:192:				stageSummarizeOldest					77.8%
github.com/hollis-labs/nanite/internal/context/compaction.go:275:				stageStripToolBlocks					96.2%
github.com/hollis-labs/nanite/internal/context/compaction.go:347:				stageDedupeToolResults					97.4%
github.com/hollis-labs/nanite/internal/context/compaction.go:436:				canonicalizeToolInput					66.7%
github.com/hollis-labs/nanite/internal/context/compaction.go:448:				summarySystemPrompt					100.0%
github.com/hollis-labs/nanite/internal/context/compaction.go:466:				serializeMessages					80.0%
github.com/hollis-labs/nanite/internal/context/handoff.go:65:					ValidateHandoff						100.0%
github.com/hollis-labs/nanite/internal/context/handoff.go:82:					parseHandoff						100.0%
github.com/hollis-labs/nanite/internal/context/handoff.go:95:					validateHandoffFields					100.0%
github.com/hollis-labs/nanite/internal/context/handoff.go:142:					totalHandoffTokens					100.0%
github.com/hollis-labs/nanite/internal/context/handoff_envelope.go:34:				MarshalHandoffEnvelope					100.0%
github.com/hollis-labs/nanite/internal/context/handoff_envelope.go:51:				ParseHandoffEnvelope					81.2%
github.com/hollis-labs/nanite/internal/context/handoff_envelope.go:89:				RenderHandoffForSlot					100.0%
github.com/hollis-labs/nanite/internal/context/handoff_envelope.go:129:				marshalPayloadForValidation				75.0%
github.com/hollis-labs/nanite/internal/context/overflow.go:52:					IsContextOverflow					100.0%
github.com/hollis-labs/nanite/internal/context/overflow.go:65:					IsContextOverflowMessage				100.0%
github.com/hollis-labs/nanite/internal/context/overflow.go:95:					IsCompactRecoverable					100.0%
github.com/hollis-labs/nanite/internal/context/slot.go:136:					DefaultCompactable					100.0%
github.com/hollis-labs/nanite/internal/context/slot.go:181:					EffectiveContent					100.0%
github.com/hollis-labs/nanite/internal/context/slot.go:199:					ComputeCacheKey						100.0%
github.com/hollis-labs/nanite/internal/context/slot.go:206:					DefaultBudgets						100.0%
github.com/hollis-labs/nanite/internal/context/summarizer_provider.go:21:			NewProviderSummarizer					100.0%
github.com/hollis-labs/nanite/internal/context/summarizer_provider.go:26:			Summarize						100.0%
github.com/hollis-labs/nanite/internal/context/tokens.go:13:					Estimate						100.0%
github.com/hollis-labs/nanite/internal/context/window.go:35:					NewContextWindow					100.0%
github.com/hollis-labs/nanite/internal/context/window.go:66:					SetContent						75.0%
github.com/hollis-labs/nanite/internal/context/window.go:79:					SetFlags						100.0%
github.com/hollis-labs/nanite/internal/context/window.go:86:					Slot							100.0%
github.com/hollis-labs/nanite/internal/context/window.go:91:					UsedTokens						100.0%
github.com/hollis-labs/nanite/internal/context/window.go:101:					ConversationBudget					90.0%
github.com/hollis-labs/nanite/internal/context/window.go:118:					NeedsCompaction						75.0%
github.com/hollis-labs/nanite/internal/context/window.go:133:					Assemble						100.0%
github.com/hollis-labs/nanite/internal/context/window.go:189:					truncateSlot						75.0%
github.com/hollis-labs/nanite/internal/context/window.go:203:					countCacheHits						100.0%
github.com/hollis-labs/nanite/internal/contextbroker/assembly.go:65:				String							100.0%
github.com/hollis-labs/nanite/internal/contextbroker/assembly.go:125:				ContentByAction						100.0%
github.com/hollis-labs/nanite/internal/contextbroker/assembly.go:232:				DecideAssembly						97.1%
github.com/hollis-labs/nanite/internal/contextbroker/assembly.go:355:				formatSlotPointer					100.0%
github.com/hollis-labs/nanite/internal/contextbroker/assembly.go:372:				shouldSkipForIntent					100.0%
github.com/hollis-labs/nanite/internal/contextbroker/assembly.go:396:				contextSlotName						100.0%
github.com/hollis-labs/nanite/internal/contextbroker/assembly.go:406:				DecisionSummary						93.3%
github.com/hollis-labs/nanite/internal/contextbroker/broker.go:37:				DefaultBudget						100.0%
github.com/hollis-labs/nanite/internal/contextbroker/broker.go:147:				New							66.7%
github.com/hollis-labs/nanite/internal/contextbroker/broker.go:158:				AddSource						0.0%
github.com/hollis-labs/nanite/internal/contextbroker/broker.go:164:				Fetch							95.8%
github.com/hollis-labs/nanite/internal/contextbroker/broker.go:218:				allocateBudgets						85.7%
github.com/hollis-labs/nanite/internal/contextbroker/broker.go:256:				trimToBudget						87.5%
github.com/hollis-labs/nanite/internal/contextbroker/broker.go:293:				EstimateTokens						100.0%
github.com/hollis-labs/nanite/internal/contextbroker/broker.go:299:				FormatPacket						100.0%
github.com/hollis-labs/nanite/internal/contextbroker/gate_hadron_blueprints.go:45:		NewHadronBlueprintGate					100.0%
github.com/hollis-labs/nanite/internal/contextbroker/gate_hadron_blueprints.go:52:		Name							100.0%
github.com/hollis-labs/nanite/internal/contextbroker/gate_hadron_blueprints.go:56:		SessionStart						100.0%
github.com/hollis-labs/nanite/internal/contextbroker/gate_hadron_blueprints.go:78:		IsCached						100.0%
github.com/hollis-labs/nanite/internal/contextbroker/gate_hadron_blueprints.go:84:		ClearCache						100.0%
github.com/hollis-labs/nanite/internal/contextbroker/gate_hadron_blueprints.go:92:		Fetch							91.7%
github.com/hollis-labs/nanite/internal/contextbroker/gate_hadron_blueprints.go:115:		fetchBlueprints						100.0%
github.com/hollis-labs/nanite/internal/contextbroker/gate_hadron_blueprints.go:129:		parseAndFilterBlueprints				76.5%
github.com/hollis-labs/nanite/internal/contextbroker/gate_hadron_blueprints.go:183:		calculateRelevance					100.0%
github.com/hollis-labs/nanite/internal/contextbroker/gate_hadron_blueprints.go:236:		formatCompactBlueprints					84.2%
github.com/hollis-labs/nanite/internal/contextbroker/gate_hadron_blueprints.go:287:		truncateDescription					40.0%
github.com/hollis-labs/nanite/internal/contextbroker/intent.go:54:				BudgetForIntent						75.0%
github.com/hollis-labs/nanite/internal/contextbroker/source_conduit.go:31:			NewConduitSource					0.0%
github.com/hollis-labs/nanite/internal/contextbroker/source_conduit.go:38:			Name							0.0%
github.com/hollis-labs/nanite/internal/contextbroker/source_conduit.go:40:			Fetch							0.0%
github.com/hollis-labs/nanite/internal/contextbroker/source_conduit.go:60:			fetchViaBroker						0.0%
github.com/hollis-labs/nanite/internal/contextbroker/source_conduit.go:81:			fetchViaSearch						0.0%
github.com/hollis-labs/nanite/internal/contextbroker/source_conduit.go:102:			parseResult						0.0%
github.com/hollis-labs/nanite/internal/contextbroker/source_conduit.go:171:			mapToConduitIntent					0.0%
github.com/hollis-labs/nanite/internal/contextbroker/source_memory.go:38:			NewMemorySource						100.0%
github.com/hollis-labs/nanite/internal/contextbroker/source_memory.go:45:			Name							0.0%
github.com/hollis-labs/nanite/internal/contextbroker/source_memory.go:55:			Fetch							85.7%
github.com/hollis-labs/nanite/internal/contextbroker/source_memory.go:198:			formatMemory						87.5%
github.com/hollis-labs/nanite/internal/contextbroker/source_pcc.go:22:				NewPCCSource						100.0%
github.com/hollis-labs/nanite/internal/contextbroker/source_pcc.go:26:				Name							0.0%
github.com/hollis-labs/nanite/internal/contextbroker/source_pcc.go:72:				Fetch							73.5%
github.com/hollis-labs/nanite/internal/contextbroker/source_pcc.go:144:				resolveProjectDir					75.0%
github.com/hollis-labs/nanite/internal/contextbroker/source_pcc.go:169:				scoreFile						100.0%
github.com/hollis-labs/nanite/internal/contextbroker/source_session.go:25:			NewSessionSource					0.0%
github.com/hollis-labs/nanite/internal/contextbroker/source_session.go:29:			Name							0.0%
github.com/hollis-labs/nanite/internal/contextbroker/source_session.go:31:			Fetch							0.0%
github.com/hollis-labs/nanite/internal/contextbroker/stash.go:75:				StashSlot						100.0%
github.com/hollis-labs/nanite/internal/contextbroker/stash.go:83:				NopStasher						100.0%
github.com/hollis-labs/nanite/internal/contextbroker/stash.go:100:				DeterministicArtifactID					100.0%
github.com/hollis-labs/nanite/internal/coordination/badger.go:22:				NewBadgerStore						85.7%
github.com/hollis-labs/nanite/internal/coordination/badger.go:41:				Put							100.0%
github.com/hollis-labs/nanite/internal/coordination/badger.go:51:				Get							90.0%
github.com/hollis-labs/nanite/internal/coordination/badger.go:67:				Delete							80.0%
github.com/hollis-labs/nanite/internal/coordination/badger.go:77:				List							88.2%
github.com/hollis-labs/nanite/internal/coordination/badger.go:105:				Available						100.0%
github.com/hollis-labs/nanite/internal/coordination/badger.go:107:				Close							100.0%
github.com/hollis-labs/nanite/internal/coordination/badger.go:116:				gcLoop							55.6%
github.com/hollis-labs/nanite/internal/coordination/noop.go:10:					NewNoopStore						100.0%
github.com/hollis-labs/nanite/internal/coordination/noop.go:12:					Put							100.0%
github.com/hollis-labs/nanite/internal/coordination/noop.go:13:					Get							100.0%
github.com/hollis-labs/nanite/internal/coordination/noop.go:14:					Delete							100.0%
github.com/hollis-labs/nanite/internal/coordination/noop.go:15:					List							100.0%
github.com/hollis-labs/nanite/internal/coordination/noop.go:16:					Available						100.0%
github.com/hollis-labs/nanite/internal/coordination/noop.go:17:					Close							100.0%
github.com/hollis-labs/nanite/internal/crossapp/engine_client.go:27:				engineAPIURL						0.0%
github.com/hollis-labs/nanite/internal/crossapp/engine_client.go:35:				SendUICommand						0.0%
github.com/hollis-labs/nanite/internal/crossapp/engine_client.go:68:				sortedKeys						100.0%
github.com/hollis-labs/nanite/internal/crossapp/engine_client.go:95:				NavigateEngine						0.0%
github.com/hollis-labs/nanite/internal/crossapp/engine_client.go:112:				RefreshEngine						0.0%
github.com/hollis-labs/nanite/internal/describer/describer.go:101:				Describe						100.0%
github.com/hollis-labs/nanite/internal/describer/describer.go:119:				NewRegistry						100.0%
github.com/hollis-labs/nanite/internal/describer/describer.go:127:				Register						100.0%
github.com/hollis-labs/nanite/internal/describer/describer.go:139:				Get							100.0%
github.com/hollis-labs/nanite/internal/describer/describer.go:151:				Has							100.0%
github.com/hollis-labs/nanite/internal/describer/describer.go:163:				Count							100.0%
github.com/hollis-labs/nanite/internal/dispatch/chat_surface.go:46:				DefaultChatToolSurface					100.0%
github.com/hollis-labs/nanite/internal/dispatch/chat_surface.go:73:				Filter							100.0%
github.com/hollis-labs/nanite/internal/dispatch/execute.go:241:					ExecuteTask						86.7%
github.com/hollis-labs/nanite/internal/dispatch/execute.go:361:					estimateTokens						66.7%
github.com/hollis-labs/nanite/internal/dispatch/execute.go:384:					Wrap							83.3%
github.com/hollis-labs/nanite/internal/dispatch/execute.go:414:					tryUnmarshalEnvelope					69.2%
github.com/hollis-labs/nanite/internal/dispatch/execute.go:435:					titleCase						66.7%
github.com/hollis-labs/nanite/internal/dispatch/executor.go:228:				DispatchExecutor					100.0%
github.com/hollis-labs/nanite/internal/dispatch/role.go:31:					String							83.3%
github.com/hollis-labs/nanite/internal/dispatch/role.go:47:					IsValid							100.0%
github.com/hollis-labs/nanite/internal/dispatch/role.go:101:					AssignRole						100.0%
github.com/hollis-labs/nanite/internal/dispatch/trust.go:22:					IsValid							0.0%
github.com/hollis-labs/nanite/internal/dispatcher/agent_run.go:165:				LogOutcome						0.0%
github.com/hollis-labs/nanite/internal/dispatcher/dispatcher.go:71:				String							100.0%
github.com/hollis-labs/nanite/internal/dispatcher/dispatcher.go:77:				Valid							100.0%
github.com/hollis-labs/nanite/internal/dispatcher/dispatcher.go:148:				New							100.0%
github.com/hollis-labs/nanite/internal/dispatcher/dispatcher.go:169:				Run							100.0%
github.com/hollis-labs/nanite/internal/dispatcher/dispatcher.go:213:				WithCallerType						100.0%
github.com/hollis-labs/nanite/internal/dispatcher/dispatcher.go:222:				CallerTypeFromContext					100.0%
github.com/hollis-labs/nanite/internal/effort/effort.go:64:					String							100.0%
github.com/hollis-labs/nanite/internal/effort/effort.go:80:					IsValid							100.0%
github.com/hollis-labs/nanite/internal/effort/effort.go:87:					Parse							100.0%
github.com/hollis-labs/nanite/internal/effort/effort.go:112:					BudgetMultiplier					100.0%
github.com/hollis-labs/nanite/internal/effort/effort.go:178:					ReasoningCfg						100.0%
github.com/hollis-labs/nanite/internal/effort/effort.go:206:					ApplyToCeiling						100.0%
github.com/hollis-labs/nanite/internal/effort/effort.go:225:					WithContext						100.0%
github.com/hollis-labs/nanite/internal/effort/effort.go:232:					FromContext						100.0%
github.com/hollis-labs/nanite/internal/elicitation/helpers.go:10:				newID							100.0%
github.com/hollis-labs/nanite/internal/elicitation/helpers.go:15:				errElicitEmit						100.0%
github.com/hollis-labs/nanite/internal/elicitation/service.go:55:				New							71.4%
github.com/hollis-labs/nanite/internal/elicitation/service.go:81:				Elicit							95.7%
github.com/hollis-labs/nanite/internal/elicitation/service.go:149:				Respond							100.0%
github.com/hollis-labs/nanite/internal/elicitation/service.go:174:				RespondFromEnvelopeData					80.0%
github.com/hollis-labs/nanite/internal/elicitation/service.go:200:				ValidateResponse					88.9%
github.com/hollis-labs/nanite/internal/elicitation/service.go:224:				MarshalEnvelopeData					0.0%
github.com/hollis-labs/nanite/internal/elicitation/service_test_helpers.go:22:			NewForTest						100.0%
github.com/hollis-labs/nanite/internal/elicitation/service_test_helpers.go:36:			Elicit							100.0%
github.com/hollis-labs/nanite/internal/elicitation/service_test_helpers.go:44:			elicitWithDuration					86.4%
github.com/hollis-labs/nanite/internal/envelope/legacy.go:24:					SetupForTesting						77.8%
github.com/hollis-labs/nanite/internal/envelope/legacy.go:73:					LegacyTypeName						0.0%
github.com/hollis-labs/nanite/internal/envelope/legacy.go:86:					RegisterOrphans						23.5%
github.com/hollis-labs/nanite/internal/envelope/validator.go:31:				SetEnvelopeRegistry					100.0%
github.com/hollis-labs/nanite/internal/envelope/validator.go:38:				getEnvelopeRegistry					100.0%
github.com/hollis-labs/nanite/internal/envelope/validator.go:85:				IsPassiveRenderable					0.0%
github.com/hollis-labs/nanite/internal/envelope/validator.go:115:				loadSchema						85.7%
github.com/hollis-labs/nanite/internal/envelope/validator.go:141:				lookupRegistrySchema					40.0%
github.com/hollis-labs/nanite/internal/envelope/validator.go:156:				readEmbeddedSchemaDoc					75.0%
github.com/hollis-labs/nanite/internal/envelope/validator.go:178:				DefaultRenderTarget					0.0%
github.com/hollis-labs/nanite/internal/envelope/validator.go:198:				ValidateData						83.3%
github.com/hollis-labs/nanite/internal/envelope/validator.go:218:				Error							100.0%
github.com/hollis-labs/nanite/internal/envelope/validator.go:222:				Unwrap							100.0%
github.com/hollis-labs/nanite/internal/envelope/validator.go:257:				FlattenSchemaError					70.0%
github.com/hollis-labs/nanite/internal/envelope/validator.go:280:				collectLeaves						85.7%
github.com/hollis-labs/nanite/internal/envelope/validator.go:295:				structuredErrorFromLeaf					56.0%
github.com/hollis-labs/nanite/internal/envelope/validator.go:355:				jsonPointer						100.0%
github.com/hollis-labs/nanite/internal/envelope/validator.go:383:				allowedPropertyNames					45.5%
github.com/hollis-labs/nanite/internal/envelope/validator.go:424:				quote							100.0%
github.com/hollis-labs/nanite/internal/envelope/validator.go:428:				joinQuoted						100.0%
github.com/hollis-labs/nanite/internal/envelope/validator.go:439:				sortStrings						100.0%
github.com/hollis-labs/nanite/internal/envelope/validator.go:471:				ValidateAgainstSchema					73.3%
github.com/hollis-labs/nanite/internal/envelope/validator.go:500:				normaliseSchemaDoc					71.4%
github.com/hollis-labs/nanite/internal/envelope/validator.go:520:				ValidateEnvelopeData					87.5%
github.com/hollis-labs/nanite/internal/executor/envelope_render/executor.go:78:			New							100.0%
github.com/hollis-labs/nanite/internal/executor/envelope_render/executor.go:83:			now							100.0%
github.com/hollis-labs/nanite/internal/executor/envelope_render/executor.go:92:			validateData						100.0%
github.com/hollis-labs/nanite/internal/executor/envelope_render/executor.go:100:		Intents							100.0%
github.com/hollis-labs/nanite/internal/executor/envelope_render/executor.go:105:		SystemPrompt						0.0%
github.com/hollis-labs/nanite/internal/executor/envelope_render/executor.go:135:		Execute							87.2%
github.com/hollis-labs/nanite/internal/executor/envelope_render/executor.go:291:		failValidation						100.0%
github.com/hollis-labs/nanite/internal/executor/envelope_render/executor.go:330:		harnessFailure						100.0%
github.com/hollis-labs/nanite/internal/executor/envelope_render/executor.go:356:		attemptRepair						100.0%
github.com/hollis-labs/nanite/internal/executor/envelope_render/executor.go:385:		cloneShallow						100.0%
github.com/hollis-labs/nanite/internal/executor/envelope_render/executor.go:397:		sourcesToMap						100.0%
github.com/hollis-labs/nanite/internal/executor/envelope_render/executor.go:421:		buildSummary						100.0%
github.com/hollis-labs/nanite/internal/filter/filter.go:26:					NewChain						100.0%
github.com/hollis-labs/nanite/internal/filter/filter.go:31:					Add							100.0%
github.com/hollis-labs/nanite/internal/filter/filter.go:36:					Apply							100.0%
github.com/hollis-labs/nanite/internal/filter/filter.go:44:					Len							100.0%
github.com/hollis-labs/nanite/internal/filter/filter.go:49:					Names							100.0%
github.com/hollis-labs/nanite/internal/filter/filter.go:65:					FromNames						100.0%
github.com/hollis-labs/nanite/internal/filter/filter.go:92:					NoEmoji							100.0%
github.com/hollis-labs/nanite/internal/filter/filter.go:105:					isEmoji							45.5%
github.com/hollis-labs/nanite/internal/fsutil/fsutil.go:24:					syncParentDir						66.7%
github.com/hollis-labs/nanite/internal/fsutil/fsutil.go:50:					AtomicWriteFile						70.0%
github.com/hollis-labs/nanite/internal/fsutil/fsutil.go:107:					AtomicWriter						100.0%
github.com/hollis-labs/nanite/internal/fsutil/fsutil.go:133:					Write							100.0%
github.com/hollis-labs/nanite/internal/fsutil/fsutil.go:142:					Close							72.2%
github.com/hollis-labs/nanite/internal/fsutil/fsutil.go:173:					Abort							100.0%
github.com/hollis-labs/nanite/internal/grounding/outcome.go:56:					ClassifyOutcome						93.3%
github.com/hollis-labs/nanite/internal/grounding/outcome.go:108:				RecordOutcome						90.9%
github.com/hollis-labs/nanite/internal/grounding/recall.go:25:					GroundingNamespace					100.0%
github.com/hollis-labs/nanite/internal/grounding/recall.go:46:					NewRecaller						66.7%
github.com/hollis-labs/nanite/internal/grounding/recall.go:60:					IsGroundingEnabled					100.0%
github.com/hollis-labs/nanite/internal/grounding/recall.go:88:					Recall							11.6%
github.com/hollis-labs/nanite/internal/grounding/recall.go:185:					SystemPromptBlock					100.0%
github.com/hollis-labs/nanite/internal/grounding/recall.go:203:					LogConsultations					86.7%
github.com/hollis-labs/nanite/internal/inspector/service.go:35:					NewService						100.0%
github.com/hollis-labs/nanite/internal/inspector/service.go:44:					NewServiceWithRingSize					100.0%
github.com/hollis-labs/nanite/internal/inspector/service.go:60:					newSessionBuffer					100.0%
github.com/hollis-labs/nanite/internal/inspector/service.go:70:					upsert							100.0%
github.com/hollis-labs/nanite/internal/inspector/service.go:91:					snapshot						83.3%
github.com/hollis-labs/nanite/internal/inspector/service.go:102:				recent							88.9%
github.com/hollis-labs/nanite/internal/inspector/service.go:118:				copySnapshot						66.7%
github.com/hollis-labs/nanite/internal/inspector/service.go:135:				getOrCreate						100.0%
github.com/hollis-labs/nanite/internal/inspector/service.go:148:				NextTurnID						100.0%
github.com/hollis-labs/nanite/internal/inspector/service.go:164:				EnsureTurn						100.0%
github.com/hollis-labs/nanite/internal/inspector/service.go:173:				RecordSlots						100.0%
github.com/hollis-labs/nanite/internal/inspector/service.go:182:				RecordLLMMessages					100.0%
github.com/hollis-labs/nanite/internal/inspector/service.go:191:				RecordBrokerDecision					100.0%
github.com/hollis-labs/nanite/internal/inspector/service.go:200:				RecordToolCall						100.0%
github.com/hollis-labs/nanite/internal/inspector/service.go:209:				RecordScopeTier						100.0%
github.com/hollis-labs/nanite/internal/inspector/service.go:220:				RecordReminders						0.0%
github.com/hollis-labs/nanite/internal/inspector/service.go:234:				RecordLoopStatus					0.0%
github.com/hollis-labs/nanite/internal/inspector/service.go:244:				Snapshot						100.0%
github.com/hollis-labs/nanite/internal/inspector/service.go:256:				RecentSnapshots						100.0%
github.com/hollis-labs/nanite/internal/inspector/service.go:268:				trafficLight						100.0%
github.com/hollis-labs/nanite/internal/learnings/learnings.go:97:				IsValid							100.0%
github.com/hollis-labs/nanite/internal/learnings/learnings.go:107:				String							100.0%
github.com/hollis-labs/nanite/internal/learnings/learnings.go:113:				ScopeRequiresSubject					100.0%
github.com/hollis-labs/nanite/internal/learnings/learnings.go:184:				NewRecorder						100.0%
github.com/hollis-labs/nanite/internal/learnings/learnings.go:199:				Capture							100.0%
github.com/hollis-labs/nanite/internal/learnings/learnings.go:262:				NewRecaller						100.0%
github.com/hollis-labs/nanite/internal/learnings/learnings.go:293:				RecallByToolName					90.5%
github.com/hollis-labs/nanite/internal/learnings/learnings.go:347:				hasTag							100.0%
github.com/hollis-labs/nanite/internal/learnings/learnings.go:368:				Namespace						100.0%
github.com/hollis-labs/nanite/internal/learnings/learnings.go:395:				SanitizeSubject						93.8%
github.com/hollis-labs/nanite/internal/learnings/learnings.go:446:				DeriveMemoryKey						75.0%
github.com/hollis-labs/nanite/internal/learnings/learnings.go:484:				SystemPromptBlock					100.0%
github.com/hollis-labs/nanite/internal/learnings/learnings.go:506:				buildTags						63.6%
github.com/hollis-labs/nanite/internal/lifecycle/lifecycle.go:48:				NewManager						100.0%
github.com/hollis-labs/nanite/internal/lifecycle/lifecycle.go:61:				NewManagerWithContext					100.0%
github.com/hollis-labs/nanite/internal/lifecycle/lifecycle.go:68:				Context							100.0%
github.com/hollis-labs/nanite/internal/lifecycle/lifecycle.go:71:				Active							100.0%
github.com/hollis-labs/nanite/internal/lifecycle/lifecycle.go:78:				Go							100.0%
github.com/hollis-labs/nanite/internal/lifecycle/lifecycle.go:97:				Shutdown						95.7%
github.com/hollis-labs/nanite/internal/lifecycle/lifecycle.go:157:				Error							0.0%
github.com/hollis-labs/nanite/internal/llm/anthropic/cache_plan.go:94:				planCacheMarkers					100.0%
github.com/hollis-labs/nanite/internal/llm/anthropic/cache_plan.go:102:				planCacheMarkersWithHints				87.5%
github.com/hollis-labs/nanite/internal/llm/anthropic/cache_plan.go:150:				collectStablePrefixSlots				100.0%
github.com/hollis-labs/nanite/internal/llm/anthropic/client.go:111:				New							100.0%
github.com/hollis-labs/nanite/internal/llm/anthropic/client.go:128:				SetAPIKey						100.0%
github.com/hollis-labs/nanite/internal/llm/anthropic/client.go:135:				rebuildSDK						100.0%
github.com/hollis-labs/nanite/internal/llm/anthropic/client.go:160:				SetCacheHints						100.0%
github.com/hollis-labs/nanite/internal/llm/anthropic/client.go:170:				effectiveCacheHints					66.7%
github.com/hollis-labs/nanite/internal/llm/anthropic/client.go:181:				hasCacheHintIn						100.0%
github.com/hollis-labs/nanite/internal/llm/anthropic/client.go:193:				recentMessageCacheCountIn				100.0%
github.com/hollis-labs/nanite/internal/llm/anthropic/client.go:206:				hasCacheHint						100.0%
github.com/hollis-labs/nanite/internal/llm/anthropic/client.go:213:				recentMessageCacheCount					100.0%
github.com/hollis-labs/nanite/internal/llm/anthropic/client.go:220:				RateLimitTPM						83.3%
github.com/hollis-labs/nanite/internal/llm/anthropic/client.go:234:				Capabilities						100.0%
github.com/hollis-labs/nanite/internal/llm/anthropic/client.go:256:				modelSupportsInterleavedThinking			92.3%
github.com/hollis-labs/nanite/internal/llm/anthropic/client.go:283:				allDigits						66.7%
github.com/hollis-labs/nanite/internal/llm/anthropic/client.go:298:				shouldEnableInterleavedThinking				100.0%
github.com/hollis-labs/nanite/internal/llm/anthropic/client.go:309:				resolveModel						100.0%
github.com/hollis-labs/nanite/internal/llm/anthropic/client.go:318:				resolveMaxTokens					100.0%
github.com/hollis-labs/nanite/internal/llm/anthropic/complete.go:20:				Complete						0.0%
github.com/hollis-labs/nanite/internal/llm/anthropic/errors.go:47:				translateError						35.7%
github.com/hollis-labs/nanite/internal/llm/anthropic/errors.go:88:				isRequestTooLarge					0.0%
github.com/hollis-labs/nanite/internal/llm/anthropic/middleware.go:41:				rateAwareMiddleware					100.0%
github.com/hollis-labs/nanite/internal/llm/anthropic/middleware.go:84:				calibrateRateTracker					94.1%
github.com/hollis-labs/nanite/internal/llm/anthropic/params.go:31:				buildSystemBlocks					92.3%
github.com/hollis-labs/nanite/internal/llm/anthropic/params.go:78:				buildTools						100.0%
github.com/hollis-labs/nanite/internal/llm/anthropic/params.go:111:				buildMessages						100.0%
github.com/hollis-labs/nanite/internal/llm/anthropic/params.go:152:				contentBlocksFromMessage				73.7%
github.com/hollis-labs/nanite/internal/llm/anthropic/params.go:240:				buildMessageParams					88.9%
github.com/hollis-labs/nanite/internal/llm/anthropic/params.go:263:				extractSchemaProperties					80.0%
github.com/hollis-labs/nanite/internal/llm/anthropic/params.go:275:				extractSchemaRequired					84.6%
github.com/hollis-labs/nanite/internal/llm/anthropic/params.go:307:				EstimateCacheablePrefix					84.6%
github.com/hollis-labs/nanite/internal/llm/anthropic/params.go:334:				computeCacheablePrefixBytes				100.0%
github.com/hollis-labs/nanite/internal/llm/anthropic/params.go:348:				betaHeaderRequestOption					0.0%
github.com/hollis-labs/nanite/internal/llm/anthropic/stream.go:32:				StreamChat						55.3%
github.com/hollis-labs/nanite/internal/llm/anthropic/stream.go:130:				runStream						0.0%
github.com/hollis-labs/nanite/internal/llm/openai/client.go:47:					New							85.7%
github.com/hollis-labs/nanite/internal/llm/openai/client.go:65:					SetAPIKey						0.0%
github.com/hollis-labs/nanite/internal/llm/openai/client.go:76:					Capabilities						100.0%
github.com/hollis-labs/nanite/internal/llm/openai/client.go:89:					Complete						77.8%
github.com/hollis-labs/nanite/internal/llm/openai/embed.go:29:					NewEmbedder						85.7%
github.com/hollis-labs/nanite/internal/llm/openai/embed.go:46:					SetAPIKey						0.0%
github.com/hollis-labs/nanite/internal/llm/openai/embed.go:52:					Embed							87.5%
github.com/hollis-labs/nanite/internal/llm/openai/embed.go:75:					EmbedBatch						85.7%
github.com/hollis-labs/nanite/internal/llm/openai/embed.go:114:					EmbeddingDimensions					100.0%
github.com/hollis-labs/nanite/internal/llm/openai/embed.go:129:					toFloat32						100.0%
github.com/hollis-labs/nanite/internal/llm/openai/errors.go:23:					translateError						66.7%
github.com/hollis-labs/nanite/internal/llm/openai/params.go:24:					buildChatParams						92.9%
github.com/hollis-labs/nanite/internal/llm/openai/params.go:57:					translateMessage					50.0%
github.com/hollis-labs/nanite/internal/llm/openai/params.go:83:					userMessages						13.6%
github.com/hollis-labs/nanite/internal/llm/openai/params.go:127:				assistantMessages					0.0%
github.com/hollis-labs/nanite/internal/llm/openai/params.go:199:				textOf							0.0%
github.com/hollis-labs/nanite/internal/llm/openai/stream.go:25:					StreamChat						79.2%
github.com/hollis-labs/nanite/internal/llm/openai/stream.go:148:				accumulateToolCall					100.0%
github.com/hollis-labs/nanite/internal/llm/openai/stream.go:183:				WriteString						100.0%
github.com/hollis-labs/nanite/internal/llm/openai/stream.go:184:				String							100.0%
github.com/hollis-labs/nanite/internal/llm/openai/stream.go:190:				mapStopReason						33.3%
github.com/hollis-labs/nanite/internal/llm/openai/tools.go:12:					translateTools						90.9%
github.com/hollis-labs/nanite/internal/loopdetect/detector.go:21:				WithWindowSize						100.0%
github.com/hollis-labs/nanite/internal/loopdetect/detector.go:26:				WithThreshold						100.0%
github.com/hollis-labs/nanite/internal/loopdetect/detector.go:31:				WithCallback						100.0%
github.com/hollis-labs/nanite/internal/loopdetect/detector.go:49:				New							100.0%
github.com/hollis-labs/nanite/internal/loopdetect/detector.go:64:				Record							100.0%
github.com/hollis-labs/nanite/internal/loopdetect/detector.go:129:				Reset							100.0%
github.com/hollis-labs/nanite/internal/loopdetect/detector.go:137:				getOrCreate						100.0%
github.com/hollis-labs/nanite/internal/loopdetect/detector.go:176:				compute							100.0%
github.com/hollis-labs/nanite/internal/loopdetect/detector.go:187:				normalizeArgs						100.0%
github.com/hollis-labs/nanite/internal/mcp/code_exec_tools.go:25:				NewCodeExecTransport					66.7%
github.com/hollis-labs/nanite/internal/mcp/code_exec_tools.go:33:				ListTools						100.0%
github.com/hollis-labs/nanite/internal/mcp/code_exec_tools.go:72:				CallTool						100.0%
github.com/hollis-labs/nanite/internal/mcp/code_exec_tools.go:91:				callCodeExecute						82.8%
github.com/hollis-labs/nanite/internal/mcp/code_exec_tools.go:151:				formatExecResult					65.5%
github.com/hollis-labs/nanite/internal/mcp/dev_tools.go:89:					NewDevToolsTransport					100.0%
github.com/hollis-labs/nanite/internal/mcp/dev_tools.go:105:					WithArtifactResolver					100.0%
github.com/hollis-labs/nanite/internal/mcp/dev_tools.go:127:					expandHome						84.6%
github.com/hollis-labs/nanite/internal/mcp/dev_tools.go:167:					resolveAllowed						77.1%
github.com/hollis-labs/nanite/internal/mcp/dev_tools.go:273:					tryResolveViaSessionGrant				100.0%
github.com/hollis-labs/nanite/internal/mcp/dev_tools.go:344:					resolveArtifact						86.2%
github.com/hollis-labs/nanite/internal/mcp/dev_tools.go:402:					pathErrorResult						75.0%
github.com/hollis-labs/nanite/internal/mcp/dev_tools.go:415:					allowedDirsSummary					100.0%
github.com/hollis-labs/nanite/internal/mcp/dev_tools.go:424:					exampleRootPath						100.0%
github.com/hollis-labs/nanite/internal/mcp/dev_tools.go:449:					tildeAcceptanceNote					100.0%
github.com/hollis-labs/nanite/internal/mcp/dev_tools.go:457:					ListTools						100.0%
github.com/hollis-labs/nanite/internal/mcp/dev_tools.go:547:					DevToolProviderDefinitions				0.0%
github.com/hollis-labs/nanite/internal/mcp/dev_tools.go:594:					CallTool						80.0%
github.com/hollis-labs/nanite/internal/mcp/dev_tools.go:616:					callRead						83.7%
github.com/hollis-labs/nanite/internal/mcp/dev_tools.go:690:					callGrep						71.3%
github.com/hollis-labs/nanite/internal/mcp/dev_tools.go:903:					callWrite						68.8%
github.com/hollis-labs/nanite/internal/mcp/dev_tools.go:930:					callEdit						84.6%
github.com/hollis-labs/nanite/internal/mcp/dev_tools.go:993:					callGlob						74.5%
github.com/hollis-labs/nanite/internal/mcp/dev_tools.go:1078:					globMatch						100.0%
github.com/hollis-labs/nanite/internal/mcp/dev_tools.go:1085:					globMatchParts						100.0%
github.com/hollis-labs/nanite/internal/mcp/dev_tools.go:1124:					deriveDefaultWorkingDir					100.0%
github.com/hollis-labs/nanite/internal/mcp/dev_tools.go:1143:					callBash						88.2%
github.com/hollis-labs/nanite/internal/mcp/dev_tools.go:1268:					capOutput						100.0%
github.com/hollis-labs/nanite/internal/mcp/dev_tools.go:1280:					IntArg							50.0%
github.com/hollis-labs/nanite/internal/mcp/dev_tools.go:1299:					TextResult						100.0%
github.com/hollis-labs/nanite/internal/mcp/dev_tools.go:1305:					ErrorResult						100.0%
github.com/hollis-labs/nanite/internal/mcp/dev_tools_artifact_resolver.go:24:			NewStoreArtifactResolver				66.7%
github.com/hollis-labs/nanite/internal/mcp/dev_tools_artifact_resolver.go:35:			GetArtifact						0.0%
github.com/hollis-labs/nanite/internal/mcp/elicitation.go:82:					ElicitUserInput						91.7%
github.com/hollis-labs/nanite/internal/mcp/elicitation.go:143:					parseElicitationCreate					100.0%
github.com/hollis-labs/nanite/internal/mcp/elicitation.go:165:					routeClientElicitation					77.8%
github.com/hollis-labs/nanite/internal/mcp/elicitation.go:216:					elicitationTimeoutSeconds				0.0%
github.com/hollis-labs/nanite/internal/mcp/elicitation.go:225:					FormatTimeoutAt						0.0%
github.com/hollis-labs/nanite/internal/mcp/general_tools.go:33:					defaultSSRFResolver					100.0%
github.com/hollis-labs/nanite/internal/mcp/general_tools.go:56:					NewGeneralToolsTransport				100.0%
github.com/hollis-labs/nanite/internal/mcp/general_tools.go:83:					mustParseCIDRs						85.7%
github.com/hollis-labs/nanite/internal/mcp/general_tools.go:101:				ListTools						100.0%
github.com/hollis-labs/nanite/internal/mcp/general_tools.go:272:				CallTool						78.6%
github.com/hollis-labs/nanite/internal/mcp/general_tools.go:302:				callWebFetch						81.8%
github.com/hollis-labs/nanite/internal/mcp/general_tools.go:528:				sanitizeWebBody						90.9%
github.com/hollis-labs/nanite/internal/mcp/general_tools.go:555:				sanitizeEnvelopeField					66.7%
github.com/hollis-labs/nanite/internal/mcp/general_tools.go:579:				isLocalhostName						100.0%
github.com/hollis-labs/nanite/internal/mcp/general_tools.go:584:				callJSONParse						79.2%
github.com/hollis-labs/nanite/internal/mcp/general_tools.go:636:				parseDotPath						83.3%
github.com/hollis-labs/nanite/internal/mcp/general_tools.go:667:				callDatetime						100.0%
github.com/hollis-labs/nanite/internal/mcp/general_tools.go:685:				parseDateMath						64.0%
github.com/hollis-labs/nanite/internal/mcp/general_tools.go:729:				callBase64Encode					75.0%
github.com/hollis-labs/nanite/internal/mcp/general_tools.go:737:				callBase64Decode					85.7%
github.com/hollis-labs/nanite/internal/mcp/general_tools.go:749:				callURLEncode						75.0%
github.com/hollis-labs/nanite/internal/mcp/general_tools.go:757:				callURLDecode						71.4%
github.com/hollis-labs/nanite/internal/mcp/general_tools.go:769:				callHash						91.7%
github.com/hollis-labs/nanite/internal/mcp/general_tools.go:795:				callMathEval						90.9%
github.com/hollis-labs/nanite/internal/mcp/general_tools.go:816:				callThink						0.0%
github.com/hollis-labs/nanite/internal/mcp/general_tools.go:846:				enter							100.0%
github.com/hollis-labs/nanite/internal/mcp/general_tools.go:854:				leave							100.0%
github.com/hollis-labs/nanite/internal/mcp/general_tools.go:856:				evalExpr						87.5%
github.com/hollis-labs/nanite/internal/mcp/general_tools.go:869:				parseExpr						100.0%
github.com/hollis-labs/nanite/internal/mcp/general_tools.go:877:				parseAddSub						94.1%
github.com/hollis-labs/nanite/internal/mcp/general_tools.go:904:				parseMulDiv						94.7%
github.com/hollis-labs/nanite/internal/mcp/general_tools.go:934:				parsePower						85.7%
github.com/hollis-labs/nanite/internal/mcp/general_tools.go:955:				parseUnary						85.7%
github.com/hollis-labs/nanite/internal/mcp/general_tools.go:976:				parseAtom						86.4%
github.com/hollis-labs/nanite/internal/mcp/general_tools.go:1012:				skipSpaces						100.0%
github.com/hollis-labs/nanite/internal/mcp/http_transport.go:81:				NewHTTPTransport					100.0%
github.com/hollis-labs/nanite/internal/mcp/http_transport.go:96:				NewHTTPTransportWithHeaders				100.0%
github.com/hollis-labs/nanite/internal/mcp/http_transport.go:112:				SetMaxResponseBytes					100.0%
github.com/hollis-labs/nanite/internal/mcp/http_transport.go:120:				effectiveMaxResponseBytes				100.0%
github.com/hollis-labs/nanite/internal/mcp/http_transport.go:128:				call							84.0%
github.com/hollis-labs/nanite/internal/mcp/http_transport.go:180:				ListTools						71.4%
github.com/hollis-labs/nanite/internal/mcp/http_transport.go:197:				CallTool						87.5%
github.com/hollis-labs/nanite/internal/mcp/manager.go:70:					NewManager						100.0%
github.com/hollis-labs/nanite/internal/mcp/manager.go:93:					AddServer						100.0%
github.com/hollis-labs/nanite/internal/mcp/manager.go:144:					AddBuiltinServer					100.0%
github.com/hollis-labs/nanite/internal/mcp/manager.go:155:					DiscoverServerTools					83.3%
github.com/hollis-labs/nanite/internal/mcp/manager.go:166:					RemoveServer						70.6%
github.com/hollis-labs/nanite/internal/mcp/manager.go:202:					AddHTTPServer						75.0%
github.com/hollis-labs/nanite/internal/mcp/manager.go:216:					AddHTTPServerWithHeaders				85.7%
github.com/hollis-labs/nanite/internal/mcp/manager.go:236:					AddStdioServer						0.0%
github.com/hollis-labs/nanite/internal/mcp/manager.go:269:					AddPluginServer						100.0%
github.com/hollis-labs/nanite/internal/mcp/manager.go:291:					RemoveServersByPlugin					100.0%
github.com/hollis-labs/nanite/internal/mcp/manager.go:308:					tierForLocked						100.0%
github.com/hollis-labs/nanite/internal/mcp/manager.go:324:					isFirstPartyBuiltinServerLocked				100.0%
github.com/hollis-labs/nanite/internal/mcp/manager.go:335:					DiscoverTools						85.2%
github.com/hollis-labs/nanite/internal/mcp/manager.go:471:					GetAllTools						100.0%
github.com/hollis-labs/nanite/internal/mcp/manager.go:479:					getAllToolsLocked					83.3%
github.com/hollis-labs/nanite/internal/mcp/manager.go:496:					GetAllToolsUnfiltered					100.0%
github.com/hollis-labs/nanite/internal/mcp/manager.go:518:					LookupToolInputSchema					0.0%
github.com/hollis-labs/nanite/internal/mcp/manager.go:533:					ToolAttribution						100.0%
github.com/hollis-labs/nanite/internal/mcp/manager.go:546:					HasServer						100.0%
github.com/hollis-labs/nanite/internal/mcp/manager.go:577:					assignUniformNameLocked					71.1%
github.com/hollis-labs/nanite/internal/mcp/manager.go:697:					ExecuteTool						61.5%
github.com/hollis-labs/nanite/internal/mcp/manager.go:766:					ResolveToolServer					0.0%
github.com/hollis-labs/nanite/internal/mcp/manager.go:781:					ExecuteToolOnServer					65.6%
github.com/hollis-labs/nanite/internal/mcp/manager.go:831:					assembleToolResultText					88.2%
github.com/hollis-labs/nanite/internal/mcp/manager.go:869:					HasTools						0.0%
github.com/hollis-labs/nanite/internal/mcp/manager.go:885:					ListServers						83.3%
github.com/hollis-labs/nanite/internal/mcp/manager.go:935:					AutoDiscover						82.4%
github.com/hollis-labs/nanite/internal/mcp/manager.go:1008:					toolNameToSlug						100.0%
github.com/hollis-labs/nanite/internal/mcp/manager.go:1021:					Close							0.0%
github.com/hollis-labs/nanite/internal/mcp/manager.go:1043:					GetDiscoveryWarnings					100.0%
github.com/hollis-labs/nanite/internal/mcp/manager.go:1069:					RestartStdioTransports					86.7%
github.com/hollis-labs/nanite/internal/mcp/naming.go:54:					UniformToolName						100.0%
github.com/hollis-labs/nanite/internal/mcp/naming.go:81:					DisambiguatedToolName					100.0%
github.com/hollis-labs/nanite/internal/mcp/naming.go:111:					IsReservedSelfToolName					100.0%
github.com/hollis-labs/nanite/internal/mcp/plugin_transport.go:45:				NewPluginMCPTransport					100.0%
github.com/hollis-labs/nanite/internal/mcp/plugin_transport.go:53:				ListTools						83.3%
github.com/hollis-labs/nanite/internal/mcp/plugin_transport.go:77:				CallTool						83.3%
github.com/hollis-labs/nanite/internal/mcp/stdio_transport.go:52:				NewStdioTransport					100.0%
github.com/hollis-labs/nanite/internal/mcp/stdio_transport.go:65:				SetMaxResponseBytes					100.0%
github.com/hollis-labs/nanite/internal/mcp/stdio_transport.go:75:				effectiveMaxResponseBytesLocked				66.7%
github.com/hollis-labs/nanite/internal/mcp/stdio_transport.go:83:				start							73.7%
github.com/hollis-labs/nanite/internal/mcp/stdio_transport.go:135:				buildSubprocessEnv					100.0%
github.com/hollis-labs/nanite/internal/mcp/stdio_transport.go:159:				pathSatisfied						100.0%
github.com/hollis-labs/nanite/internal/mcp/stdio_transport.go:177:				call							63.2%
github.com/hollis-labs/nanite/internal/mcp/stdio_transport.go:251:				ListTools						0.0%
github.com/hollis-labs/nanite/internal/mcp/stdio_transport.go:268:				CallTool						0.0%
github.com/hollis-labs/nanite/internal/mcp/stdio_transport.go:295:				readLineBounded						76.9%
github.com/hollis-labs/nanite/internal/mcp/stdio_transport.go:328:				killAndReapLocked					100.0%
github.com/hollis-labs/nanite/internal/mcp/stdio_transport.go:343:				Close							100.0%
github.com/hollis-labs/nanite/internal/mcp/tool_ctx.go:21:					WithSessionID						0.0%
github.com/hollis-labs/nanite/internal/mcp/tool_ctx.go:32:					SessionIDFromContext					0.0%
github.com/hollis-labs/nanite/internal/mcp/tool_ctx.go:58:					WithCallerProfile					0.0%
github.com/hollis-labs/nanite/internal/mcp/tool_ctx.go:67:					CallerProfileFromContext				0.0%
github.com/hollis-labs/nanite/internal/mcp/tool_ctx.go:108:					WithTurnToolUseIDs					0.0%
github.com/hollis-labs/nanite/internal/mcp/tool_ctx.go:122:					TurnToolUseIDsFromContext				0.0%
github.com/hollis-labs/nanite/internal/mcp/tool_ctx.go:135:					WithTurnToolNames					0.0%
github.com/hollis-labs/nanite/internal/mcp/tool_ctx.go:146:					TurnToolNamesFromContext				0.0%
github.com/hollis-labs/nanite/internal/mcp/validate.go:44:					LimitsFor						100.0%
github.com/hollis-labs/nanite/internal/mcp/validate.go:94:					Error							66.7%
github.com/hollis-labs/nanite/internal/mcp/validate.go:120:					ValidateToolMeta					93.3%
github.com/hollis-labs/nanite/internal/mcp/validate.go:187:					ValidateToolSet						100.0%
github.com/hollis-labs/nanite/internal/mcp/validate.go:220:					ValidateResultSize					100.0%
github.com/hollis-labs/nanite/internal/mcp/validate.go:244:					ValidateBlockType					100.0%
github.com/hollis-labs/nanite/internal/mcp/validate.go:272:					StripANSI						100.0%
github.com/hollis-labs/nanite/internal/mcp/validate.go:324:					ScanInjection						100.0%
github.com/hollis-labs/nanite/internal/mcp/validate.go:345:					snippetAround						90.9%
github.com/hollis-labs/nanite/internal/mcp/validate.go:365:					truncateForLog						100.0%
github.com/hollis-labs/nanite/internal/mcp/web_fetch_resilience.go:64:				Error							0.0%
github.com/hollis-labs/nanite/internal/mcp/web_fetch_resilience.go:106:				pickUserAgent						100.0%
github.com/hollis-labs/nanite/internal/mcp/web_fetch_resilience.go:114:				retryableStatusCode					100.0%
github.com/hollis-labs/nanite/internal/mcp/web_fetch_resilience.go:129:				retryableNetError					30.8%
github.com/hollis-labs/nanite/internal/mcp/web_fetch_resilience.go:164:				classifyNetError					22.2%
github.com/hollis-labs/nanite/internal/mcp/web_fetch_resilience.go:206:				retryAfterDelay						40.0%
github.com/hollis-labs/nanite/internal/mcp/web_fetch_resilience.go:230:				backoffDelay						100.0%
github.com/hollis-labs/nanite/internal/mcp/web_fetch_resilience.go:244:				fetchWithRetry						76.7%
github.com/hollis-labs/nanite/internal/mcp/web_fetch_resilience.go:412:				sleep							66.7%
github.com/hollis-labs/nanite/internal/mcp/web_fetch_resilience.go:424:				classifyEmptyHTML					100.0%
github.com/hollis-labs/nanite/internal/mcpconfig/mcpconfig.go:39:				Parse							100.0%
github.com/hollis-labs/nanite/internal/mcpconfig/mcpconfig.go:51:				ToStoreConfigs						100.0%
github.com/hollis-labs/nanite/internal/mcpconfig/mcpconfig.go:95:				Import							81.2%
github.com/hollis-labs/nanite/internal/mcpconfig/mcpconfig.go:124:				Export							95.7%
github.com/hollis-labs/nanite/internal/mcpconfig/mcpconfig.go:171:				Marshal							100.0%
github.com/hollis-labs/nanite/internal/mcpserver/handlers.go:12:				extractText						100.0%
github.com/hollis-labs/nanite/internal/mcpserver/handlers.go:42:				convertEnvelopeMarkers					100.0%
github.com/hollis-labs/nanite/internal/mcpserver/handlers.go:50:				mustMarshalSchema					83.3%
github.com/hollis-labs/nanite/internal/mcpserver/self_proxy.go:40:				newSelfToolProxy					100.0%
github.com/hollis-labs/nanite/internal/mcpserver/self_proxy.go:57:				ListTools						100.0%
github.com/hollis-labs/nanite/internal/mcpserver/self_proxy.go:62:				CallTool						73.9%
github.com/hollis-labs/nanite/internal/mcpserver/server.go:61:					New							75.0%
github.com/hollis-labs/nanite/internal/mcpserver/server.go:85:					buildToolAllowlist					81.8%
github.com/hollis-labs/nanite/internal/mcpserver/server.go:105:					Run							0.0%
github.com/hollis-labs/nanite/internal/mcpserver/server.go:116:					buildMCPServer						100.0%
github.com/hollis-labs/nanite/internal/mcpserver/server.go:126:					registerTools						100.0%
github.com/hollis-labs/nanite/internal/mcpserver/server.go:138:					toolAllowed						100.0%
github.com/hollis-labs/nanite/internal/mcpserver/server.go:146:					registerTransportTools					86.7%
github.com/hollis-labs/nanite/internal/mcpserver/server.go:173:					buildMCPTool						75.0%
github.com/hollis-labs/nanite/internal/mcpserver/server.go:195:					makeHandler						100.0%
github.com/hollis-labs/nanite/internal/mcpserver/server.go:200:					makeTransportHandler					90.9%
github.com/hollis-labs/nanite/internal/mcpserver/server.go:236:					newErrorResult						100.0%
github.com/hollis-labs/nanite/internal/memory/extraction.go:30:					NewExtractor						100.0%
github.com/hollis-labs/nanite/internal/memory/extraction.go:39:					SetDefaultUser						0.0%
github.com/hollis-labs/nanite/internal/memory/extraction.go:65:					HasMemorySignal						85.7%
github.com/hollis-labs/nanite/internal/memory/extraction.go:84:					Handle							0.0%
github.com/hollis-labs/nanite/internal/memory/extraction.go:113:				EventTypes						0.0%
github.com/hollis-labs/nanite/internal/memory/extraction.go:117:				PluginID						0.0%
github.com/hollis-labs/nanite/internal/memory/extraction.go:121:				PerTurnHook						0.0%
github.com/hollis-labs/nanite/internal/memory/extraction.go:130:				Handle							0.0%
github.com/hollis-labs/nanite/internal/memory/extraction.go:148:				EventTypes						0.0%
github.com/hollis-labs/nanite/internal/memory/extraction.go:152:				PluginID						0.0%
github.com/hollis-labs/nanite/internal/memory/extraction.go:156:				PostCompactHook						0.0%
github.com/hollis-labs/nanite/internal/memory/extraction.go:161:				extractPerTurn						65.4%
github.com/hollis-labs/nanite/internal/memory/extraction.go:239:				extractPostCompact					66.7%
github.com/hollis-labs/nanite/internal/memory/extraction.go:324:				truncateForPrompt					66.7%
github.com/hollis-labs/nanite/internal/memory/extraction.go:332:				cleanJSONResponse					100.0%
github.com/hollis-labs/nanite/internal/memory/service.go:55:					NewService						100.0%
github.com/hollis-labs/nanite/internal/memory/service.go:60:					Store							76.9%
github.com/hollis-labs/nanite/internal/memory/service.go:103:					Recall							74.2%
github.com/hollis-labs/nanite/internal/memory/service.go:185:					Get							85.7%
github.com/hollis-labs/nanite/internal/memory/service.go:200:					Promote							20.0%
github.com/hollis-labs/nanite/internal/memory/service.go:227:					Deprecate						83.3%
github.com/hollis-labs/nanite/internal/memory/service.go:241:					SessionNamespace					100.0%
github.com/hollis-labs/nanite/internal/memory/service.go:246:					ProjectNamespace					100.0%
github.com/hollis-labs/nanite/internal/memory/service.go:251:					UserNamespace						100.0%
github.com/hollis-labs/nanite/internal/memory/service.go:258:					AllNaniteNamespaces					0.0%
github.com/hollis-labs/nanite/internal/memory/service.go:263:					revisionToMemory					100.0%
github.com/hollis-labs/nanite/internal/memory/service.go:280:					mapOrigin						88.9%
github.com/hollis-labs/nanite/internal/memory/service.go:301:					mapTrigger						88.9%
github.com/hollis-labs/nanite/internal/messaging/caller.go:41:					IsZero							100.0%
github.com/hollis-labs/nanite/internal/messaging/caller.go:52:					IsComplete						100.0%
github.com/hollis-labs/nanite/internal/messaging/caller.go:70:					WithCaller						100.0%
github.com/hollis-labs/nanite/internal/messaging/caller.go:82:					CallerFromCtx						100.0%
github.com/hollis-labs/nanite/internal/messaging/events.go:93:					writeMessageEvent					60.0%
github.com/hollis-labs/nanite/internal/messaging/events.go:126:					writeSendEvents						100.0%
github.com/hollis-labs/nanite/internal/messaging/events.go:137:					WriteSessionEvent					71.4%
github.com/hollis-labs/nanite/internal/messaging/events.go:158:					SessionEvents						82.4%
github.com/hollis-labs/nanite/internal/messaging/format.go:10:					FormatSubagentResultInjection				100.0%
github.com/hollis-labs/nanite/internal/messaging/handoff.go:31:					RequestHandoff						63.2%
github.com/hollis-labs/nanite/internal/messaging/handoff.go:78:					ApproveHandoff						62.1%
github.com/hollis-labs/nanite/internal/messaging/handoff.go:163:				RejectHandoff						66.7%
github.com/hollis-labs/nanite/internal/messaging/handoff.go:182:				getHandoffStatus					80.0%
github.com/hollis-labs/nanite/internal/messaging/handoff.go:195:				nullableString						100.0%
github.com/hollis-labs/nanite/internal/messaging/service.go:81:					NewService						100.0%
github.com/hollis-labs/nanite/internal/messaging/service.go:95:					SetNotificationSink					0.0%
github.com/hollis-labs/nanite/internal/messaging/service.go:105:				SetWakeReactor						100.0%
github.com/hollis-labs/nanite/internal/messaging/service.go:118:				SetLifecycleManager					0.0%
github.com/hollis-labs/nanite/internal/messaging/service.go:132:				SendMessage						83.3%
github.com/hollis-labs/nanite/internal/messaging/service.go:229:				Inbox							100.0%
github.com/hollis-labs/nanite/internal/messaging/service.go:240:				Thread							87.5%
github.com/hollis-labs/nanite/internal/messaging/service.go:259:				Ack							81.8%
github.com/hollis-labs/nanite/internal/messaging/service.go:279:				Resolve							72.7%
github.com/hollis-labs/nanite/internal/messaging/service.go:302:				RecentForSession					100.0%
github.com/hollis-labs/nanite/internal/messaging/service.go:315:				UnreadCount						100.0%
github.com/hollis-labs/nanite/internal/messaging/service.go:330:				maybeAutoRegister					61.1%
github.com/hollis-labs/nanite/internal/messaging/service.go:384:				slugifyAgentID						80.0%
github.com/hollis-labs/nanite/internal/messaging/service.go:409:				Close							100.0%
github.com/hollis-labs/nanite/internal/messaging/sqlite.go:27:					NewSQLiteStore						100.0%
github.com/hollis-labs/nanite/internal/messaging/sqlite.go:40:					Send							100.0%
github.com/hollis-labs/nanite/internal/messaging/sqlite.go:96:					Get							85.7%
github.com/hollis-labs/nanite/internal/messaging/sqlite.go:121:					Inbox							94.1%
github.com/hollis-labs/nanite/internal/messaging/sqlite.go:151:					Thread							80.0%
github.com/hollis-labs/nanite/internal/messaging/sqlite.go:169:					Recent							85.7%
github.com/hollis-labs/nanite/internal/messaging/sqlite.go:202:					Ack							75.0%
github.com/hollis-labs/nanite/internal/messaging/sqlite.go:219:					Resolve							75.0%
github.com/hollis-labs/nanite/internal/messaging/sqlite.go:237:					UnreadCount						80.0%
github.com/hollis-labs/nanite/internal/messaging/sqlite.go:256:					DB							0.0%
github.com/hollis-labs/nanite/internal/messaging/sqlite.go:263:					nullIfEmpty						100.0%
github.com/hollis-labs/nanite/internal/messaging/sqlite.go:270:					scanRows						85.7%
github.com/hollis-labs/nanite/internal/messaging/subscribe.go:47:				newPubsub						100.0%
github.com/hollis-labs/nanite/internal/messaging/subscribe.go:57:				subscribe						100.0%
github.com/hollis-labs/nanite/internal/messaging/subscribe.go:99:				closeAll						100.0%
github.com/hollis-labs/nanite/internal/messaging/subscribe.go:123:				publish							85.7%
github.com/hollis-labs/nanite/internal/messaging/subscribe.go:148:				SubscribeSessionAgent					66.7%
github.com/hollis-labs/nanite/internal/messaging/validate.go:53:				ValidateAgentID						100.0%
github.com/hollis-labs/nanite/internal/otel/otel.go:51:						Init							100.0%
github.com/hollis-labs/nanite/internal/pathsafe/pathsafe.go:29:					Error							83.3%
github.com/hollis-labs/nanite/internal/pathsafe/pathsafe.go:40:					Unwrap							100.0%
github.com/hollis-labs/nanite/internal/pathsafe/pathsafe.go:60:					ResolveUnder						85.7%
github.com/hollis-labs/nanite/internal/pathsafe/pathsafe.go:119:				resolveSymlinksBestEffort				80.0%
github.com/hollis-labs/nanite/internal/pathsafe/pathsafe.go:155:				isUnder							78.6%
github.com/hollis-labs/nanite/internal/permission/derivation.go:144:				DeriveSubagentRuleSet					96.9%
github.com/hollis-labs/nanite/internal/permission/derivation.go:228:				tagAsForwarded						100.0%
github.com/hollis-labs/nanite/internal/permission/engine.go:75:					NewEngine						100.0%
github.com/hollis-labs/nanite/internal/permission/engine.go:88:					SetMode							0.0%
github.com/hollis-labs/nanite/internal/permission/engine.go:95:					Mode							0.0%
github.com/hollis-labs/nanite/internal/permission/engine.go:102:				SetRules						0.0%
github.com/hollis-labs/nanite/internal/permission/engine.go:109:				SetApprovalTimeout					100.0%
github.com/hollis-labs/nanite/internal/permission/engine.go:117:				Check							100.0%
github.com/hollis-labs/nanite/internal/permission/engine.go:156:				defaultDecision						69.2%
github.com/hollis-labs/nanite/internal/permission/engine.go:184:				RequestApproval						100.0%
github.com/hollis-labs/nanite/internal/permission/engine.go:202:				WaitForApproval						100.0%
github.com/hollis-labs/nanite/internal/permission/engine.go:226:				Respond							86.7%
github.com/hollis-labs/nanite/internal/permission/engine.go:258:				ClearSessionGrants					100.0%
github.com/hollis-labs/nanite/internal/permission/engine.go:267:				isFileEditTool						100.0%
github.com/hollis-labs/nanite/internal/permission/home_dir.go:24:				HomeDir							75.0%
github.com/hollis-labs/nanite/internal/permission/path_grants.go:81:				NewPathGrants						100.0%
github.com/hollis-labs/nanite/internal/permission/path_grants.go:105:				RegisterFromUserMessage					86.7%
github.com/hollis-labs/nanite/internal/permission/path_grants.go:187:				LookupPath						92.9%
github.com/hollis-labs/nanite/internal/permission/path_grants.go:257:				lookupInBucket						83.3%
github.com/hollis-labs/nanite/internal/permission/path_grants.go:280:				IsPathAllowed						100.0%
github.com/hollis-labs/nanite/internal/permission/path_grants.go:296:				RegisterLineage						100.0%
github.com/hollis-labs/nanite/internal/permission/path_grants.go:308:				ClearLineage						100.0%
github.com/hollis-labs/nanite/internal/permission/path_grants.go:330:				RegisterDerivedRules					0.0%
github.com/hollis-labs/nanite/internal/permission/path_grants.go:345:				LookupDerivedRules					0.0%
github.com/hollis-labs/nanite/internal/permission/path_grants.go:358:				BucketSize						80.0%
github.com/hollis-labs/nanite/internal/permission/path_grants.go:391:				BestSessionDir						87.5%
github.com/hollis-labs/nanite/internal/permission/path_grants.go:449:				Clear							100.0%
github.com/hollis-labs/nanite/internal/permission/path_grants.go:462:				ListGrants						81.8%
github.com/hollis-labs/nanite/internal/permission/path_grants.go:490:				ListLineageGrants					94.4%
github.com/hollis-labs/nanite/internal/permission/path_grants.go:542:				ExtractPathMentions					93.8%
github.com/hollis-labs/nanite/internal/permission/path_grants.go:568:				isPathToken						100.0%
github.com/hollis-labs/nanite/internal/permission/path_grants.go:601:				trimMarkdownAndPunct					100.0%
github.com/hollis-labs/nanite/internal/permission/path_grants.go:635:				absolutize						69.2%
github.com/hollis-labs/nanite/internal/permission/path_grants.go:661:				ensureTrailingSep					66.7%
github.com/hollis-labs/nanite/internal/permission/path_grants_ctx.go:40:			WithPathGrants						80.0%
github.com/hollis-labs/nanite/internal/permission/path_grants_ctx.go:54:			PathGrantsFromContext					75.0%
github.com/hollis-labs/nanite/internal/permission/resolve.go:101:				Resolve							94.4%
github.com/hollis-labs/nanite/internal/permission/resolve.go:142:				HasWorkspaceRelative					100.0%
github.com/hollis-labs/nanite/internal/permission/resolve.go:157:				IsWorkspaceRelativePattern				100.0%
github.com/hollis-labs/nanite/internal/permission/resolve.go:179:				ResolvePattern						94.7%
github.com/hollis-labs/nanite/internal/permission/resolve.go:249:				canonicalizeWorkingDir					60.0%
github.com/hollis-labs/nanite/internal/permission/resolve.go:277:				isWithin						88.9%
github.com/hollis-labs/nanite/internal/permission/resolve.go:310:				splitGlob						100.0%
github.com/hollis-labs/nanite/internal/permission/resolve.go:333:				containsGlobMeta					100.0%
github.com/hollis-labs/nanite/internal/permission/rules.go:36:					Evaluate						100.0%
github.com/hollis-labs/nanite/internal/permission/rules.go:87:					Matches							100.0%
github.com/hollis-labs/nanite/internal/permission/rules.go:103:					matchGlob						66.7%
github.com/hollis-labs/nanite/internal/permission/rules.go:116:					matchInputPattern					100.0%
github.com/hollis-labs/nanite/internal/permission/rules.go:141:					matchPathGlob						100.0%
github.com/hollis-labs/nanite/internal/permission/rules.go:157:					LoadRulesFromFile					77.8%
github.com/hollis-labs/nanite/internal/permission/rules.go:178:					MergeRuleSets						87.5%
github.com/hollis-labs/nanite/internal/permission/rules.go:193:					SaveRulesToFile						75.0%
github.com/hollis-labs/nanite/internal/permission/summary.go:129:				RenderPermissionSummary					100.0%
github.com/hollis-labs/nanite/internal/permission/summary.go:216:				classifyRules						100.0%
github.com/hollis-labs/nanite/internal/permission/summary.go:245:				writeRuleList						94.1%
github.com/hollis-labs/nanite/internal/permission/summary.go:277:				normalizeAllowedPaths					94.4%
github.com/hollis-labs/nanite/internal/permission/summary.go:309:				dedupSortedCopy						85.7%
github.com/hollis-labs/nanite/internal/permission/summary.go:335:				subtractAndDedup					89.5%
github.com/hollis-labs/nanite/internal/plugin/agent_profiles.go:163:				ParsePluginAgentProfileFile				90.0%
github.com/hollis-labs/nanite/internal/plugin/agent_profiles.go:186:				Validate						52.0%
github.com/hollis-labs/nanite/internal/plugin/agent_profiles.go:234:				validateOptionalClass					66.7%
github.com/hollis-labs/nanite/internal/plugin/agent_profiles.go:272:				SweepPluginAgentProfiles				67.6%
github.com/hollis-labs/nanite/internal/plugin/agent_profiles.go:352:				registerManifestAgentProfiles				74.3%
github.com/hollis-labs/nanite/internal/plugin/agent_profiles.go:413:				applyPluginAgentProfile					72.4%
github.com/hollis-labs/nanite/internal/plugin/agent_profiles.go:534:				resolveOrCreatePluginRole				75.0%
github.com/hollis-labs/nanite/internal/plugin/agent_profiles.go:572:				resolveOrCreateConsumer					77.8%
github.com/hollis-labs/nanite/internal/plugin/agent_profiles.go:594:				humanizeSlug						77.8%
github.com/hollis-labs/nanite/internal/plugin/builtin/adapter-claude/plugin.go:37:		loadManifest						0.0%
github.com/hollis-labs/nanite/internal/plugin/builtin/adapter-claude/plugin.go:48:		init							50.0%
github.com/hollis-labs/nanite/internal/plugin/builtin/adapter-claude/plugin.go:64:		New							100.0%
github.com/hollis-labs/nanite/internal/plugin/builtin/adapter-claude/plugin.go:71:		Adapter							100.0%
github.com/hollis-labs/nanite/internal/plugin/builtin/adapter-claude/plugin.go:73:		ID							0.0%
github.com/hollis-labs/nanite/internal/plugin/builtin/adapter-claude/plugin.go:74:		Name							0.0%
github.com/hollis-labs/nanite/internal/plugin/builtin/adapter-claude/plugin.go:75:		Version							0.0%
github.com/hollis-labs/nanite/internal/plugin/builtin/adapter-claude/plugin.go:76:		Description						0.0%
github.com/hollis-labs/nanite/internal/plugin/builtin/adapter-claude/plugin.go:77:		Dependencies						0.0%
github.com/hollis-labs/nanite/internal/plugin/builtin/adapter-claude/plugin.go:83:		Manifest						0.0%
github.com/hollis-labs/nanite/internal/plugin/builtin/adapter-claude/plugin.go:85:		Load							0.0%
github.com/hollis-labs/nanite/internal/plugin/builtin/adapter-claude/plugin.go:96:		Unload							0.0%
github.com/hollis-labs/nanite/internal/plugin/builtin/adapter-claude/plugin.go:105:		Status							0.0%
github.com/hollis-labs/nanite/internal/plugin/builtin/adapter-claude/plugin.go:122:		Name							0.0%
github.com/hollis-labs/nanite/internal/plugin/builtin/adapter-claude/plugin.go:125:		Priority						0.0%
github.com/hollis-labs/nanite/internal/plugin/builtin/adapter-claude/plugin.go:137:		Discover						100.0%
github.com/hollis-labs/nanite/internal/plugin/builtin/adapter-claude/plugin.go:153:		PopulateSandbox						0.0%
github.com/hollis-labs/nanite/internal/plugin/builtin/adapter-claude/plugin.go:160:		SyncProjectRoot						41.7%
github.com/hollis-labs/nanite/internal/plugin/builtin/adapter-codex/plugin.go:32:		loadManifest						0.0%
github.com/hollis-labs/nanite/internal/plugin/builtin/adapter-codex/plugin.go:43:		init							50.0%
github.com/hollis-labs/nanite/internal/plugin/builtin/adapter-codex/plugin.go:59:		New							100.0%
github.com/hollis-labs/nanite/internal/plugin/builtin/adapter-codex/plugin.go:66:		Adapter							100.0%
github.com/hollis-labs/nanite/internal/plugin/builtin/adapter-codex/plugin.go:68:		ID							0.0%
github.com/hollis-labs/nanite/internal/plugin/builtin/adapter-codex/plugin.go:69:		Name							0.0%
github.com/hollis-labs/nanite/internal/plugin/builtin/adapter-codex/plugin.go:70:		Version							0.0%
github.com/hollis-labs/nanite/internal/plugin/builtin/adapter-codex/plugin.go:71:		Description						0.0%
github.com/hollis-labs/nanite/internal/plugin/builtin/adapter-codex/plugin.go:72:		Dependencies						0.0%
github.com/hollis-labs/nanite/internal/plugin/builtin/adapter-codex/plugin.go:77:		Manifest						0.0%
github.com/hollis-labs/nanite/internal/plugin/builtin/adapter-codex/plugin.go:79:		Load							0.0%
github.com/hollis-labs/nanite/internal/plugin/builtin/adapter-codex/plugin.go:90:		Unload							0.0%
github.com/hollis-labs/nanite/internal/plugin/builtin/adapter-codex/plugin.go:99:		Status							0.0%
github.com/hollis-labs/nanite/internal/plugin/builtin/adapter-codex/plugin.go:116:		Name							0.0%
github.com/hollis-labs/nanite/internal/plugin/builtin/adapter-codex/plugin.go:119:		Priority						0.0%
github.com/hollis-labs/nanite/internal/plugin/builtin/adapter-codex/plugin.go:131:		Discover						100.0%
github.com/hollis-labs/nanite/internal/plugin/builtin/adapter-codex/plugin.go:136:		PopulateSandbox						80.0%
github.com/hollis-labs/nanite/internal/plugin/builtin/adapter-codex/plugin.go:148:		SyncProjectRoot						83.3%
github.com/hollis-labs/nanite/internal/plugin/builtin/adapter-codex/plugin.go:167:		buildAgentsMD						53.3%
github.com/hollis-labs/nanite/internal/plugin/builtin/adapter-codex/plugin.go:193:		buildNaniteAgentsSection				0.0%
github.com/hollis-labs/nanite/internal/plugin/builtin/adapter-gemini/plugin.go:32:		loadManifest						0.0%
github.com/hollis-labs/nanite/internal/plugin/builtin/adapter-gemini/plugin.go:43:		init							50.0%
github.com/hollis-labs/nanite/internal/plugin/builtin/adapter-gemini/plugin.go:59:		New							100.0%
github.com/hollis-labs/nanite/internal/plugin/builtin/adapter-gemini/plugin.go:66:		Adapter							100.0%
github.com/hollis-labs/nanite/internal/plugin/builtin/adapter-gemini/plugin.go:68:		ID							0.0%
github.com/hollis-labs/nanite/internal/plugin/builtin/adapter-gemini/plugin.go:69:		Name							0.0%
github.com/hollis-labs/nanite/internal/plugin/builtin/adapter-gemini/plugin.go:70:		Version							0.0%
github.com/hollis-labs/nanite/internal/plugin/builtin/adapter-gemini/plugin.go:71:		Description						0.0%
github.com/hollis-labs/nanite/internal/plugin/builtin/adapter-gemini/plugin.go:72:		Dependencies						0.0%
github.com/hollis-labs/nanite/internal/plugin/builtin/adapter-gemini/plugin.go:77:		Manifest						0.0%
github.com/hollis-labs/nanite/internal/plugin/builtin/adapter-gemini/plugin.go:79:		Load							0.0%
github.com/hollis-labs/nanite/internal/plugin/builtin/adapter-gemini/plugin.go:90:		Unload							0.0%
github.com/hollis-labs/nanite/internal/plugin/builtin/adapter-gemini/plugin.go:99:		Status							0.0%
github.com/hollis-labs/nanite/internal/plugin/builtin/adapter-gemini/plugin.go:116:		Name							0.0%
github.com/hollis-labs/nanite/internal/plugin/builtin/adapter-gemini/plugin.go:119:		Priority						0.0%
github.com/hollis-labs/nanite/internal/plugin/builtin/adapter-gemini/plugin.go:131:		Discover						100.0%
github.com/hollis-labs/nanite/internal/plugin/builtin/adapter-gemini/plugin.go:136:		PopulateSandbox						80.0%
github.com/hollis-labs/nanite/internal/plugin/builtin/adapter-gemini/plugin.go:148:		SyncProjectRoot						83.3%
github.com/hollis-labs/nanite/internal/plugin/builtin/adapter-gemini/plugin.go:167:		buildGeminiMD						53.3%
github.com/hollis-labs/nanite/internal/plugin/builtin/adapter-gemini/plugin.go:193:		buildNaniteAgentsSection				0.0%
github.com/hollis-labs/nanite/internal/plugin/builtin/adapter-nanite-native/plugin.go:41:	loadManifest						0.0%
github.com/hollis-labs/nanite/internal/plugin/builtin/adapter-nanite-native/plugin.go:52:	init							50.0%
github.com/hollis-labs/nanite/internal/plugin/builtin/adapter-nanite-native/plugin.go:104:	New							100.0%
github.com/hollis-labs/nanite/internal/plugin/builtin/adapter-nanite-native/plugin.go:111:	Adapter							100.0%
github.com/hollis-labs/nanite/internal/plugin/builtin/adapter-nanite-native/plugin.go:113:	ID							0.0%
github.com/hollis-labs/nanite/internal/plugin/builtin/adapter-nanite-native/plugin.go:114:	Name							0.0%
github.com/hollis-labs/nanite/internal/plugin/builtin/adapter-nanite-native/plugin.go:115:	Version							0.0%
github.com/hollis-labs/nanite/internal/plugin/builtin/adapter-nanite-native/plugin.go:116:	Description						0.0%
github.com/hollis-labs/nanite/internal/plugin/builtin/adapter-nanite-native/plugin.go:119:	Dependencies						0.0%
github.com/hollis-labs/nanite/internal/plugin/builtin/adapter-nanite-native/plugin.go:124:	Manifest						0.0%
github.com/hollis-labs/nanite/internal/plugin/builtin/adapter-nanite-native/plugin.go:144:	Load							100.0%
github.com/hollis-labs/nanite/internal/plugin/builtin/adapter-nanite-native/plugin.go:151:	Unload							0.0%
github.com/hollis-labs/nanite/internal/plugin/builtin/adapter-nanite-native/plugin.go:160:	Status							100.0%
github.com/hollis-labs/nanite/internal/plugin/builtin/adapter-nanite-native/plugin.go:181:	Name							100.0%
github.com/hollis-labs/nanite/internal/plugin/builtin/adapter-nanite-native/plugin.go:184:	Priority						100.0%
github.com/hollis-labs/nanite/internal/plugin/builtin/adapter-nanite-native/plugin.go:205:	Discover						100.0%
github.com/hollis-labs/nanite/internal/plugin/builtin/adapter-nanite-native/plugin.go:210:	PopulateSandbox						75.0%
github.com/hollis-labs/nanite/internal/plugin/builtin/adapter-nanite-native/plugin.go:235:	SyncProjectRoot						100.0%
github.com/hollis-labs/nanite/internal/plugin/builtin/adapter-nanite-native/plugin.go:241:	ComposePrompt						0.0%
github.com/hollis-labs/nanite/internal/plugin/builtin/adapter-nanite-native/plugin.go:277:	ListRoles						0.0%
github.com/hollis-labs/nanite/internal/plugin/builtin/adapter-nanite-native/plugin.go:325:	ListSkills						0.0%
github.com/hollis-labs/nanite/internal/plugin/builtin/adapter-nanite-native/plugin.go:361:	globalDir						0.0%
github.com/hollis-labs/nanite/internal/plugin/builtin/adapter-nanite-native/plugin.go:365:	readGlobalConfigFromHome				0.0%
github.com/hollis-labs/nanite/internal/plugin/builtin/adapter-nanite-native/plugin.go:374:	readProjectConfigFromRoot				100.0%
github.com/hollis-labs/nanite/internal/plugin/builtin/adapter-nanite-native/plugin.go:384:	readGlobalConfig					0.0%
github.com/hollis-labs/nanite/internal/plugin/builtin/adapter-nanite-native/plugin.go:400:	readProjectConfig					85.7%
github.com/hollis-labs/nanite/internal/plugin/builtin/adapter-nanite-native/plugin.go:413:	composeSystemPrompt					84.6%
github.com/hollis-labs/nanite/internal/plugin/builtin/adapter-nanite-native/plugin.go:436:	dirExists						0.0%
github.com/hollis-labs/nanite/internal/plugin/builtin/adapter-opencode/plugin.go:35:		loadManifest						0.0%
github.com/hollis-labs/nanite/internal/plugin/builtin/adapter-opencode/plugin.go:46:		init							50.0%
github.com/hollis-labs/nanite/internal/plugin/builtin/adapter-opencode/plugin.go:62:		New							100.0%
github.com/hollis-labs/nanite/internal/plugin/builtin/adapter-opencode/plugin.go:69:		Adapter							100.0%
github.com/hollis-labs/nanite/internal/plugin/builtin/adapter-opencode/plugin.go:71:		ID							0.0%
github.com/hollis-labs/nanite/internal/plugin/builtin/adapter-opencode/plugin.go:72:		Name							0.0%
github.com/hollis-labs/nanite/internal/plugin/builtin/adapter-opencode/plugin.go:73:		Version							0.0%
github.com/hollis-labs/nanite/internal/plugin/builtin/adapter-opencode/plugin.go:74:		Description						0.0%
github.com/hollis-labs/nanite/internal/plugin/builtin/adapter-opencode/plugin.go:75:		Dependencies						0.0%
github.com/hollis-labs/nanite/internal/plugin/builtin/adapter-opencode/plugin.go:80:		Manifest						0.0%
github.com/hollis-labs/nanite/internal/plugin/builtin/adapter-opencode/plugin.go:82:		Load							0.0%
github.com/hollis-labs/nanite/internal/plugin/builtin/adapter-opencode/plugin.go:93:		Unload							0.0%
github.com/hollis-labs/nanite/internal/plugin/builtin/adapter-opencode/plugin.go:102:		Status							0.0%
github.com/hollis-labs/nanite/internal/plugin/builtin/adapter-opencode/plugin.go:119:		Name							0.0%
github.com/hollis-labs/nanite/internal/plugin/builtin/adapter-opencode/plugin.go:122:		Priority						0.0%
github.com/hollis-labs/nanite/internal/plugin/builtin/adapter-opencode/plugin.go:134:		Discover						100.0%
github.com/hollis-labs/nanite/internal/plugin/builtin/adapter-opencode/plugin.go:139:		PopulateSandbox						80.0%
github.com/hollis-labs/nanite/internal/plugin/builtin/adapter-opencode/plugin.go:151:		SyncProjectRoot						83.3%
github.com/hollis-labs/nanite/internal/plugin/builtin/adapter-opencode/plugin.go:170:		buildOpencodeMD						53.3%
github.com/hollis-labs/nanite/internal/plugin/builtin/adapter-opencode/plugin.go:196:		buildNaniteAgentsSection				0.0%
github.com/hollis-labs/nanite/internal/plugin/builtin/agentwidgets/plugin.go:21:		loadManifest						83.3%
github.com/hollis-labs/nanite/internal/plugin/builtin/agentwidgets/plugin.go:32:		init							100.0%
github.com/hollis-labs/nanite/internal/plugin/builtin/agentwidgets/plugin.go:41:		New							100.0%
github.com/hollis-labs/nanite/internal/plugin/builtin/agentwidgets/plugin.go:43:		ID							100.0%
github.com/hollis-labs/nanite/internal/plugin/builtin/agentwidgets/plugin.go:44:		Name							100.0%
github.com/hollis-labs/nanite/internal/plugin/builtin/agentwidgets/plugin.go:45:		Version							100.0%
github.com/hollis-labs/nanite/internal/plugin/builtin/agentwidgets/plugin.go:46:		Description						0.0%
github.com/hollis-labs/nanite/internal/plugin/builtin/agentwidgets/plugin.go:47:		Dependencies						100.0%
github.com/hollis-labs/nanite/internal/plugin/builtin/agentwidgets/plugin.go:51:		Manifest						100.0%
github.com/hollis-labs/nanite/internal/plugin/builtin/agentwidgets/plugin.go:53:		Load							100.0%
github.com/hollis-labs/nanite/internal/plugin/builtin/agentwidgets/plugin.go:59:		Unload							0.0%
github.com/hollis-labs/nanite/internal/plugin/builtin/agentwidgets/plugin.go:65:		Status							0.0%
github.com/hollis-labs/nanite/internal/plugin/builtin/bookmarks/plugin.go:28:			loadManifest						83.3%
github.com/hollis-labs/nanite/internal/plugin/builtin/bookmarks/plugin.go:39:			init							100.0%
github.com/hollis-labs/nanite/internal/plugin/builtin/bookmarks/plugin.go:48:			New							100.0%
github.com/hollis-labs/nanite/internal/plugin/builtin/bookmarks/plugin.go:50:			ID							100.0%
github.com/hollis-labs/nanite/internal/plugin/builtin/bookmarks/plugin.go:51:			Name							100.0%
github.com/hollis-labs/nanite/internal/plugin/builtin/bookmarks/plugin.go:52:			Version							100.0%
github.com/hollis-labs/nanite/internal/plugin/builtin/bookmarks/plugin.go:53:			Description						0.0%
github.com/hollis-labs/nanite/internal/plugin/builtin/bookmarks/plugin.go:54:			Dependencies						100.0%
github.com/hollis-labs/nanite/internal/plugin/builtin/bookmarks/plugin.go:60:			Manifest						100.0%
github.com/hollis-labs/nanite/internal/plugin/builtin/bookmarks/plugin.go:64:			Load							100.0%
github.com/hollis-labs/nanite/internal/plugin/builtin/bookmarks/plugin.go:73:			Unload							100.0%
github.com/hollis-labs/nanite/internal/plugin/builtin/bookmarks/plugin.go:79:			Status							0.0%
github.com/hollis-labs/nanite/internal/plugin/builtin/contextwidgets/plugin.go:21:		loadManifest						83.3%
github.com/hollis-labs/nanite/internal/plugin/builtin/contextwidgets/plugin.go:32:		init							100.0%
github.com/hollis-labs/nanite/internal/plugin/builtin/contextwidgets/plugin.go:41:		New							100.0%
github.com/hollis-labs/nanite/internal/plugin/builtin/contextwidgets/plugin.go:43:		ID							100.0%
github.com/hollis-labs/nanite/internal/plugin/builtin/contextwidgets/plugin.go:44:		Name							100.0%
github.com/hollis-labs/nanite/internal/plugin/builtin/contextwidgets/plugin.go:45:		Version							100.0%
github.com/hollis-labs/nanite/internal/plugin/builtin/contextwidgets/plugin.go:46:		Description						0.0%
github.com/hollis-labs/nanite/internal/plugin/builtin/contextwidgets/plugin.go:47:		Dependencies						100.0%
github.com/hollis-labs/nanite/internal/plugin/builtin/contextwidgets/plugin.go:51:		Manifest						100.0%
github.com/hollis-labs/nanite/internal/plugin/builtin/contextwidgets/plugin.go:53:		Load							100.0%
github.com/hollis-labs/nanite/internal/plugin/builtin/contextwidgets/plugin.go:59:		Unload							0.0%
github.com/hollis-labs/nanite/internal/plugin/builtin/contextwidgets/plugin.go:65:		Status							0.0%
github.com/hollis-labs/nanite/internal/plugin/builtin/debugwidgets/plugin.go:21:		loadManifest						83.3%
github.com/hollis-labs/nanite/internal/plugin/builtin/debugwidgets/plugin.go:32:		init							100.0%
github.com/hollis-labs/nanite/internal/plugin/builtin/debugwidgets/plugin.go:48:		New							100.0%
github.com/hollis-labs/nanite/internal/plugin/builtin/debugwidgets/plugin.go:50:		ID							100.0%
github.com/hollis-labs/nanite/internal/plugin/builtin/debugwidgets/plugin.go:51:		Name							100.0%
github.com/hollis-labs/nanite/internal/plugin/builtin/debugwidgets/plugin.go:52:		Version							100.0%
github.com/hollis-labs/nanite/internal/plugin/builtin/debugwidgets/plugin.go:53:		Description						0.0%
github.com/hollis-labs/nanite/internal/plugin/builtin/debugwidgets/plugin.go:54:		Dependencies						100.0%
github.com/hollis-labs/nanite/internal/plugin/builtin/debugwidgets/plugin.go:58:		Manifest						100.0%
github.com/hollis-labs/nanite/internal/plugin/builtin/debugwidgets/plugin.go:60:		Load							100.0%
github.com/hollis-labs/nanite/internal/plugin/builtin/debugwidgets/plugin.go:66:		Unload							0.0%
github.com/hollis-labs/nanite/internal/plugin/builtin/debugwidgets/plugin.go:72:		Status							0.0%
github.com/hollis-labs/nanite/internal/plugin/builtin/observabilitywidgets/plugin.go:21:	loadManifest						83.3%
github.com/hollis-labs/nanite/internal/plugin/builtin/observabilitywidgets/plugin.go:32:	init							100.0%
github.com/hollis-labs/nanite/internal/plugin/builtin/observabilitywidgets/plugin.go:41:	New							100.0%
github.com/hollis-labs/nanite/internal/plugin/builtin/observabilitywidgets/plugin.go:43:	ID							100.0%
github.com/hollis-labs/nanite/internal/plugin/builtin/observabilitywidgets/plugin.go:44:	Name							100.0%
github.com/hollis-labs/nanite/internal/plugin/builtin/observabilitywidgets/plugin.go:45:	Version							100.0%
github.com/hollis-labs/nanite/internal/plugin/builtin/observabilitywidgets/plugin.go:46:	Description						0.0%
github.com/hollis-labs/nanite/internal/plugin/builtin/observabilitywidgets/plugin.go:47:	Dependencies						100.0%
github.com/hollis-labs/nanite/internal/plugin/builtin/observabilitywidgets/plugin.go:51:	Manifest						100.0%
github.com/hollis-labs/nanite/internal/plugin/builtin/observabilitywidgets/plugin.go:53:	Load							100.0%
github.com/hollis-labs/nanite/internal/plugin/builtin/observabilitywidgets/plugin.go:59:	Unload							0.0%
github.com/hollis-labs/nanite/internal/plugin/builtin/observabilitywidgets/plugin.go:65:	Status							0.0%
github.com/hollis-labs/nanite/internal/plugin/cardrules.go:38:					Matches							25.0%
github.com/hollis-labs/nanite/internal/plugin/cardrules.go:67:					registerBuiltin						100.0%
github.com/hollis-labs/nanite/internal/plugin/cardrules.go:78:					registerPlugin						75.0%
github.com/hollis-labs/nanite/internal/plugin/cardrules.go:117:					removeByPlugin						91.7%
github.com/hollis-labs/nanite/internal/plugin/cardrules.go:140:					detect							100.0%
github.com/hollis-labs/nanite/internal/plugin/cardrules.go:154:					snapshot						100.0%
github.com/hollis-labs/nanite/internal/plugin/cardrules.go:167:					RegisterCardRule					100.0%
github.com/hollis-labs/nanite/internal/plugin/cardrules.go:177:					UnregisterPluginCardRules				100.0%
github.com/hollis-labs/nanite/internal/plugin/cardrules.go:188:					DetectCardType						100.0%
github.com/hollis-labs/nanite/internal/plugin/cardrules.go:194:					GetCardRules						100.0%
github.com/hollis-labs/nanite/internal/plugin/cardrules.go:202:					compileCardRule						50.0%
github.com/hollis-labs/nanite/internal/plugin/catalog.go:77:					NewCatalogFetcher					100.0%
github.com/hollis-labs/nanite/internal/plugin/catalog.go:88:					Fetch							100.0%
github.com/hollis-labs/nanite/internal/plugin/catalog.go:135:					Invalidate						100.0%
github.com/hollis-labs/nanite/internal/plugin/catalog.go:143:					fetchSource						73.7%
github.com/hollis-labs/nanite/internal/plugin/catalog.go:178:					merge							92.9%
github.com/hollis-labs/nanite/internal/plugin/catalog.go:210:					diskCachePath						100.0%
github.com/hollis-labs/nanite/internal/plugin/catalog.go:219:					saveDiskCache						80.0%
github.com/hollis-labs/nanite/internal/plugin/catalog.go:228:					loadDiskCache						70.0%
github.com/hollis-labs/nanite/internal/plugin/catalog.go:246:					VerifyChecksum						87.5%
github.com/hollis-labs/nanite/internal/plugin/catalog/fetch.go:53:				Fetch							89.7%
github.com/hollis-labs/nanite/internal/plugin/catalog/fetch.go:112:				fetchUnverified						0.0%
github.com/hollis-labs/nanite/internal/plugin/catalog/fetch.go:144:				downloadPair						81.8%
github.com/hollis-labs/nanite/internal/plugin/catalog/fetch.go:163:				fetchBytes						70.6%
github.com/hollis-labs/nanite/internal/plugin/catalog/fetch.go:189:				verify							71.4%
github.com/hollis-labs/nanite/internal/plugin/catalog/fetch.go:202:				cachePaths						80.0%
github.com/hollis-labs/nanite/internal/plugin/catalog/fetch.go:211:				writeCache						83.3%
github.com/hollis-labs/nanite/internal/plugin/catalog/fetch.go:221:				readCache						70.0%
github.com/hollis-labs/nanite/internal/plugin/catalog/fetch.go:237:				removeCache						80.0%
github.com/hollis-labs/nanite/internal/plugin/catalog/trust.go:32:				NewKeyRing						100.0%
github.com/hollis-labs/nanite/internal/plugin/catalog/trust.go:42:				Add							100.0%
github.com/hollis-labs/nanite/internal/plugin/catalog/trust.go:56:				Revoke							100.0%
github.com/hollis-labs/nanite/internal/plugin/catalog/trust.go:71:				Lookup							100.0%
github.com/hollis-labs/nanite/internal/plugin/catalog/trust.go:90:				LookupFunc						100.0%
github.com/hollis-labs/nanite/internal/plugin/catalog/trustedkeys.go:43:			RootKey							83.3%
github.com/hollis-labs/nanite/internal/plugin/catalog/trustedkeys.go:54:			parseEd25519PublicKeyPEM				66.7%
github.com/hollis-labs/nanite/internal/plugin/config.go:21:					IsOptIn							100.0%
github.com/hollis-labs/nanite/internal/plugin/config.go:26:					Effective						100.0%
github.com/hollis-labs/nanite/internal/plugin/config.go:320:					Identifier						66.7%
github.com/hollis-labs/nanite/internal/plugin/config.go:329:					EffectiveLoadType					100.0%
github.com/hollis-labs/nanite/internal/plugin/config.go:355:					NewPluginConfig						0.0%
github.com/hollis-labs/nanite/internal/plugin/config.go:391:					ParseManifest						71.4%
github.com/hollis-labs/nanite/internal/plugin/config.go:408:					Get							0.0%
github.com/hollis-labs/nanite/internal/plugin/crud.go:13:					handleCRUDList						31.2%
github.com/hollis-labs/nanite/internal/plugin/crud.go:45:					handleCRUDCreate					60.0%
github.com/hollis-labs/nanite/internal/plugin/crud.go:63:					handleCRUDRead						55.6%
github.com/hollis-labs/nanite/internal/plugin/crud.go:80:					handleCRUDUpdate					57.1%
github.com/hollis-labs/nanite/internal/plugin/crud.go:104:					handleCRUDDelete					55.6%
github.com/hollis-labs/nanite/internal/plugin/crud.go:123:					crudErrorResp						0.0%
github.com/hollis-labs/nanite/internal/plugin/crud.go:134:					jsonResp						75.0%
github.com/hollis-labs/nanite/internal/plugin/crud.go:143:					errorResp						0.0%
github.com/hollis-labs/nanite/internal/plugin/envelope_validator.go:23:				SetEnvelopeValidatorDevModeFunc				100.0%
github.com/hollis-labs/nanite/internal/plugin/envelope_validator.go:31:				isEnvelopeValidatorDevMode				100.0%
github.com/hollis-labs/nanite/internal/plugin/envelope_validator.go:42:				pluginRegistryName					100.0%
github.com/hollis-labs/nanite/internal/plugin/envelope_validator.go:58:				RegisterPluginEnvelopeSchema				69.2%
github.com/hollis-labs/nanite/internal/plugin/envelope_validator.go:80:				registerPluginEnvelopeSchemaFromFile			0.0%
github.com/hollis-labs/nanite/internal/plugin/envelope_validator.go:93:				ValidatePluginEnvelope					85.0%
github.com/hollis-labs/nanite/internal/plugin/envelope_validator.go:138:			FilterPluginEnvelopes					87.5%
github.com/hollis-labs/nanite/internal/plugin/envelope_validator.go:169:			pluginRegistryHas					83.3%
github.com/hollis-labs/nanite/internal/plugin/envelope_validator.go:183:			EnvelopeRegistry					100.0%
github.com/hollis-labs/nanite/internal/plugin/event_stream.go:9:				SubscribeEvents						0.0%
github.com/hollis-labs/nanite/internal/plugin/event_stream.go:20:				UnsubscribeEvents					0.0%
github.com/hollis-labs/nanite/internal/plugin/event_stream.go:35:				broadcastEvent						75.0%
github.com/hollis-labs/nanite/internal/plugin/events.go:106:					NormalizeEventType					100.0%
github.com/hollis-labs/nanite/internal/plugin/events.go:160:					NewEvent						75.0%
github.com/hollis-labs/nanite/internal/plugin/events.go:256:					EmitSessionStart					0.0%
github.com/hollis-labs/nanite/internal/plugin/events.go:266:					EmitSessionEnd						0.0%
github.com/hollis-labs/nanite/internal/plugin/events.go:274:					EmitAgentSwitched					0.0%
github.com/hollis-labs/nanite/internal/plugin/events.go:284:					EmitMessageSent						0.0%
github.com/hollis-labs/nanite/internal/plugin/events.go:296:					EmitMessageReceived					0.0%
github.com/hollis-labs/nanite/internal/plugin/events.go:308:					EmitToolCalled						0.0%
github.com/hollis-labs/nanite/internal/plugin/events.go:319:					EmitToolFailed						0.0%
github.com/hollis-labs/nanite/internal/plugin/events.go:330:					EmitEnvelopeRendered					0.0%
github.com/hollis-labs/nanite/internal/plugin/events.go:340:					EmitActionTriggered					0.0%
github.com/hollis-labs/nanite/internal/plugin/events.go:350:					EmitConfigChanged					0.0%
github.com/hollis-labs/nanite/internal/plugin/events.go:359:					EmitPluginInstalled					100.0%
github.com/hollis-labs/nanite/internal/plugin/events.go:368:					EmitPluginUninstalled					100.0%
github.com/hollis-labs/nanite/internal/plugin/events.go:378:					EmitPluginEnabled					0.0%
github.com/hollis-labs/nanite/internal/plugin/events.go:387:					EmitPluginDisabled					0.0%
github.com/hollis-labs/nanite/internal/plugin/events.go:399:					EmitPluginLoadFailed					0.0%
github.com/hollis-labs/nanite/internal/plugin/events.go:409:					EmitPluginInstallProgress				0.0%
github.com/hollis-labs/nanite/internal/plugin/events.go:422:					EmitPluginUpdated					0.0%
github.com/hollis-labs/nanite/internal/plugin/events.go:431:					EmitSessionArchived					0.0%
github.com/hollis-labs/nanite/internal/plugin/events.go:439:					EmitProviderError					0.0%
github.com/hollis-labs/nanite/internal/plugin/events.go:450:					EmitProviderFallback					0.0%
github.com/hollis-labs/nanite/internal/plugin/events.go:461:					EmitAgentLoaded						100.0%
github.com/hollis-labs/nanite/internal/plugin/events.go:472:					EmitMessageBookmarked					0.0%
github.com/hollis-labs/nanite/internal/plugin/events.go:482:					EmitMessageUnbookmarked					0.0%
github.com/hollis-labs/nanite/internal/plugin/events.go:492:					EmitMessageDeleted					100.0%
github.com/hollis-labs/nanite/internal/plugin/events.go:501:					EmitScopeChanged					100.0%
github.com/hollis-labs/nanite/internal/plugin/events.go:511:					EmitWidgetLoaded					100.0%
github.com/hollis-labs/nanite/internal/plugin/events.go:521:					EmitWorkflowStarted					100.0%
github.com/hollis-labs/nanite/internal/plugin/events.go:531:					EmitWorkflowComplete					100.0%
github.com/hollis-labs/nanite/internal/plugin/events.go:541:					EmitWorkflowFailed					100.0%
github.com/hollis-labs/nanite/internal/plugin/events.go:551:					EmitContextAssembled					100.0%
github.com/hollis-labs/nanite/internal/plugin/events.go:562:					EmitContextCompacted					100.0%
github.com/hollis-labs/nanite/internal/plugin/events.go:572:					EmitArtifactCreated					100.0%
github.com/hollis-labs/nanite/internal/plugin/events.go:583:					EmitArtifactDeleted					100.0%
github.com/hollis-labs/nanite/internal/plugin/events.go:593:					EmitPreHook						95.8%
github.com/hollis-labs/nanite/internal/plugin/events.go:649:					EmitReflexFired						0.0%
github.com/hollis-labs/nanite/internal/plugin/events.go:655:					EmitReflexActionStaged					0.0%
github.com/hollis-labs/nanite/internal/plugin/events.go:659:					emitReflexEvent						0.0%
github.com/hollis-labs/nanite/internal/plugin/filter.go:37:					stripForView						100.0%
github.com/hollis-labs/nanite/internal/plugin/filter.go:92:					NewFilterRegistry					100.0%
github.com/hollis-labs/nanite/internal/plugin/filter.go:102:					Register						100.0%
github.com/hollis-labs/nanite/internal/plugin/filter.go:108:					RegisterWithView					100.0%
github.com/hollis-labs/nanite/internal/plugin/filter.go:134:					Apply							100.0%
github.com/hollis-labs/nanite/internal/plugin/filter.go:171:					Len							100.0%
github.com/hollis-labs/nanite/internal/plugin/filter.go:179:					RemoveByPlugin						90.9%
github.com/hollis-labs/nanite/internal/plugin/host.go:175:					NewHost							100.0%
github.com/hollis-labs/nanite/internal/plugin/host.go:222:					NewHostWithStore					0.0%
github.com/hollis-labs/nanite/internal/plugin/host.go:266:					SetRouter						62.5%
github.com/hollis-labs/nanite/internal/plugin/host.go:284:					installForwarderLocked					75.0%
github.com/hollis-labs/nanite/internal/plugin/host.go:305:					registerRoute						100.0%
github.com/hollis-labs/nanite/internal/plugin/host.go:319:					registerRouteLocked					57.1%
github.com/hollis-labs/nanite/internal/plugin/host.go:334:					RegisterHTTPHandler					100.0%
github.com/hollis-labs/nanite/internal/plugin/host.go:339:					GetPlugin						100.0%
github.com/hollis-labs/nanite/internal/plugin/host.go:348:					RegisterCRUDHandler					90.6%
github.com/hollis-labs/nanite/internal/plugin/host.go:413:					RegisterEventHook					100.0%
github.com/hollis-labs/nanite/internal/plugin/host.go:429:					RegisterUIComponent					65.8%
github.com/hollis-labs/nanite/internal/plugin/host.go:507:					RegisterFilter						100.0%
github.com/hollis-labs/nanite/internal/plugin/host.go:519:					RegisterFilterWithView					0.0%
github.com/hollis-labs/nanite/internal/plugin/host.go:532:					ApplyFilter						0.0%
github.com/hollis-labs/nanite/internal/plugin/host.go:537:					FilterChainLen						0.0%
github.com/hollis-labs/nanite/internal/plugin/host.go:542:					GetService						100.0%
github.com/hollis-labs/nanite/internal/plugin/host.go:562:					RegisterService						100.0%
github.com/hollis-labs/nanite/internal/plugin/host.go:585:					RegisterTaskBackend					87.5%
github.com/hollis-labs/nanite/internal/plugin/host.go:611:					Logger							0.0%
github.com/hollis-labs/nanite/internal/plugin/host.go:616:					Context							0.0%
github.com/hollis-labs/nanite/internal/plugin/host.go:622:					SetPluginConfig						0.0%
github.com/hollis-labs/nanite/internal/plugin/host.go:629:					SetStore						100.0%
github.com/hollis-labs/nanite/internal/plugin/host.go:643:					SetEnvelopeRegistry					100.0%
github.com/hollis-labs/nanite/internal/plugin/host.go:651:					GetConfig						0.0%
github.com/hollis-labs/nanite/internal/plugin/host.go:679:					SetConfig						0.0%
github.com/hollis-labs/nanite/internal/plugin/host.go:715:					RegisterConfigSchema					82.4%
github.com/hollis-labs/nanite/internal/plugin/host.go:755:					RegisterConnector					100.0%
github.com/hollis-labs/nanite/internal/plugin/host.go:770:					GetConnector						0.0%
github.com/hollis-labs/nanite/internal/plugin/host.go:778:					ListConnectors						0.0%
github.com/hollis-labs/nanite/internal/plugin/host.go:789:					GetConnectorStatuses					0.0%
github.com/hollis-labs/nanite/internal/plugin/host.go:802:					CheckConnectorHealth					0.0%
github.com/hollis-labs/nanite/internal/plugin/host.go:842:					CheckAllConnectorHealth					0.0%
github.com/hollis-labs/nanite/internal/plugin/host.go:869:					recordConnectorFailure					0.0%
github.com/hollis-labs/nanite/internal/plugin/host.go:883:					recordConnectorSuccess					0.0%
github.com/hollis-labs/nanite/internal/plugin/host.go:898:					RegisterProvider					88.2%
github.com/hollis-labs/nanite/internal/plugin/host.go:944:					RegisterCLIAdapter					100.0%
github.com/hollis-labs/nanite/internal/plugin/host.go:961:					SetCommandRegistry					100.0%
github.com/hollis-labs/nanite/internal/plugin/host.go:971:					SetMCPRegistrar						100.0%
github.com/hollis-labs/nanite/internal/plugin/host.go:982:					SetEnvelopeConsumer					0.0%
github.com/hollis-labs/nanite/internal/plugin/host.go:993:					envelopeConsumerSnapshot				0.0%
github.com/hollis-labs/nanite/internal/plugin/host.go:1002:					RegisterCommand						75.0%
github.com/hollis-labs/nanite/internal/plugin/host.go:1022:					RegisterSlot						66.7%
github.com/hollis-labs/nanite/internal/plugin/host.go:1066:					GetSlotEntries						100.0%
github.com/hollis-labs/nanite/internal/plugin/host.go:1076:					GetAllSlots						0.0%
github.com/hollis-labs/nanite/internal/plugin/host.go:1105:					RegisterKeybinding					100.0%
github.com/hollis-labs/nanite/internal/plugin/host.go:1144:					GetKeybindings						100.0%
github.com/hollis-labs/nanite/internal/plugin/host.go:1157:					PlaceArtifact						0.0%
github.com/hollis-labs/nanite/internal/plugin/host.go:1180:					LoadPlugin						76.0%
github.com/hollis-labs/nanite/internal/plugin/host.go:1240:					UnloadPlugin						89.6%
github.com/hollis-labs/nanite/internal/plugin/host.go:1589:					EmitEvent						94.1%
github.com/hollis-labs/nanite/internal/plugin/host.go:1626:					GetUIComponents						100.0%
github.com/hollis-labs/nanite/internal/plugin/host.go:1637:					GetUIComponentsWithOwners				100.0%
github.com/hollis-labs/nanite/internal/plugin/host.go:1652:					GetCRUDHandlers						100.0%
github.com/hollis-labs/nanite/internal/plugin/host.go:1665:					ListPlugins						100.0%
github.com/hollis-labs/nanite/internal/plugin/host.go:1681:					Shutdown						89.5%
github.com/hollis-labs/nanite/internal/plugin/httpmux.go:32:					NewMutablePluginMux					100.0%
github.com/hollis-labs/nanite/internal/plugin/httpmux.go:44:					Handle							100.0%
github.com/hollis-labs/nanite/internal/plugin/httpmux.go:62:					RemoveByPlugin						100.0%
github.com/hollis-labs/nanite/internal/plugin/httpmux.go:80:					CountByPlugin						100.0%
github.com/hollis-labs/nanite/internal/plugin/httpmux.go:94:					ServeHTTP						100.0%
github.com/hollis-labs/nanite/internal/plugin/httpmux.go:103:					rebuildLocked						100.0%
github.com/hollis-labs/nanite/internal/plugin/install/download.go:35:				Download						76.8%
github.com/hollis-labs/nanite/internal/plugin/install/download.go:130:				deriveArchiveName					83.3%
github.com/hollis-labs/nanite/internal/plugin/install/download.go:153:				Write							100.0%
github.com/hollis-labs/nanite/internal/plugin/install/extract.go:39:				Extract							75.0%
github.com/hollis-labs/nanite/internal/plugin/install/extract.go:57:				limits							100.0%
github.com/hollis-labs/nanite/internal/plugin/install/extract.go:77:				extractArchive						78.5%
github.com/hollis-labs/nanite/internal/plugin/install/extract.go:218:				permMode						100.0%
github.com/hollis-labs/nanite/internal/plugin/install/extract.go:225:				copyDirectory						70.0%
github.com/hollis-labs/nanite/internal/plugin/install/extract.go:278:				copyFile						58.3%
github.com/hollis-labs/nanite/internal/plugin/install/install.go:129:				State							80.0%
github.com/hollis-labs/nanite/internal/plugin/install/install.go:138:				setState						100.0%
github.com/hollis-labs/nanite/internal/plugin/install/install.go:153:				Install							100.0%
github.com/hollis-labs/nanite/internal/plugin/install/install.go:254:				transition						100.0%
github.com/hollis-labs/nanite/internal/plugin/install/install.go:261:				fail							100.0%
github.com/hollis-labs/nanite/internal/plugin/install/staging.go:31:				Begin							73.9%
github.com/hollis-labs/nanite/internal/plugin/install/staging.go:76:				Commit							63.0%
github.com/hollis-labs/nanite/internal/plugin/install/staging.go:125:				validate						100.0%
github.com/hollis-labs/nanite/internal/plugin/install/staging.go:139:				validatePluginID					90.9%
github.com/hollis-labs/nanite/internal/plugin/install/staging.go:164:				isCrossDeviceError					87.5%
github.com/hollis-labs/nanite/internal/plugin/install/staging.go:179:				timestampSuffix						100.0%
github.com/hollis-labs/nanite/internal/plugin/install/staging.go:186:				isUnder							87.5%
github.com/hollis-labs/nanite/internal/plugin/install/validate.go:64:				Error							100.0%
github.com/hollis-labs/nanite/internal/plugin/install/validate.go:74:				HasRefusals						83.3%
github.com/hollis-labs/nanite/internal/plugin/install/validate.go:87:				Warnings						85.7%
github.com/hollis-labs/nanite/internal/plugin/install/validate.go:118:				ValidateManifest					71.4%
github.com/hollis-labs/nanite/internal/plugin/install/validate.go:136:				ValidateBytes						100.0%
github.com/hollis-labs/nanite/internal/plugin/install/validate.go:150:				refuse							100.0%
github.com/hollis-labs/nanite/internal/plugin/install/validate.go:156:				warn							100.0%
github.com/hollis-labs/nanite/internal/plugin/install/validate.go:163:				refuseOrWarn						100.0%
github.com/hollis-labs/nanite/internal/plugin/install/validate.go:171:				result							100.0%
github.com/hollis-labs/nanite/internal/plugin/install/validate.go:179:				runSchemaOnly						100.0%
github.com/hollis-labs/nanite/internal/plugin/install/validate.go:185:				run							100.0%
github.com/hollis-labs/nanite/internal/plugin/install/validate.go:199:				validateShadcnVersion					50.0%
github.com/hollis-labs/nanite/internal/plugin/install/validate.go:211:				validateSchema						58.3%
github.com/hollis-labs/nanite/internal/plugin/install/validate.go:255:				validateCrossRefs					34.1%
github.com/hollis-labs/nanite/internal/plugin/install/validate.go:385:				validateBundleAssets					82.9%
github.com/hollis-labs/nanite/internal/plugin/install/validate.go:459:				pathExists						71.4%
github.com/hollis-labs/nanite/internal/plugin/install/validate.go:481:				validatePlatforms					100.0%
github.com/hollis-labs/nanite/internal/plugin/install/verify.go:55:				Verify							86.3%
github.com/hollis-labs/nanite/internal/plugin/load_type.go:22:					NewLoadTypeResolver					100.0%
github.com/hollis-labs/nanite/internal/plugin/load_type.go:29:					Resolve							100.0%
github.com/hollis-labs/nanite/internal/plugin/load_type.go:39:					ResolveWithSource					100.0%
github.com/hollis-labs/nanite/internal/plugin/load_type.go:50:					IsToolEnabled						100.0%
github.com/hollis-labs/nanite/internal/plugin/load_type.go:59:					ToLayer							100.0%
github.com/hollis-labs/nanite/internal/plugin/loader.go:35:					IsSubprocess						100.0%
github.com/hollis-labs/nanite/internal/plugin/loader.go:43:					DiscoverPlugins						50.0%
github.com/hollis-labs/nanite/internal/plugin/loader.go:132:					seedAndCheckEnabled					71.4%
github.com/hollis-labs/nanite/internal/plugin/loader.go:158:					LoadDiscovered						28.3%
github.com/hollis-labs/nanite/internal/plugin/loader.go:273:					newSubprocessPluginFromManifest				0.0%
github.com/hollis-labs/nanite/internal/plugin/loader.go:330:					parseEntrypoint						0.0%
github.com/hollis-labs/nanite/internal/plugin/loader.go:349:					LoadRegisteredBuiltins					62.5%
github.com/hollis-labs/nanite/internal/plugin/loader.go:410:					sortByDeps						59.4%
github.com/hollis-labs/nanite/internal/plugin/logger.go:18:					NewLogger						100.0%
github.com/hollis-labs/nanite/internal/plugin/logger.go:24:					Debug							100.0%
github.com/hollis-labs/nanite/internal/plugin/logger.go:28:					Info							100.0%
github.com/hollis-labs/nanite/internal/plugin/logger.go:32:					Warn							100.0%
github.com/hollis-labs/nanite/internal/plugin/logger.go:36:					Error							100.0%
github.com/hollis-labs/nanite/internal/plugin/logger.go:42:					With							0.0%
github.com/hollis-labs/nanite/internal/plugin/manage.go:65:					SetPluginStateStore					100.0%
github.com/hollis-labs/nanite/internal/plugin/manage.go:77:					pluginStateDB						29.4%
github.com/hollis-labs/nanite/internal/plugin/manage.go:135:					resolvePluginIdentity					90.9%
github.com/hollis-labs/nanite/internal/plugin/manage.go:173:					DisablePlugin						72.2%
github.com/hollis-labs/nanite/internal/plugin/manage.go:203:					EnablePlugin						66.7%
github.com/hollis-labs/nanite/internal/plugin/manage.go:238:					IsDisabled						69.2%
github.com/hollis-labs/nanite/internal/plugin/manage.go:262:					PluginStatus						83.3%
github.com/hollis-labs/nanite/internal/plugin/panels.go:52:					registerBuiltin						0.0%
github.com/hollis-labs/nanite/internal/plugin/panels.go:64:					registerPlugin						0.0%
github.com/hollis-labs/nanite/internal/plugin/panels.go:96:					removeByPlugin						66.7%
github.com/hollis-labs/nanite/internal/plugin/panels.go:117:					snapshot						0.0%
github.com/hollis-labs/nanite/internal/plugin/panels.go:130:					RegisterPanel						0.0%
github.com/hollis-labs/nanite/internal/plugin/panels.go:140:					UnregisterPluginPanels					75.0%
github.com/hollis-labs/nanite/internal/plugin/panels.go:151:					GetPanels						0.0%
github.com/hollis-labs/nanite/internal/plugin/panels.go:157:					registerManifestPanels					0.0%
github.com/hollis-labs/nanite/internal/plugin/registrations.go:59:				SetEnvelopeTypeRegistrar				100.0%
github.com/hollis-labs/nanite/internal/plugin/registrations.go:68:				SetEnvelopeTypeUnregistrar				0.0%
github.com/hollis-labs/nanite/internal/plugin/registrations.go:74:				registerEnvelopeType					100.0%
github.com/hollis-labs/nanite/internal/plugin/registrations.go:83:				unregisterEnvelopeType					80.0%
github.com/hollis-labs/nanite/internal/plugin/registrations.go:107:				RegisterEnvelope					80.0%
github.com/hollis-labs/nanite/internal/plugin/registrations.go:133:				GetEnvelopes						100.0%
github.com/hollis-labs/nanite/internal/plugin/registrations.go:147:				recordManifest						83.3%
github.com/hollis-labs/nanite/internal/plugin/registrations.go:159:				GetManifest						100.0%
github.com/hollis-labs/nanite/internal/plugin/registrations.go:168:				GetManifests						0.0%
github.com/hollis-labs/nanite/internal/plugin/registrations.go:184:				RegistryVersion						0.0%
github.com/hollis-labs/nanite/internal/plugin/registrations.go:193:				BumpRegistryVersion					100.0%
github.com/hollis-labs/nanite/internal/plugin/registrations.go:202:				bumpRegistryVersionLocked				100.0%
github.com/hollis-labs/nanite/internal/plugin/registrations.go:244:				ApplyManifestRegistrations				0.0%
github.com/hollis-labs/nanite/internal/plugin/registrations.go:248:				applyManifestRegistrations				71.4%
github.com/hollis-labs/nanite/internal/plugin/registrations.go:448:				registerManifestCardRules				0.0%
github.com/hollis-labs/nanite/internal/plugin/registrations.go:474:				registerManifestCommands				28.6%
github.com/hollis-labs/nanite/internal/plugin/registrations.go:524:				registerManifestEvents					30.8%
github.com/hollis-labs/nanite/internal/plugin/registrations.go:569:				registerManifestCrud					80.0%
github.com/hollis-labs/nanite/internal/plugin/registrations.go:605:				registerManifestMCPServers				20.0%
github.com/hollis-labs/nanite/internal/plugin/registrations.go:645:				registerManifestHTTPRoutes				23.5%
github.com/hollis-labs/nanite/internal/plugin/registrations.go:680:				newSubprocessHTTPHandler				85.0%
github.com/hollis-labs/nanite/internal/plugin/registrations.go:769:				resolvePluginAssetPath					80.0%
github.com/hollis-labs/nanite/internal/plugin/registrations.go:792:				firstNonEmpty						75.0%
github.com/hollis-labs/nanite/internal/plugin/registry.go:21:					RegisterPlugin						80.0%
github.com/hollis-labs/nanite/internal/plugin/registry.go:31:					GetRegistered						100.0%
github.com/hollis-labs/nanite/internal/plugin/registry.go:45:					UnregisterPluginForTest					100.0%
github.com/hollis-labs/nanite/internal/plugin/registry.go:52:					LookupConstructor					100.0%
github.com/hollis-labs/nanite/internal/plugin/repos.go:24:					LoadRepos						0.0%
github.com/hollis-labs/nanite/internal/plugin/scaffold/scaffold.go:95:				Run							82.4%
github.com/hollis-labs/nanite/internal/plugin/scaffold/scaffold.go:131:				buildTemplateData					100.0%
github.com/hollis-labs/nanite/internal/plugin/scaffold/scaffold.go:165:				renderTree						70.3%
github.com/hollis-labs/nanite/internal/plugin/scaffold/scaffold.go:228:				toPackageName						100.0%
github.com/hollis-labs/nanite/internal/plugin/scaffold/scaffold.go:233:				toPascal						100.0%
github.com/hollis-labs/nanite/internal/plugin/scaffold/scaffold.go:249:				toStructName						100.0%
github.com/hollis-labs/nanite/internal/plugin/scaffold/scaffold.go:254:				toTitle							100.0%
github.com/hollis-labs/nanite/internal/plugin/schemas.go:37:					SchemaV1						0.0%
github.com/hollis-labs/nanite/internal/plugin/shadcn_version.go:34:				CheckShadcnCompat					0.0%
github.com/hollis-labs/nanite/internal/plugin/shadcn_version.go:38:				checkShadcnCompatAgainst				94.7%
github.com/hollis-labs/nanite/internal/plugin/shadcn_version.go:81:				parseSemver						100.0%
github.com/hollis-labs/nanite/internal/plugin/shadcn_version.go:105:				satisfies						80.0%
github.com/hollis-labs/nanite/internal/plugin/shadcn_version.go:119:				gte							80.0%
github.com/hollis-labs/nanite/internal/plugin/signature.go:23:					GenerateKeyPair						75.0%
github.com/hollis-labs/nanite/internal/plugin/signature.go:33:					SignFile						80.0%
github.com/hollis-labs/nanite/internal/plugin/signature.go:55:					VerifySignature						93.8%
github.com/hollis-labs/nanite/internal/plugin/signature.go:85:					readFileBytes						75.0%
github.com/hollis-labs/nanite/internal/plugin/subprocess/manager.go:26:				String							0.0%
github.com/hollis-labs/nanite/internal/plugin/subprocess/manager.go:70:				DefaultManagerConfig					0.0%
github.com/hollis-labs/nanite/internal/plugin/subprocess/manager.go:105:			NewManager						100.0%
github.com/hollis-labs/nanite/internal/plugin/subprocess/manager.go:114:			Start							69.8%
github.com/hollis-labs/nanite/internal/plugin/subprocess/manager.go:202:			Stop							81.5%
github.com/hollis-labs/nanite/internal/plugin/subprocess/manager.go:259:			Transport						0.0%
github.com/hollis-labs/nanite/internal/plugin/subprocess/manager.go:266:			State							0.0%
github.com/hollis-labs/nanite/internal/plugin/subprocess/manager.go:273:			Restarts						0.0%
github.com/hollis-labs/nanite/internal/plugin/subprocess/manager.go:280:			waitForExit						81.2%
github.com/hollis-labs/nanite/internal/plugin/subprocess/manager.go:311:			attemptRestart						0.0%
github.com/hollis-labs/nanite/internal/plugin/subprocess/manager.go:344:			healthLoop						0.0%
github.com/hollis-labs/nanite/internal/plugin/subprocess/manager.go:359:			healthCheck						0.0%
github.com/hollis-labs/nanite/internal/plugin/subprocess/manager.go:390:			Write							100.0%
github.com/hollis-labs/nanite/internal/plugin/subprocess/manager.go:402:			String							100.0%
github.com/hollis-labs/nanite/internal/plugin/subprocess/manager_unix.go:15:			configureSubprocAttr					100.0%
github.com/hollis-labs/nanite/internal/plugin/subprocess/plugin.go:32:				validatePluginID					100.0%
github.com/hollis-labs/nanite/internal/plugin/subprocess/plugin.go:95:				NewSubprocessPlugin					0.0%
github.com/hollis-labs/nanite/internal/plugin/subprocess/plugin.go:134:				NewSubprocessPluginForTest				0.0%
github.com/hollis-labs/nanite/internal/plugin/subprocess/plugin.go:144:				ID							100.0%
github.com/hollis-labs/nanite/internal/plugin/subprocess/plugin.go:150:				Name							100.0%
github.com/hollis-labs/nanite/internal/plugin/subprocess/plugin.go:156:				Version							0.0%
github.com/hollis-labs/nanite/internal/plugin/subprocess/plugin.go:162:				Description						0.0%
github.com/hollis-labs/nanite/internal/plugin/subprocess/plugin.go:168:				Dependencies						0.0%
github.com/hollis-labs/nanite/internal/plugin/subprocess/plugin.go:174:				Status							0.0%
github.com/hollis-labs/nanite/internal/plugin/subprocess/plugin.go:182:				Load							0.0%
github.com/hollis-labs/nanite/internal/plugin/subprocess/plugin.go:272:				buildInitParams						76.5%
github.com/hollis-labs/nanite/internal/plugin/subprocess/plugin.go:312:				checkProtocolVersion					100.0%
github.com/hollis-labs/nanite/internal/plugin/subprocess/plugin.go:320:				Unload							0.0%
github.com/hollis-labs/nanite/internal/plugin/subprocess/plugin.go:330:				Manifest						0.0%
github.com/hollis-labs/nanite/internal/plugin/subprocess/plugin.go:340:				SkippedRegistrations					80.0%
github.com/hollis-labs/nanite/internal/plugin/subprocess/plugin.go:362:				CallTool						0.0%
github.com/hollis-labs/nanite/internal/plugin/subprocess/plugin.go:388:				Migrate							0.0%
github.com/hollis-labs/nanite/internal/plugin/subprocess/plugin.go:407:				SetDependencies						0.0%
github.com/hollis-labs/nanite/internal/plugin/subprocess/plugin.go:417:				Transport						0.0%
github.com/hollis-labs/nanite/internal/plugin/subprocess/plugin.go:427:				SetEnvelopeFilter					0.0%
github.com/hollis-labs/nanite/internal/plugin/subprocess/plugin.go:437:				filterEnvelopes						83.3%
github.com/hollis-labs/nanite/internal/plugin/subprocess/plugin.go:452:				EnvelopeFilter						0.0%
github.com/hollis-labs/nanite/internal/plugin/subprocess/plugin.go:469:				MakeCommandHandler					77.8%
github.com/hollis-labs/nanite/internal/plugin/subprocess/plugin.go:531:				NewEventHook						100.0%
github.com/hollis-labs/nanite/internal/plugin/subprocess/plugin.go:541:				EventTypes						0.0%
github.com/hollis-labs/nanite/internal/plugin/subprocess/plugin.go:545:				PluginID						0.0%
github.com/hollis-labs/nanite/internal/plugin/subprocess/plugin.go:549:				Handle							73.9%
github.com/hollis-labs/nanite/internal/plugin/subprocess/plugin.go:623:				isPreHookEvent						100.0%
github.com/hollis-labs/nanite/internal/plugin/subprocess/plugin.go:641:				NewCRUDHandler						0.0%
github.com/hollis-labs/nanite/internal/plugin/subprocess/plugin.go:654:				Create							0.0%
github.com/hollis-labs/nanite/internal/plugin/subprocess/plugin.go:671:				Read							0.0%
github.com/hollis-labs/nanite/internal/plugin/subprocess/plugin.go:684:				Update							0.0%
github.com/hollis-labs/nanite/internal/plugin/subprocess/plugin.go:702:				Delete							0.0%
github.com/hollis-labs/nanite/internal/plugin/subprocess/plugin.go:710:				List							0.0%
github.com/hollis-labs/nanite/internal/plugin/subprocess/plugin.go:730:				toMap							0.0%
github.com/hollis-labs/nanite/internal/plugin/subprocess/plugin.go:747:				mapRPCError						72.7%
github.com/hollis-labs/nanite/internal/plugin/subprocess/transport.go:30:			NewTransport						100.0%
github.com/hollis-labs/nanite/internal/plugin/subprocess/transport.go:43:			Close							66.7%
github.com/hollis-labs/nanite/internal/plugin/subprocess/transport.go:51:			Call							100.0%
github.com/hollis-labs/nanite/internal/plugin/subprocess/transport.go:79:			Notify							100.0%
github.com/hollis-labs/nanite/internal/plugin/subprocess/transport.go:92:			write							83.3%
github.com/hollis-labs/nanite/internal/plugin/subprocess/transport.go:103:			read							80.0%
github.com/hollis-labs/nanite/internal/plugin/subprocess/transport.go:144:			CallResult						71.4%
github.com/hollis-labs/nanite/internal/providercatalog/catalog.go:48:				New							100.0%
github.com/hollis-labs/nanite/internal/providercatalog/catalog.go:55:				Add							100.0%
github.com/hollis-labs/nanite/internal/providercatalog/catalog.go:71:				List							100.0%
github.com/hollis-labs/nanite/internal/providercatalog/catalog.go:83:				Get							100.0%
github.com/hollis-labs/nanite/internal/recover/recover.go:86:					IsRecoverable						100.0%
github.com/hollis-labs/nanite/internal/recover/recover.go:90:					String							100.0%
github.com/hollis-labs/nanite/internal/recover/recover.go:120:					Error							75.0%
github.com/hollis-labs/nanite/internal/recover/recover.go:141:					Unwrap							66.7%
github.com/hollis-labs/nanite/internal/recover/recover.go:163:					Classify						80.0%
github.com/hollis-labs/nanite/internal/recover/recover.go:229:					classifyJSONSchema					70.0%
github.com/hollis-labs/nanite/internal/recover/recover.go:253:					walkLeafKinds						84.6%
github.com/hollis-labs/nanite/internal/recover/recover.go:279:					classifyByContainedHints				50.0%
github.com/hollis-labs/nanite/internal/recover/recover.go:299:					isUnrecoverableProse					100.0%
github.com/hollis-labs/nanite/internal/recover/recover.go:333:					Wrap							100.0%
github.com/hollis-labs/nanite/internal/recover/recover.go:366:					enrich							90.0%
github.com/hollis-labs/nanite/internal/recover/repair.go:120:					HasRepair						66.7%
github.com/hollis-labs/nanite/internal/recover/repair.go:169:					resolveRepairMaxTokens					100.0%
github.com/hollis-labs/nanite/internal/recover/repair.go:187:					Repair							100.0%
github.com/hollis-labs/nanite/internal/recover/repair.go:255:					repairSystemPrompt					100.0%
github.com/hollis-labs/nanite/internal/recover/repair.go:279:					buildRepairUserMessage					100.0%
github.com/hollis-labs/nanite/internal/recover/repair.go:314:					marshalCapped						62.5%
github.com/hollis-labs/nanite/internal/recover/repair.go:337:					parseRepairResponse					84.6%
github.com/hollis-labs/nanite/internal/recover/repair.go:387:					stripCodeFence						87.5%
github.com/hollis-labs/nanite/internal/recover/repair.go:422:					extractJSONObject					80.0%
github.com/hollis-labs/nanite/internal/recover/repair.go:460:					trimForLog						66.7%
github.com/hollis-labs/nanite/internal/recovery/broker/broker.go:55:				NewBroker						100.0%
github.com/hollis-labs/nanite/internal/recovery/broker/broker.go:89:				WithMaxRetries						100.0%
github.com/hollis-labs/nanite/internal/recovery/broker/broker.go:100:				WithRemediationTimeout					100.0%
github.com/hollis-labs/nanite/internal/recovery/broker/broker.go:123:				WithReplacementSessionHook				100.0%
github.com/hollis-labs/nanite/internal/recovery/broker/broker.go:138:				OnRestart						100.0%
github.com/hollis-labs/nanite/internal/recovery/broker/broker.go:179:				SetReplacementSessionHook				100.0%
github.com/hollis-labs/nanite/internal/recovery/broker/broker.go:200:				CancelRetry						66.7%
github.com/hollis-labs/nanite/internal/recovery/broker/broker.go:226:				Cancel							93.8%
github.com/hollis-labs/nanite/internal/recovery/broker/broker.go:254:				stateForLocked						100.0%
github.com/hollis-labs/nanite/internal/recovery/broker/broker.go:268:				clearState						100.0%
github.com/hollis-labs/nanite/internal/recovery/broker/broker.go:277:				writeBreadcrumb						75.0%
github.com/hollis-labs/nanite/internal/recovery/broker/broker.go:290:				logger							66.7%
github.com/hollis-labs/nanite/internal/recovery/broker/broker.go:301:				Info							100.0%
github.com/hollis-labs/nanite/internal/recovery/broker/broker.go:302:				Warn							100.0%
github.com/hollis-labs/nanite/internal/recovery/broker/broker.go:303:				Error							0.0%
github.com/hollis-labs/nanite/internal/recovery/broker/broker.go:327:				DispatchRetry						100.0%
github.com/hollis-labs/nanite/internal/recovery/broker/broker.go:379:				dispatchHTTPRetry					100.0%
github.com/hollis-labs/nanite/internal/recovery/broker/broker.go:416:				httpRetryBackoff					100.0%
github.com/hollis-labs/nanite/internal/recovery/broker/broker.go:441:				httpRetryDep						100.0%
github.com/hollis-labs/nanite/internal/recovery/broker/broker.go:459:				SetHTTPRetry						0.0%
github.com/hollis-labs/nanite/internal/recovery/broker/broker.go:470:				parseMode						100.0%
github.com/hollis-labs/nanite/internal/recovery/broker/broker.go:489:				itoa							100.0%
github.com/hollis-labs/nanite/internal/recovery/broker/broker.go:520:				notifyReplacement					90.9%
github.com/hollis-labs/nanite/internal/recovery/broker/classifier.go:38:			Classify						100.0%
github.com/hollis-labs/nanite/internal/recovery/broker/classifier.go:182:			isAuthFailure						100.0%
github.com/hollis-labs/nanite/internal/recovery/broker/deps.go:227:				Error							100.0%
github.com/hollis-labs/nanite/internal/recovery/broker/envelope.go:42:				RenderUserMessage					100.0%
github.com/hollis-labs/nanite/internal/recovery/broker/envelope.go:78:				transientRetryMessage					100.0%
github.com/hollis-labs/nanite/internal/recovery/broker/envelope.go:98:				configFixedMessage					100.0%
github.com/hollis-labs/nanite/internal/recovery/broker/envelope.go:110:				permanentEnvelope					100.0%
github.com/hollis-labs/nanite/internal/recovery/broker/envelope.go:135:				permanentDetail						100.0%
github.com/hollis-labs/nanite/internal/recovery/broker/envelope.go:151:				permanentSuggestedAction				100.0%
github.com/hollis-labs/nanite/internal/recovery/broker/envelope.go:164:				capitalize						100.0%
github.com/hollis-labs/nanite/internal/recovery/broker/envelope.go:178:				newCancelToken						80.0%
github.com/hollis-labs/nanite/internal/recovery/broker/orchestration.go:44:			OnSessionExit						95.8%
github.com/hollis-labs/nanite/internal/recovery/broker/orchestration.go:109:			runConfigFixedRetry					71.4%
github.com/hollis-labs/nanite/internal/recovery/broker/orchestration.go:160:			runTransientRetry					82.4%
github.com/hollis-labs/nanite/internal/recovery/broker/orchestration.go:198:			escalatePermanent					80.0%
github.com/hollis-labs/nanite/internal/recovery/broker/orchestration.go:212:			recordOutcome						100.0%
github.com/hollis-labs/nanite/internal/recovery/broker/orchestration.go:234:			emitEnvelope						50.0%
github.com/hollis-labs/nanite/internal/recovery/broker/orchestration.go:250:			registerActiveRetry					100.0%
github.com/hollis-labs/nanite/internal/recovery/broker/orchestration.go:261:			unregisterActiveRetry					80.0%
github.com/hollis-labs/nanite/internal/recovery/broker/orchestration.go:276:			ClearSession						100.0%
github.com/hollis-labs/nanite/internal/recovery/broker/orchestration.go:285:			buildFailureEvent					100.0%
github.com/hollis-labs/nanite/internal/recovery/broker/orchestration.go:335:			metaString						100.0%
github.com/hollis-labs/nanite/internal/recovery/broker/remediator.go:15:			Remediate						100.0%
github.com/hollis-labs/nanite/internal/recovery/broker/testhelpers.go:14:			RegisterActiveRetryForTest				0.0%
github.com/hollis-labs/nanite/internal/recovery/broker/types.go:138:				String							100.0%
github.com/hollis-labs/nanite/internal/recovery/broker/types.go:183:				String							100.0%
github.com/hollis-labs/nanite/internal/recovery/broker/types.go:203:				Description						100.0%
github.com/hollis-labs/nanite/internal/recovery/broker/types.go:250:				String							100.0%
github.com/hollis-labs/nanite/internal/recovery/broker/types.go:290:				String							100.0%
github.com/hollis-labs/nanite/internal/recovery/interrupted_turn.go:44:				DetectInterruptedTurn					100.0%
github.com/hollis-labs/nanite/internal/recovery/orphansweep/orphan_sweep.go:71:			SweepOrphans						100.0%
github.com/hollis-labs/nanite/internal/recovery/orphansweep/orphan_sweep.go:77:			sweepOrphansAt						81.0%
github.com/hollis-labs/nanite/internal/recovery/orphansweep/orphan_sweep.go:145:		logReconciliation					81.8%
github.com/hollis-labs/nanite/internal/recovery/orphansweep/orphan_sweep.go:179:		classifyForReconciliation				100.0%
github.com/hollis-labs/nanite/internal/recovery/orphansweep/orphan_sweep.go:221:		pidAlive						100.0%
github.com/hollis-labs/nanite/internal/recovery/orphansweep/orphan_sweep.go:280:		NewRuntimeReaper					100.0%
github.com/hollis-labs/nanite/internal/recovery/orphansweep/orphan_sweep.go:310:		Start							85.7%
github.com/hollis-labs/nanite/internal/recovery/orphansweep/orphan_sweep.go:322:		closeDone						100.0%
github.com/hollis-labs/nanite/internal/recovery/orphansweep/orphan_sweep.go:329:		Stop							100.0%
github.com/hollis-labs/nanite/internal/recovery/orphansweep/orphan_sweep.go:345:		SweepOnce						100.0%
github.com/hollis-labs/nanite/internal/recovery/orphansweep/orphan_sweep.go:350:		loop							0.0%
github.com/hollis-labs/nanite/internal/recovery/pack/pack.go:37:				ShouldBuildRecoveryPack					100.0%
github.com/hollis-labs/nanite/internal/recovery/pack/pack.go:44:				MessagePlainText					100.0%
github.com/hollis-labs/nanite/internal/recovery/pack/pack.go:61:				ExcludeCurrentTurn					85.7%
github.com/hollis-labs/nanite/internal/recovery/pack/pack.go:78:				CountCharTruncatedMessages				0.0%
github.com/hollis-labs/nanite/internal/recovery/pack/pack.go:103:				BuildRecoveryPack					89.7%
github.com/hollis-labs/nanite/internal/recovery/pack/pack.go:154:				firstNonEmpty						75.0%
github.com/hollis-labs/nanite/internal/reminders/engine.go:60:					ParseTrigger						87.5%
github.com/hollis-labs/nanite/internal/reminders/engine.go:91:					NewEngine						100.0%
github.com/hollis-labs/nanite/internal/reminders/engine.go:101:					RegisterTurnCount					100.0%
github.com/hollis-labs/nanite/internal/reminders/engine.go:113:					EvalTurn						76.5%
github.com/hollis-labs/nanite/internal/reminders/engine.go:178:					FormatInjection						100.0%
github.com/hollis-labs/nanite/internal/runtime/agent/acp_session.go:96:				newACPClient						100.0%
github.com/hollis-labs/nanite/internal/runtime/agent/acp_session.go:145:			drain							100.0%
github.com/hollis-labs/nanite/internal/runtime/agent/acp_session.go:151:			handleEvent						57.1%
github.com/hollis-labs/nanite/internal/runtime/agent/acp_session.go:177:			sendFanout						100.0%
github.com/hollis-labs/nanite/internal/runtime/agent/acp_session.go:212:			extractDeltaEvent					100.0%
github.com/hollis-labs/nanite/internal/runtime/agent/acp_session.go:259:			handleTurnCompleted					100.0%
github.com/hollis-labs/nanite/internal/runtime/agent/acp_session.go:308:			handleProcessExited					100.0%
github.com/hollis-labs/nanite/internal/runtime/agent/acp_session.go:320:			extractError						0.0%
github.com/hollis-labs/nanite/internal/runtime/agent/acp_session.go:331:			emitToolUse						0.0%
github.com/hollis-labs/nanite/internal/runtime/agent/acp_session.go:359:			emitToolResult						0.0%
github.com/hollis-labs/nanite/internal/runtime/agent/acp_session.go:389:			SendInput						0.0%
github.com/hollis-labs/nanite/internal/runtime/agent/acp_session.go:402:			Stop							0.0%
github.com/hollis-labs/nanite/internal/runtime/agent/agent.go:56:				String							100.0%
github.com/hollis-labs/nanite/internal/runtime/agent/agent.go:192:				Validate						87.5%
github.com/hollis-labs/nanite/internal/runtime/agent/agent.go:273:				expandUserHome						90.0%
github.com/hollis-labs/nanite/internal/runtime/agent/agent.go:300:				effectiveProvider					100.0%
github.com/hollis-labs/nanite/internal/runtime/agent/agent.go:323:				Boot							74.0%
github.com/hollis-labs/nanite/internal/runtime/agent/agent.go:676:				envMapToSlice						90.0%
github.com/hollis-labs/nanite/internal/runtime/agent/agent.go:694:				newSessionID						100.0%
github.com/hollis-labs/nanite/internal/runtime/agent/agent_acp.go:41:				bootACP							0.0%
github.com/hollis-labs/nanite/internal/runtime/agent/bootdir.go:65:				LayoutFor						0.0%
github.com/hollis-labs/nanite/internal/runtime/agent/bootdir.go:86:				HasBootdirLayout					100.0%
github.com/hollis-labs/nanite/internal/runtime/agent/bootdir.go:100:				composeBootdirParams					100.0%
github.com/hollis-labs/nanite/internal/runtime/agent/bootdir.go:128:				effectiveCLIWritableRoots				82.6%
github.com/hollis-labs/nanite/internal/runtime/agent/bootdir.go:167:				grantAsWritableRoot					83.3%
github.com/hollis-labs/nanite/internal/runtime/agent/bootdir.go:187:				ResolveBootdirParams					0.0%
github.com/hollis-labs/nanite/internal/runtime/agent/bootdir.go:253:				bootdirLayoutFor					100.0%
github.com/hollis-labs/nanite/internal/runtime/agent/bootdir.go:286:				normalizeProviderName					100.0%
github.com/hollis-labs/nanite/internal/runtime/agent/bootdir.go:306:				Setup							100.0%
github.com/hollis-labs/nanite/internal/runtime/agent/bootdir.go:310:				Populate						0.0%
github.com/hollis-labs/nanite/internal/runtime/agent/bootdir.go:314:				RegenerateSystemPromptSlot				0.0%
github.com/hollis-labs/nanite/internal/runtime/agent/bootdir.go:318:				AmendEnv						0.0%
github.com/hollis-labs/nanite/internal/runtime/agent/bootdir.go:322:				SpawnWorkdir						0.0%
github.com/hollis-labs/nanite/internal/runtime/agent/bootdir.go:323:				BootPrompt						0.0%
github.com/hollis-labs/nanite/internal/runtime/agent/bootdir.go:324:				BootMode						0.0%
github.com/hollis-labs/nanite/internal/runtime/agent/bootdir_claude.go:54:			Plant							100.0%
github.com/hollis-labs/nanite/internal/runtime/agent/bootdir_claude.go:67:			claudePlantSpec						80.0%
github.com/hollis-labs/nanite/internal/runtime/agent/bootdir_claude.go:93:			Setup							85.7%
github.com/hollis-labs/nanite/internal/runtime/agent/bootdir_claude.go:120:			Populate						85.7%
github.com/hollis-labs/nanite/internal/runtime/agent/bootdir_claude.go:135:			RegenerateSystemPromptSlot				0.0%
github.com/hollis-labs/nanite/internal/runtime/agent/bootdir_claude.go:148:			AmendEnv						100.0%
github.com/hollis-labs/nanite/internal/runtime/agent/bootdir_claude.go:157:			SpawnWorkdir						100.0%
github.com/hollis-labs/nanite/internal/runtime/agent/bootdir_claude.go:169:			BootPrompt						100.0%
github.com/hollis-labs/nanite/internal/runtime/agent/bootdir_claude.go:179:			BootMode						100.0%
github.com/hollis-labs/nanite/internal/runtime/agent/bootdir_codex.go:54:			Plant							100.0%
github.com/hollis-labs/nanite/internal/runtime/agent/bootdir_codex.go:67:			codexAgentsMD						100.0%
github.com/hollis-labs/nanite/internal/runtime/agent/bootdir_codex.go:88:			codexPlantSpec						76.9%
github.com/hollis-labs/nanite/internal/runtime/agent/bootdir_codex.go:119:			Setup							57.1%
github.com/hollis-labs/nanite/internal/runtime/agent/bootdir_codex.go:136:			Populate						71.4%
github.com/hollis-labs/nanite/internal/runtime/agent/bootdir_codex.go:150:			RegenerateSystemPromptSlot				0.0%
github.com/hollis-labs/nanite/internal/runtime/agent/bootdir_codex.go:177:			AmendEnv						100.0%
github.com/hollis-labs/nanite/internal/runtime/agent/bootdir_codex.go:193:			SpawnWorkdir						100.0%
github.com/hollis-labs/nanite/internal/runtime/agent/bootdir_codex.go:197:			BootPrompt						100.0%
github.com/hollis-labs/nanite/internal/runtime/agent/bootdir_codex.go:204:			BootMode						100.0%
github.com/hollis-labs/nanite/internal/runtime/agent/bootdir_common.go:19:			makeBootDir						80.0%
github.com/hollis-labs/nanite/internal/runtime/agent/bootdir_common.go:32:			agentSlug						100.0%
github.com/hollis-labs/nanite/internal/runtime/agent/bootdir_common.go:44:			defaultIfEmpty						100.0%
github.com/hollis-labs/nanite/internal/runtime/agent/bootdir_opencode.go:48:			Plant							100.0%
github.com/hollis-labs/nanite/internal/runtime/agent/bootdir_opencode.go:55:			opencodeAgentMD						100.0%
github.com/hollis-labs/nanite/internal/runtime/agent/bootdir_opencode.go:60:			opencodeAgentsJSON					80.0%
github.com/hollis-labs/nanite/internal/runtime/agent/bootdir_opencode.go:78:			opencodeJSON						80.0%
github.com/hollis-labs/nanite/internal/runtime/agent/bootdir_opencode.go:95:			opencodePlantSpec					78.6%
github.com/hollis-labs/nanite/internal/runtime/agent/bootdir_opencode.go:125:			Setup							57.1%
github.com/hollis-labs/nanite/internal/runtime/agent/bootdir_opencode.go:142:			Populate						71.4%
github.com/hollis-labs/nanite/internal/runtime/agent/bootdir_opencode.go:156:			RegenerateSystemPromptSlot				0.0%
github.com/hollis-labs/nanite/internal/runtime/agent/bootdir_opencode.go:174:			AmendEnv						100.0%
github.com/hollis-labs/nanite/internal/runtime/agent/bootdir_opencode.go:210:			SpawnWorkdir						100.0%
github.com/hollis-labs/nanite/internal/runtime/agent/bootdir_opencode.go:219:			BootPrompt						100.0%
github.com/hollis-labs/nanite/internal/runtime/agent/bootdir_opencode.go:225:			BootMode						0.0%
github.com/hollis-labs/nanite/internal/runtime/agent/bootdir_plant.go:80:			writePlantedFile					80.0%
github.com/hollis-labs/nanite/internal/runtime/agent/bootdir_plant.go:137:			plantSpec						92.0%
github.com/hollis-labs/nanite/internal/runtime/agent/bootdir_plant.go:185:			sandboxFiles						100.0%
github.com/hollis-labs/nanite/internal/runtime/agent/bootdir_plant.go:197:			mcpConfigBytes						85.7%
github.com/hollis-labs/nanite/internal/runtime/agent/bootdir_plant.go:218:			mcpOverlay						88.9%
github.com/hollis-labs/nanite/internal/runtime/agent/bootdir_provider_config.go:108:		codexConfigTOMLContent					100.0%
github.com/hollis-labs/nanite/internal/runtime/agent/bootdir_provider_config.go:146:		codexAuthJSONContent					100.0%
github.com/hollis-labs/nanite/internal/runtime/agent/bootdir_provider_config.go:174:		claudeProviderConfigContent				100.0%
github.com/hollis-labs/nanite/internal/runtime/agent/bootdir_provider_config.go:192:		renderProviderConfigFile				71.4%
github.com/hollis-labs/nanite/internal/runtime/agent/context_resolver.go:62:			ResolveContextBlocks					90.9%
github.com/hollis-labs/nanite/internal/runtime/agent/context_resolver.go:113:			contextResolverToSlotSpec				88.2%
github.com/hollis-labs/nanite/internal/runtime/agent/context_resolver.go:157:			parseResolverTimeout					100.0%
github.com/hollis-labs/nanite/internal/runtime/agent/context_resolver.go:171:			parseResolverHeaders					83.3%
github.com/hollis-labs/nanite/internal/runtime/agent/deps.go:145:				trackLiveSession					66.7%
github.com/hollis-labs/nanite/internal/runtime/agent/deps.go:156:				untrackLiveSession					66.7%
github.com/hollis-labs/nanite/internal/runtime/agent/deps.go:168:				IsLive							75.0%
github.com/hollis-labs/nanite/internal/runtime/agent/deps.go:185:				StopAllLiveSessions					0.0%
github.com/hollis-labs/nanite/internal/runtime/agent/deps.go:382:				RecordPTYRestart					0.0%
github.com/hollis-labs/nanite/internal/runtime/agent/env.go:35:					composeEnv						100.0%
github.com/hollis-labs/nanite/internal/runtime/agent/factory.go:26:				streamingStdioUserFrame					100.0%
github.com/hollis-labs/nanite/internal/runtime/agent/factory.go:74:				shouldUsePTY						100.0%
github.com/hollis-labs/nanite/internal/runtime/agent/factory.go:116:				shouldUseStreamingStdio					100.0%
github.com/hollis-labs/nanite/internal/runtime/agent/factory.go:135:				shouldAutoFireFirstTurn					100.0%
github.com/hollis-labs/nanite/internal/runtime/agent/factory.go:156:				runtimeConfigForAdapter					100.0%
github.com/hollis-labs/nanite/internal/runtime/agent/factory.go:188:				useACPProtocol						100.0%
github.com/hollis-labs/nanite/internal/runtime/agent/factory.go:201:				effectiveACPTransport					100.0%
github.com/hollis-labs/nanite/internal/runtime/agent/kickoff.go:17:				composeKickoff						100.0%
github.com/hollis-labs/nanite/internal/runtime/agent/kickoff.go:27:				composeKickoffRaw					75.0%
github.com/hollis-labs/nanite/internal/runtime/agent/kickoff.go:41:				composeBootContent					95.7%
github.com/hollis-labs/nanite/internal/runtime/agent/manager.go:26:				SendInput						41.7%
github.com/hollis-labs/nanite/internal/runtime/agent/manager.go:62:				Stop							87.5%
github.com/hollis-labs/nanite/internal/runtime/agent/manager.go:108:				Wait							80.0%
github.com/hollis-labs/nanite/internal/runtime/agent/manager.go:127:				Checkpoint						100.0%
github.com/hollis-labs/nanite/internal/runtime/agent/prompt.go:24:				composeSystemPrompt					100.0%
github.com/hollis-labs/nanite/internal/runtime/agent/prompt.go:54:				resolveBootPrompt					100.0%
github.com/hollis-labs/nanite/internal/runtime/agent/prompt.go:80:				ResolveSystemPrompt					100.0%
github.com/hollis-labs/nanite/internal/runtime/agent/prompt.go:97:				appendDynamicContext					95.2%
github.com/hollis-labs/nanite/internal/runtime/agent/prompt.go:163:				withMandatoryPostCompactionReread			100.0%
github.com/hollis-labs/nanite/internal/runtime/agent/prompt.go:173:				roleFraming						100.0%
github.com/hollis-labs/nanite/internal/runtime/agent/prompt.go:191:				modeFraming						100.0%
github.com/hollis-labs/nanite/internal/runtime/agent/sandbox_content_claude.go:25:		BuildCLAUDEMD						100.0%
github.com/hollis-labs/nanite/internal/runtime/agent/sandbox_content_claude.go:54:		claudeMDBody						100.0%
github.com/hollis-labs/nanite/internal/runtime/agent/sandbox_content_claude.go:83:		registeredTypesParagraph				100.0%
github.com/hollis-labs/nanite/internal/runtime/agent/sandbox_content_claude.go:103:		BuildAgentContext					39.0%
github.com/hollis-labs/nanite/internal/runtime/agent/sandbox_content_envelope.go:28:		envelopeSchemaContent					100.0%
github.com/hollis-labs/nanite/internal/runtime/agent/sandbox_content_envelope.go:43:		registeredEnvelopeTypesSection				100.0%
github.com/hollis-labs/nanite/internal/runtime/agent/sandbox_content_mcp.go:20:			renderMCPJSON						88.9%
github.com/hollis-labs/nanite/internal/runtime/agent/sandbox_profile.go:24:			buildSandboxProfile					100.0%
github.com/hollis-labs/nanite/internal/runtime/agent/sandbox_profile.go:51:			naniteHomeDir						75.0%
github.com/hollis-labs/nanite/internal/runtime/agent/workspace.go:37:				workspaceCreate						92.3%
github.com/hollis-labs/nanite/internal/runtime/agent/wrapper_adapter.go:65:			newNativeAdapter					100.0%
github.com/hollis-labs/nanite/internal/runtime/agent/wrapper_adapter.go:87:			protocolTransportFromCaps				75.0%
github.com/hollis-labs/nanite/internal/runtime/agent/wrapper_adapter.go:99:			Name							100.0%
github.com/hollis-labs/nanite/internal/runtime/agent/wrapper_adapter.go:106:			Describe						100.0%
github.com/hollis-labs/nanite/internal/runtime/agent/wrapper_adapter.go:124:			Resolve							75.0%
github.com/hollis-labs/nanite/internal/runtime/agent/wrapper_adapter.go:141:			CLIAdapter						100.0%
github.com/hollis-labs/nanite/internal/runtime/agent/wrapper_adapter.go:158:			Detect							66.7%
github.com/hollis-labs/nanite/internal/runtime/agent/wrapper_adapter.go:229:			wrapEnvForSpawn						71.4%
github.com/hollis-labs/nanite/internal/runtime/agent/wrapper_adapter.go:245:			writeEnvWrapperScript					79.2%
github.com/hollis-labs/nanite/internal/runtime/agent/wrapper_adapter.go:283:			shellQuote						100.0%
github.com/hollis-labs/nanite/internal/runtime/agent/wrapper_sink.go:49:			Write							70.0%
github.com/hollis-labs/nanite/internal/runtime/agent/wrapper_sink.go:77:			signalReady						66.7%
github.com/hollis-labs/nanite/internal/runtime/agent/wrapper_sink.go:84:			sendFanout						100.0%
github.com/hollis-labs/nanite/internal/runtime/agent/wrapper_sink.go:105:			handleDelta						71.4%
github.com/hollis-labs/nanite/internal/runtime/agent/wrapper_sink.go:143:			handleToolUse						66.7%
github.com/hollis-labs/nanite/internal/runtime/agent/wrapper_sink.go:168:			handleToolResult					0.0%
github.com/hollis-labs/nanite/internal/runtime/agent/wrapper_sink.go:192:			handleSubagentSpawn					0.0%
github.com/hollis-labs/nanite/internal/runtime/agent/wrapper_sink.go:210:			handleTurnCompleted					75.0%
github.com/hollis-labs/nanite/internal/runtime/agent/wrapper_sink.go:236:			handleTurnFailed					0.0%
github.com/hollis-labs/nanite/internal/safego/safego.go:50:					SetPanicHook						100.0%
github.com/hollis-labs/nanite/internal/safego/safego.go:62:					currentHook						100.0%
github.com/hollis-labs/nanite/internal/safego/safego.go:80:					Go							100.0%
github.com/hollis-labs/nanite/internal/safego/safego.go:91:					Call							100.0%
github.com/hollis-labs/nanite/internal/safego/safego.go:96:					recoverAndReport					100.0%
github.com/hollis-labs/nanite/internal/safego/safego.go:126:					sprintAny						100.0%
github.com/hollis-labs/nanite/internal/sandbox/denylist.go:42:					CheckDenylist						100.0%
github.com/hollis-labs/nanite/internal/sandbox/denylist.go:52:					repr							100.0%
github.com/hollis-labs/nanite/internal/sandbox/exec.go:99:					AgentExec						74.2%
github.com/hollis-labs/nanite/internal/sandbox/exec.go:177:					UserExec						78.9%
github.com/hollis-labs/nanite/internal/sandbox/exec.go:217:					runCmd							76.5%
github.com/hollis-labs/nanite/internal/sandbox/exec.go:248:					buildAgentEnv						100.0%
github.com/hollis-labs/nanite/internal/sandbox/exec.go:272:					filterSecrets						88.9%
github.com/hollis-labs/nanite/internal/sandbox/exec.go:288:					isSecretKey						100.0%
github.com/hollis-labs/nanite/internal/sandbox/exec.go:299:					clampTimeout						60.0%
github.com/hollis-labs/nanite/internal/sandbox/exec.go:315:					Write							66.7%
github.com/hollis-labs/nanite/internal/sandbox/exec.go:326:					String							100.0%
github.com/hollis-labs/nanite/internal/sandbox/exec_unix.go:35:					groupKillBackstop					50.0%
github.com/hollis-labs/nanite/internal/sandbox/exec_unix.go:64:					setProcessGroupKill					84.6%
github.com/hollis-labs/nanite/internal/sandbox/os_darwin.go:21:					Error							0.0%
github.com/hollis-labs/nanite/internal/sandbox/os_darwin.go:31:					validateSeatbeltLiteral					100.0%
github.com/hollis-labs/nanite/internal/sandbox/os_darwin.go:68:					seatbeltProfile						83.7%
github.com/hollis-labs/nanite/internal/sandbox/os_darwin.go:143:				applyOSSandbox						77.3%
github.com/hollis-labs/nanite/internal/sandbox/proxy.go:26:					defaultProxyResolver					100.0%
github.com/hollis-labs/nanite/internal/sandbox/proxy.go:55:					mustParseSandboxCIDRs					85.7%
github.com/hollis-labs/nanite/internal/sandbox/proxy.go:138:					NewProxy						100.0%
github.com/hollis-labs/nanite/internal/sandbox/proxy.go:146:					Start							85.7%
github.com/hollis-labs/nanite/internal/sandbox/proxy.go:176:					Stop							94.4%
github.com/hollis-labs/nanite/internal/sandbox/proxy.go:217:					trackConn						80.0%
github.com/hollis-labs/nanite/internal/sandbox/proxy.go:227:					untrackConn						100.0%
github.com/hollis-labs/nanite/internal/sandbox/proxy.go:234:					handleRequest						100.0%
github.com/hollis-labs/nanite/internal/sandbox/proxy.go:247:					resolveAndPin						81.0%
github.com/hollis-labs/nanite/internal/sandbox/proxy.go:285:					innerDial						100.0%
github.com/hollis-labs/nanite/internal/sandbox/proxy.go:295:					connectPortAllowed					100.0%
github.com/hollis-labs/nanite/internal/sandbox/proxy.go:309:					isLocalhostName						100.0%
github.com/hollis-labs/nanite/internal/sandbox/proxy.go:315:					handleConnect						76.7%
github.com/hollis-labs/nanite/internal/sandbox/proxy.go:399:					runTunnel						90.9%
github.com/hollis-labs/nanite/internal/sandbox/proxy.go:438:					handleHTTP						78.7%
github.com/hollis-labs/nanite/internal/sandbox/proxy.go:539:					domainAllowed						100.0%
github.com/hollis-labs/nanite/internal/sandbox/proxy.go:560:					splitHostPort						83.3%
github.com/hollis-labs/nanite/internal/sandbox/sandbox.go:31:					Dir							73.3%
github.com/hollis-labs/nanite/internal/sandbox/sandbox.go:72:					Populate						0.0%
github.com/hollis-labs/nanite/internal/scheduler/retrying_runner.go:138:			now							66.7%
github.com/hollis-labs/nanite/internal/scheduler/retrying_runner.go:145:			backoffDelay						73.3%
github.com/hollis-labs/nanite/internal/scheduler/retrying_runner.go:202:			Enqueue							87.9%
github.com/hollis-labs/nanite/internal/scheduler/retrying_runner.go:279:			emitTrace						100.0%
github.com/hollis-labs/nanite/internal/scheduler/retrying_runner.go:310:			scheduleName						75.0%
github.com/hollis-labs/nanite/internal/scheduler/retrying_runner.go:340:			getOrCreateRun						76.5%
github.com/hollis-labs/nanite/internal/scheduler/retrying_runner.go:373:			isTerminalRunStatus					100.0%
github.com/hollis-labs/nanite/internal/scheduler/retrying_runner.go:384:			retryPolicy						63.6%
github.com/hollis-labs/nanite/internal/scheduler/retrying_runner.go:411:			applyOnFail						57.1%
github.com/hollis-labs/nanite/internal/scheduler/retrying_runner.go:444:			emitExhaustionNotice					100.0%
github.com/hollis-labs/nanite/internal/scheduler/retrying_runner.go:449:			logger							66.7%
github.com/hollis-labs/nanite/internal/scheduler/runner_adapter.go:189:				Enqueue							100.0%
github.com/hollis-labs/nanite/internal/scheduler/runner_adapter.go:217:				enqueueDurableAgentWake					81.8%
github.com/hollis-labs/nanite/internal/scheduler/runner_adapter.go:252:				enqueueAgentWorkflowRun					84.6%
github.com/hollis-labs/nanite/internal/scheduler/runner_adapter.go:296:				enqueueCommandRun					84.6%
github.com/hollis-labs/nanite/internal/scheduler/runner_adapter.go:342:				enqueueReflexDispatch					83.3%
github.com/hollis-labs/nanite/internal/scheduler/store_adapter.go:108:				ListDueSchedules					90.9%
github.com/hollis-labs/nanite/internal/scheduler/store_adapter.go:149:				toSchedule						84.6%
github.com/hollis-labs/nanite/internal/scheduler/store_adapter.go:200:				buildPayload						75.0%
github.com/hollis-labs/nanite/internal/scheduler/store_adapter.go:255:				resolveDurableAgentInstanceID				92.3%
github.com/hollis-labs/nanite/internal/scheduler/store_adapter.go:283:				ClaimAndUpdateScheduleRun				75.0%
github.com/hollis-labs/nanite/internal/scheduler/store_adapter.go:294:				SetScheduleNextRun					66.7%
github.com/hollis-labs/nanite/internal/scheduler/store_adapter.go:314:				DisableSchedule						66.7%
github.com/hollis-labs/nanite/internal/scheduler/store_adapter.go:332:				parseScheduleTime					100.0%
github.com/hollis-labs/nanite/internal/scheduler/telemetry.go:204:				EmitScheduleFireTrace					73.7%
github.com/hollis-labs/nanite/internal/selftools/reactions/engine.go:103:			NewEngine						100.0%
github.com/hollis-labs/nanite/internal/selftools/reactions/engine.go:137:			Fire							65.8%
github.com/hollis-labs/nanite/internal/selftools/reactions/internal_api_call.go:51:		executeInternalAPICall					88.0%
github.com/hollis-labs/nanite/internal/selftools/reactions/render_card.go:33:			ResolveRenderCard					85.7%
github.com/hollis-labs/nanite/internal/selftools/reactions/result.go:90:			RenderCardPayload					100.0%
github.com/hollis-labs/nanite/internal/selftools/reactions/telemetry.go:112:			EmitReactionTrace					73.3%
github.com/hollis-labs/nanite/internal/selftools/reactions/template.go:27:			substituteTemplate					68.8%
github.com/hollis-labs/nanite/internal/selftools/render_card_marker.go:40:			EmbedRenderCardMarker					100.0%
github.com/hollis-labs/nanite/internal/selftools/self_tools.go:32:				SelfToolProviderDefinitions				0.0%
github.com/hollis-labs/nanite/internal/selftools/self_tools.go:49:				selfToolDefinitions					100.0%
github.com/hollis-labs/nanite/internal/selftools/self_tools_agent_source.go:39:			agentSourceResolveToolDefinition			100.0%
github.com/hollis-labs/nanite/internal/selftools/self_tools_agent_source.go:96:			callAgentSourceResolve					76.9%
github.com/hollis-labs/nanite/internal/selftools/self_tools_agent_source.go:138:		resolveAgentByRef					100.0%
github.com/hollis-labs/nanite/internal/selftools/self_tools_agent_source.go:152:		agentSpecID						66.7%
github.com/hollis-labs/nanite/internal/selftools/self_tools_chat_search.go:70:			resolveChatTarget					70.0%
github.com/hollis-labs/nanite/internal/selftools/self_tools_chat_search.go:106:			isShortCode						100.0%
github.com/hollis-labs/nanite/internal/selftools/self_tools_chat_search.go:125:			callChatSearch						86.1%
github.com/hollis-labs/nanite/internal/selftools/self_tools_chat_search.go:306:			callChatGet						85.7%
github.com/hollis-labs/nanite/internal/selftools/self_tools_chat_search.go:383:			extractMessageText					66.7%
github.com/hollis-labs/nanite/internal/selftools/self_tools_chat_search.go:408:			intArgFull						38.5%
github.com/hollis-labs/nanite/internal/selftools/self_tools_chat_search.go:436:			buildExcerpt						90.0%
github.com/hollis-labs/nanite/internal/selftools/self_tools_describe.go:37:			loadGoldenExamples					87.5%
github.com/hollis-labs/nanite/internal/selftools/self_tools_describe.go:60:			naniteToolDescribeDefinition				100.0%
github.com/hollis-labs/nanite/internal/selftools/self_tools_describe.go:178:			callToolDescribe					89.2%
github.com/hollis-labs/nanite/internal/selftools/self_tools_describe.go:273:			closestToolNames					92.9%
github.com/hollis-labs/nanite/internal/selftools/self_tools_describe.go:303:			levenshtein						93.1%
github.com/hollis-labs/nanite/internal/selftools/self_tools_describer.go:59:			describeTaskExecute					100.0%
github.com/hollis-labs/nanite/internal/selftools/self_tools_describer.go:90:			describeToolList					100.0%
github.com/hollis-labs/nanite/internal/selftools/self_tools_describer.go:117:			describeSkillList					100.0%
github.com/hollis-labs/nanite/internal/selftools/self_tools_describer.go:134:			RegisterSelfToolDescribers				80.0%
github.com/hollis-labs/nanite/internal/selftools/self_tools_dispatch.go:54:			callExecuteTask						53.8%
github.com/hollis-labs/nanite/internal/selftools/self_tools_dispatch.go:264:			recursionBlocked					77.8%
github.com/hollis-labs/nanite/internal/selftools/self_tools_dispatch.go:327:			matchDispatchToAgentReflex				81.4%
github.com/hollis-labs/nanite/internal/selftools/self_tools_dispatch_executor.go:27:		dispatchExecutorToolDefinition				100.0%
github.com/hollis-labs/nanite/internal/selftools/self_tools_dispatch_executor.go:134:		callDispatchExecutor					92.9%
github.com/hollis-labs/nanite/internal/selftools/self_tools_dispatch_executor.go:209:		parseExecutorSources					92.9%
github.com/hollis-labs/nanite/internal/selftools/self_tools_dispatch_executor.go:241:		parseContextHandles					92.9%
github.com/hollis-labs/nanite/internal/selftools/self_tools_handoff.go:23:			handoffStashToolDefinition				100.0%
github.com/hollis-labs/nanite/internal/selftools/self_tools_handoff.go:77:			handoffPointersExpandToolDefinition			100.0%
github.com/hollis-labs/nanite/internal/selftools/self_tools_handoff.go:104:			callHandoffStash					59.3%
github.com/hollis-labs/nanite/internal/selftools/self_tools_handoff.go:180:			callHandoffPointersExpand				64.7%
github.com/hollis-labs/nanite/internal/selftools/self_tools_list.go:44:				naniteToolListDefinition				100.0%
github.com/hollis-labs/nanite/internal/selftools/self_tools_list.go:117:			firstSentenceSummary					100.0%
github.com/hollis-labs/nanite/internal/selftools/self_tools_list.go:156:			safeTruncate						100.0%
github.com/hollis-labs/nanite/internal/selftools/self_tools_list.go:193:			gatherInventory						94.1%
github.com/hollis-labs/nanite/internal/selftools/self_tools_list.go:247:			callToolList						92.9%
github.com/hollis-labs/nanite/internal/selftools/self_tools_panels.go:59:			callPanelOpen						100.0%
github.com/hollis-labs/nanite/internal/selftools/self_tools_panels.go:89:			callSignalMode						80.0%
github.com/hollis-labs/nanite/internal/selftools/self_tools_panels.go:107:			callPanelClose						75.0%
github.com/hollis-labs/nanite/internal/selftools/self_tools_panels.go:140:			resolvePanelAccess					95.5%
github.com/hollis-labs/nanite/internal/selftools/self_tools_panels.go:200:			emitPanelSignal						81.8%
github.com/hollis-labs/nanite/internal/selftools/self_tools_panels.go:220:			panelResultJSON						75.0%
github.com/hollis-labs/nanite/internal/selftools/self_tools_procedure.go:26:			callProcedureGet					78.6%
github.com/hollis-labs/nanite/internal/selftools/self_tools_python.go:204:			RunPythonSandbox					79.5%
github.com/hollis-labs/nanite/internal/selftools/self_tools_python.go:392:			pumpToolCalls						88.9%
github.com/hollis-labs/nanite/internal/selftools/self_tools_python.go:463:			exitCode						0.0%
github.com/hollis-labs/nanite/internal/selftools/self_tools_python.go:481:			Write							80.0%
github.com/hollis-labs/nanite/internal/selftools/self_tools_python.go:496:			String							100.0%
github.com/hollis-labs/nanite/internal/selftools/self_tools_python.go:505:			applySandboxSysProcAttr					80.0%
github.com/hollis-labs/nanite/internal/selftools/self_tools_python.go:520:			naniteRunPythonToolDefinition				100.0%
github.com/hollis-labs/nanite/internal/selftools/self_tools_remember.go:26:			rememberToolDefinition					100.0%
github.com/hollis-labs/nanite/internal/selftools/self_tools_remember.go:95:			newRememberSessionCounters				100.0%
github.com/hollis-labs/nanite/internal/selftools/self_tools_remember.go:99:			bump							71.4%
github.com/hollis-labs/nanite/internal/selftools/self_tools_remember.go:127:			SnapshotSession						75.0%
github.com/hollis-labs/nanite/internal/selftools/self_tools_remember.go:150:			callRemember						86.7%
github.com/hollis-labs/nanite/internal/selftools/self_tools_reminders_pins.go:20:		callSetReminder						0.0%
github.com/hollis-labs/nanite/internal/selftools/self_tools_reminders_pins.go:98:		callPin							0.0%
github.com/hollis-labs/nanite/internal/selftools/self_tools_reminders_pins.go:161:		callUnpin						0.0%
github.com/hollis-labs/nanite/internal/selftools/self_tools_reminders_pins.go:176:		currentTurnCount					0.0%
github.com/hollis-labs/nanite/internal/selftools/self_tools_schedule_create.go:99:		scheduleCreateToolDefinition				100.0%
github.com/hollis-labs/nanite/internal/selftools/self_tools_schedule_create.go:141:		callScheduleCreate					90.0%
github.com/hollis-labs/nanite/internal/selftools/self_tools_schedule_create.go:258:		resolveSelfScheduleAgentID				76.9%
github.com/hollis-labs/nanite/internal/selftools/self_tools_schedule_create.go:282:		defaultScheduleCreateName				80.0%
github.com/hollis-labs/nanite/internal/selftools/self_tools_task_update_report.go:53:		taskUpdateReportToolDefinition				100.0%
github.com/hollis-labs/nanite/internal/selftools/self_tools_task_update_report.go:84:		callTaskUpdateReport					88.2%
github.com/hollis-labs/nanite/internal/selftools/self_tools_task_update_report.go:166:		SeedTaskUpdateReportReactions				76.2%
github.com/hollis-labs/nanite/internal/selftools/self_tools_transport.go:347:			classifyAgent						75.0%
github.com/hollis-labs/nanite/internal/selftools/self_tools_transport.go:360:			agentNotEditableError					100.0%
github.com/hollis-labs/nanite/internal/selftools/self_tools_transport.go:375:			notifyWorkChanged					100.0%
github.com/hollis-labs/nanite/internal/selftools/self_tools_transport.go:382:			NewSelfToolsTransport					100.0%
github.com/hollis-labs/nanite/internal/selftools/self_tools_transport.go:397:			RecallToolLearnings					100.0%
github.com/hollis-labs/nanite/internal/selftools/self_tools_transport.go:405:			ListTools						100.0%
github.com/hollis-labs/nanite/internal/selftools/self_tools_transport.go:419:			CallTool						47.8%
github.com/hollis-labs/nanite/internal/selftools/self_tools_transport.go:587:			callListSkills						88.2%
github.com/hollis-labs/nanite/internal/selftools/self_tools_transport.go:617:			callDeleteSkill						66.7%
github.com/hollis-labs/nanite/internal/selftools/self_tools_transport.go:631:			callCreateAgent						92.3%
github.com/hollis-labs/nanite/internal/selftools/self_tools_transport.go:669:			callListAgents						84.6%
github.com/hollis-labs/nanite/internal/selftools/self_tools_transport.go:692:			callUpdateAgent						71.4%
github.com/hollis-labs/nanite/internal/selftools/self_tools_transport.go:736:			callStartBuilder					0.0%
github.com/hollis-labs/nanite/internal/selftools/self_tools_transport.go:747:			callBuilderStep						0.0%
github.com/hollis-labs/nanite/internal/selftools/self_tools_transport.go:758:			callNavigateEngine					0.0%
github.com/hollis-labs/nanite/internal/selftools/self_tools_transport.go:791:			callRefreshEngine					0.0%
github.com/hollis-labs/nanite/internal/selftools/self_tools_transport.go:813:			buildShowEnvelope					100.0%
github.com/hollis-labs/nanite/internal/selftools/self_tools_transport.go:873:			callShowCard						92.6%
github.com/hollis-labs/nanite/internal/selftools/self_tools_transport.go:948:			resolveShowCardRenderTarget				100.0%
github.com/hollis-labs/nanite/internal/selftools/self_tools_transport.go:965:			callTodoCreate						53.6%
github.com/hollis-labs/nanite/internal/selftools/self_tools_transport.go:1031:			resolveProjectIDFromSession				0.0%
github.com/hollis-labs/nanite/internal/selftools/self_tools_transport.go:1042:			callTodoUpdate						0.0%
github.com/hollis-labs/nanite/internal/selftools/self_tools_transport.go:1080:			callTodoList						73.3%
github.com/hollis-labs/nanite/internal/selftools/self_tools_transport.go:1169:			callPlanCreate						82.4%
github.com/hollis-labs/nanite/internal/selftools/self_tools_transport.go:1207:			callPlanUpdate						0.0%
github.com/hollis-labs/nanite/internal/selftools/self_tools_transport.go:1253:			callPlanStepAdd						64.3%
github.com/hollis-labs/nanite/internal/selftools/self_tools_transport.go:1306:			callPlanList						76.2%
github.com/hollis-labs/nanite/internal/selftools/self_tools_transport.go:1348:			callPlanGet						70.0%
github.com/hollis-labs/nanite/internal/selftools/self_tools_transport.go:1366:			callPlanDelete						66.7%
github.com/hollis-labs/nanite/internal/selftools/self_tools_transport.go:1384:			callInstallHome						0.0%
github.com/hollis-labs/nanite/internal/selftools/self_tools_transport.go:1395:			callInstallProject					0.0%
github.com/hollis-labs/nanite/internal/selftools/self_tools_transport.go:1421:			callInstallDiff						0.0%
github.com/hollis-labs/nanite/internal/selftools/self_tools_transport.go:1434:			callMessageSend						85.0%
github.com/hollis-labs/nanite/internal/selftools/self_tools_transport.go:1490:			callMessageInbox					0.0%
github.com/hollis-labs/nanite/internal/selftools/self_tools_transport.go:1528:			callMessageThread					0.0%
github.com/hollis-labs/nanite/internal/selftools/self_tools_transport.go:1553:			callMessageAck						0.0%
github.com/hollis-labs/nanite/internal/selftools/self_tools_transport.go:1570:			callMessageResolve					0.0%
github.com/hollis-labs/nanite/internal/selftools/self_tools_transport.go:1587:			callMessageCatchUp					0.0%
github.com/hollis-labs/nanite/internal/selftools/self_tools_transport.go:1614:			callHandoffRequest					0.0%
github.com/hollis-labs/nanite/internal/selftools/self_tools_transport.go:1639:			callHandoffApprove					0.0%
github.com/hollis-labs/nanite/internal/selftools/self_tools_transport.go:1651:			callHandoffReject					0.0%
github.com/hollis-labs/nanite/internal/selftools/self_tools_transport.go:1707:			callSpawnSubagent					88.9%
github.com/hollis-labs/nanite/internal/selftools/self_tools_transport.go:1858:			syncSubagentEnvelope					80.8%
github.com/hollis-labs/nanite/internal/selftools/self_tools_transport.go:1965:			recoverSyncSummary					64.3%
github.com/hollis-labs/nanite/internal/selftools/self_tools_transport.go:1996:			envelopeResult						100.0%
github.com/hollis-labs/nanite/internal/selftools/self_tools_transport.go:2003:			extractStoredAssistantText				100.0%
github.com/hollis-labs/nanite/internal/selftools/self_tools_transport.go:2013:			extractLiteralSubagentOutput				88.9%
github.com/hollis-labs/nanite/internal/selftools/self_tools_transport.go:2028:			looksLikeLiteralContentPrompt				66.7%
github.com/hollis-labs/nanite/internal/selftools/self_tools_transport.go:2039:			extractSingleFencedCodeBlock				80.0%
github.com/hollis-labs/nanite/internal/selftools/self_tools_transport.go:2055:			extractLeadingNumberedList				88.9%
github.com/hollis-labs/nanite/internal/selftools/self_tools_transport.go:2082:			isNumberedListLine					100.0%
github.com/hollis-labs/nanite/internal/selftools/self_tools_transport.go:2089:			formatLiteralFileReadReply				88.9%
github.com/hollis-labs/nanite/internal/selftools/self_tools_transport.go:2117:			normalizeLiteralLines					95.0%
github.com/hollis-labs/nanite/internal/selftools/self_tools_transport.go:2153:			extractPromptPath					100.0%
github.com/hollis-labs/nanite/internal/selftools/self_tools_transport.go:2157:			extractRequestedLineCount				71.4%
github.com/hollis-labs/nanite/internal/selftools/self_tools_transport.go:2169:			callSubagentStatus					0.0%
github.com/hollis-labs/nanite/internal/selftools/self_tools_transport.go:2186:			callSubagentCancel					0.0%
github.com/hollis-labs/nanite/internal/selftools/self_tools_transport.go:2206:			callSubagentRoleAudit					0.0%
github.com/hollis-labs/nanite/internal/selftools/self_tools_transport.go:2235:			callBackgroundJob					0.0%
github.com/hollis-labs/nanite/internal/selftools/self_tools_transport.go:2266:			callBackgroundStatus					0.0%
github.com/hollis-labs/nanite/internal/selftools/self_tools_transport.go:2285:			callBackgroundCancel					0.0%
github.com/hollis-labs/nanite/internal/selftools/self_tools_transport.go:2301:			strArg							100.0%
github.com/hollis-labs/nanite/internal/selftools/self_tools_transport.go:2316:			parseSourcesArg						78.6%
github.com/hollis-labs/nanite/internal/selftools/self_tools_transport.go:2351:			validateSourcesAgainstTurn				100.0%
github.com/hollis-labs/nanite/internal/selftools/self_tools_transport.go:2388:			callRunPython						70.0%
github.com/hollis-labs/nanite/internal/selftools/self_tools_validate.go:32:			validateToolDefinition					100.0%
github.com/hollis-labs/nanite/internal/selftools/self_tools_validate.go:73:			callValidate						88.9%
github.com/hollis-labs/nanite/internal/selftools/self_tools_validate.go:176:			lookupToolSchema					100.0%
github.com/hollis-labs/nanite/internal/selftools/self_tools_validate.go:193:			validationResult					85.7%
github.com/hollis-labs/nanite/internal/selftools/self_tools_whoami.go:19:			whoamiToolDefinition					100.0%
github.com/hollis-labs/nanite/internal/selftools/self_tools_whoami.go:41:			executeWhoami						0.0%
github.com/hollis-labs/nanite/internal/selftools/self_tools_workflow.go:29:			workflowExecuteLLMStepToolDefinition			100.0%
github.com/hollis-labs/nanite/internal/selftools/self_tools_workflow.go:75:			workflowExecuteToolStepToolDefinition			100.0%
github.com/hollis-labs/nanite/internal/selftools/self_tools_workflow.go:96:			workflowVerifyStepToolDefinition			100.0%
github.com/hollis-labs/nanite/internal/selftools/self_tools_workflow.go:168:			decodeStepArgs						66.7%
github.com/hollis-labs/nanite/internal/selftools/self_tools_workflow.go:183:			jsonToolResult						75.0%
github.com/hollis-labs/nanite/internal/selftools/self_tools_workflow.go:191:			callWorkflowExecuteLLMStep				81.8%
github.com/hollis-labs/nanite/internal/selftools/self_tools_workflow.go:211:			callWorkflowExecuteToolStep				72.7%
github.com/hollis-labs/nanite/internal/selftools/self_tools_workflow.go:231:			callWorkflowVerifyStep					81.2%
github.com/hollis-labs/nanite/internal/selftools/self_tools_workflow_run.go:26:			workflowRunToolDefinition				100.0%
github.com/hollis-labs/nanite/internal/selftools/self_tools_workflow_run.go:49:			callWorkflowRun						84.6%
github.com/hollis-labs/nanite/internal/selftools/self_tools_workflow_run.go:122:		missingRequiredInputs					100.0%
github.com/hollis-labs/nanite/internal/server/auth.go:15:					basicAuthMiddleware					79.3%
github.com/hollis-labs/nanite/internal/server/caller_identity.go:47:				callerIdentityMiddleware				100.0%
github.com/hollis-labs/nanite/internal/server/server.go:72:					New							0.0%
github.com/hollis-labs/nanite/internal/server/server.go:96:					resolveHTTPConfig					100.0%
github.com/hollis-labs/nanite/internal/server/server.go:129:					SetPluginsDir						0.0%
github.com/hollis-labs/nanite/internal/server/server.go:151:					ListenAndServe						0.0%
github.com/hollis-labs/nanite/internal/server/server.go:179:					newHTTPServer						100.0%
github.com/hollis-labs/nanite/internal/server/server.go:201:					routes							0.0%
github.com/hollis-labs/nanite/internal/server/server.go:222:					handleHealth						0.0%
github.com/hollis-labs/nanite/internal/server/server.go:241:					corsMiddleware						100.0%
github.com/hollis-labs/nanite/internal/server/server.go:285:					isOriginAllowed						100.0%
github.com/hollis-labs/nanite/internal/server/server.go:299:					hasWildcardCORS						100.0%
github.com/hollis-labs/nanite/internal/server/server.go:325:					bodyLimitMiddleware					88.9%
github.com/hollis-labs/nanite/internal/server/server.go:340:					isMutatingMethod					100.0%
github.com/hollis-labs/nanite/internal/server/server.go:349:					isUploadPath						100.0%
github.com/hollis-labs/nanite/internal/server/server.go:358:					loggingMiddleware					100.0%
github.com/hollis-labs/nanite/internal/server/server.go:374:					recoverMiddleware					92.9%
github.com/hollis-labs/nanite/internal/server/server.go:416:					handleListPlugins					0.0%
github.com/hollis-labs/nanite/internal/server/server.go:443:					handleGetUIComponents					0.0%
github.com/hollis-labs/nanite/internal/server/server.go:466:					handleGetUISlots					0.0%
github.com/hollis-labs/nanite/internal/server/server.go:526:					isKnownEmitEventType					100.0%
github.com/hollis-labs/nanite/internal/server/server.go:532:					handleEmitEvent						71.9%
github.com/hollis-labs/nanite/internal/server/spa.go:18:					setSPACacheHeaders					100.0%
github.com/hollis-labs/nanite/internal/server/spa.go:31:					handleSPA						0.0%
github.com/hollis-labs/nanite/internal/service/a2a_agent_card.go:20:				NewAgentCardGenerator					100.0%
github.com/hollis-labs/nanite/internal/service/a2a_agent_card.go:58:				Generate						90.0%
github.com/hollis-labs/nanite/internal/service/a2a_agent_card.go:95:				skillFromWorkflow					100.0%
github.com/hollis-labs/nanite/internal/service/a2a_push_notifier.go:28:				NewA2APushNotifier					100.0%
github.com/hollis-labs/nanite/internal/service/a2a_push_notifier.go:44:				EnqueueDelivery						66.7%
github.com/hollis-labs/nanite/internal/service/a2a_push_notifier.go:76:				ProcessPendingDeliveries				70.0%
github.com/hollis-labs/nanite/internal/service/a2a_push_notifier.go:102:			processDelivery						61.5%
github.com/hollis-labs/nanite/internal/service/a2a_task_manager.go:51:				NewTaskManager						100.0%
github.com/hollis-labs/nanite/internal/service/a2a_task_manager.go:101:				SubmitTask						0.0%
github.com/hollis-labs/nanite/internal/service/a2a_task_manager.go:175:				classifyTarget						90.0%
github.com/hollis-labs/nanite/internal/service/a2a_task_manager.go:200:				submitWorkflowTask					0.0%
github.com/hollis-labs/nanite/internal/service/a2a_task_manager.go:247:				submitInstanceTask					0.0%
github.com/hollis-labs/nanite/internal/service/a2a_task_manager.go:311:				GetTask							0.0%
github.com/hollis-labs/nanite/internal/service/a2a_task_manager.go:378:				CancelTask						78.1%
github.com/hollis-labs/nanite/internal/service/a2a_task_manager.go:463:				deriveTaskState						100.0%
github.com/hollis-labs/nanite/internal/service/a2a_task_manager.go:489:				deriveFromWorkflowRun					71.4%
github.com/hollis-labs/nanite/internal/service/a2a_task_manager.go:535:				deriveFromDurableInstance				53.3%
github.com/hollis-labs/nanite/internal/service/a2a_task_manager.go:584:				createRejectedTask					0.0%
github.com/hollis-labs/nanite/internal/service/a2a_task_manager.go:603:				updateTaskStateFailed					0.0%
github.com/hollis-labs/nanite/internal/service/a2a_task_manager.go:635:				enqueuePushNotification					50.0%
github.com/hollis-labs/nanite/internal/service/a2a_task_manager.go:646:				PushNotifier						100.0%
github.com/hollis-labs/nanite/internal/service/a2a_task_manager.go:654:				ProvideTaskInput					0.0%
github.com/hollis-labs/nanite/internal/service/a2a_task_manager.go:708:				resumeWorkflowRun					0.0%
github.com/hollis-labs/nanite/internal/service/agent.go:74:					NewAgentService						100.0%
github.com/hollis-labs/nanite/internal/service/agent.go:83:					Get							100.0%
github.com/hollis-labs/nanite/internal/service/agent.go:87:					GetBySlug						100.0%
github.com/hollis-labs/nanite/internal/service/agent.go:91:					List							100.0%
github.com/hollis-labs/nanite/internal/service/agent.go:95:					Create							0.0%
github.com/hollis-labs/nanite/internal/service/agent.go:99:					Update							0.0%
github.com/hollis-labs/nanite/internal/service/agent.go:103:					Delete							100.0%
github.com/hollis-labs/nanite/internal/service/agent.go:123:					ResolveForSession					100.0%
github.com/hollis-labs/nanite/internal/service/agent.go:136:					ResolveForSessionReadOnly				100.0%
github.com/hollis-labs/nanite/internal/service/agent.go:144:					resolveForSession					80.0%
github.com/hollis-labs/nanite/internal/service/agent.go:201:					resolveBinding						100.0%
github.com/hollis-labs/nanite/internal/service/agent.go:230:					roleForProfile						100.0%
github.com/hollis-labs/nanite/internal/service/agent.go:255:					applyScalarCascade					93.3%
github.com/hollis-labs/nanite/internal/service/agent_bootdir_adapter.go:56:			newAgentBootDirAdapter					66.7%
github.com/hollis-labs/nanite/internal/service/agent_bootdir_adapter.go:68:			Track							66.7%
github.com/hollis-labs/nanite/internal/service/agent_bootdir_adapter.go:85:			Untrack							66.7%
github.com/hollis-labs/nanite/internal/service/agent_bootdir_adapter.go:102:			Repopulate						73.3%
github.com/hollis-labs/nanite/internal/service/agent_bootdir_adapter.go:135:			RegenerateCLAUDEMD					66.7%
github.com/hollis-labs/nanite/internal/service/agent_bootdir_adapter.go:165:			lookup							85.7%
github.com/hollis-labs/nanite/internal/service/agent_config.go:46:				NewAgentConfigService					100.0%
github.com/hollis-labs/nanite/internal/service/agent_config.go:89:				Classify						66.7%
github.com/hollis-labs/nanite/internal/service/agent_config.go:107:				Persisted						83.3%
github.com/hollis-labs/nanite/internal/service/agent_config.go:120:				Revision						0.0%
github.com/hollis-labs/nanite/internal/service/agent_config.go:134:				Create							66.7%
github.com/hollis-labs/nanite/internal/service/agent_config.go:158:				Update							64.0%
github.com/hollis-labs/nanite/internal/service/agent_config.go:207:				Delete							0.0%
github.com/hollis-labs/nanite/internal/service/agent_config.go:229:				CopyToManaged						27.8%
github.com/hollis-labs/nanite/internal/service/agent_config.go:263:				writeManaged						66.7%
github.com/hollis-labs/nanite/internal/service/agent_config.go:309:				uniqueManagedSlug					0.0%
github.com/hollis-labs/nanite/internal/service/agent_config.go:332:				emit							50.0%
github.com/hollis-labs/nanite/internal/service/agent_config.go:345:				ReconcileManagedAgentIDs				75.0%
github.com/hollis-labs/nanite/internal/service/agent_cycles.go:10:				WithAgentCycleKindForAPI				0.0%
github.com/hollis-labs/nanite/internal/service/agent_deps.go:123:				BuildAgentDependencies					0.0%
github.com/hollis-labs/nanite/internal/service/agent_deps.go:311:				SetPreBootHook						0.0%
github.com/hollis-labs/nanite/internal/service/agent_deps.go:320:				Boot							0.0%
github.com/hollis-labs/nanite/internal/service/agent_deps.go:361:				newRecoveryHTTPRetryAdapter				100.0%
github.com/hollis-labs/nanite/internal/service/agent_deps.go:365:				Retry							100.0%
github.com/hollis-labs/nanite/internal/service/agent_deps.go:384:				MarkRuntimeRelaunching					0.0%
github.com/hollis-labs/nanite/internal/service/agent_deps.go:388:				WriteBreadcrumb						0.0%
github.com/hollis-labs/nanite/internal/service/agent_deps.go:441:				RestartTransport					100.0%
github.com/hollis-labs/nanite/internal/service/agent_deps.go:473:				stripRegistryPrefix					100.0%
github.com/hollis-labs/nanite/internal/service/agent_deps.go:479:				indexAdapters						0.0%
github.com/hollis-labs/nanite/internal/service/agent_deps.go:502:				GetOrDefault						0.0%
github.com/hollis-labs/nanite/internal/service/agent_deps.go:527:				CreateRuntimeRow					66.7%
github.com/hollis-labs/nanite/internal/service/agent_deps.go:549:				MarkRuntimeFailed					0.0%
github.com/hollis-labs/nanite/internal/service/agent_deps.go:559:				UpdateState						100.0%
github.com/hollis-labs/nanite/internal/service/agent_deps.go:563:				SetProviderSessionID					0.0%
github.com/hollis-labs/nanite/internal/service/agent_deps.go:567:				GetCheckpoint						0.0%
github.com/hollis-labs/nanite/internal/service/agent_deps.go:579:				ListRunningRows						72.7%
github.com/hollis-labs/nanite/internal/service/agent_deps.go:608:				MarkRuntimeOrphaned					100.0%
github.com/hollis-labs/nanite/internal/service/agent_deps.go:615:				LogEvent						100.0%
github.com/hollis-labs/nanite/internal/service/agent_deps.go:622:				marshalMeta						33.3%
github.com/hollis-labs/nanite/internal/service/agent_deps.go:642:				UpdateSessionState					0.0%
github.com/hollis-labs/nanite/internal/service/agent_deps.go:669:				Emit							0.0%
github.com/hollis-labs/nanite/internal/service/agent_deps.go:691:				RecordPTYRestart					0.0%
github.com/hollis-labs/nanite/internal/service/agent_deps.go:741:				closeOnce						100.0%
github.com/hollis-labs/nanite/internal/service/agent_deps.go:747:				nextEventID						100.0%
github.com/hollis-labs/nanite/internal/service/agent_deps.go:759:				SetPerSessionRouter					100.0%
github.com/hollis-labs/nanite/internal/service/agent_deps.go:799:				fanout							93.8%
github.com/hollis-labs/nanite/internal/service/agent_deps.go:833:				translateStreamEvent					27.3%
github.com/hollis-labs/nanite/internal/service/agent_deps.go:881:				typedCallback						0.0%
github.com/hollis-labs/nanite/internal/service/agent_deps.go:961:				toolDetailFromArgs					0.0%
github.com/hollis-labs/nanite/internal/service/chat.go:403:					NewChatService						66.7%
github.com/hollis-labs/nanite/internal/service/chat.go:475:					Dispatcher						0.0%
github.com/hollis-labs/nanite/internal/service/chat.go:484:					registerGeneration					100.0%
github.com/hollis-labs/nanite/internal/service/chat.go:497:					deregisterGeneration					100.0%
github.com/hollis-labs/nanite/internal/service/chat.go:518:					registerGenerationIfIdle				100.0%
github.com/hollis-labs/nanite/internal/service/chat.go:537:					CancelActiveGeneration					100.0%
github.com/hollis-labs/nanite/internal/service/chat.go:565:					launchGeneration					66.7%
github.com/hollis-labs/nanite/internal/service/chat.go:586:					runGeneration						90.9%
github.com/hollis-labs/nanite/internal/service/chat.go:635:					maybeEmitEmbeddingWarning				95.2%
github.com/hollis-labs/nanite/internal/service/chat.go:671:					HandleMessage						61.1%
github.com/hollis-labs/nanite/internal/service/chat.go:744:					RetryLastMessage					0.0%
github.com/hollis-labs/nanite/internal/service/chat.go:787:					SendAgentMessage					0.0%
github.com/hollis-labs/nanite/internal/service/chat.go:824:					IsGenerating						100.0%
github.com/hollis-labs/nanite/internal/service/chat.go:857:					TriggerHarnessTurn					82.4%
github.com/hollis-labs/nanite/internal/service/chat.go:915:					TriggerMessageWake					82.4%
github.com/hollis-labs/nanite/internal/service/chat.go:951:					GetStream						100.0%
github.com/hollis-labs/nanite/internal/service/chat.go:960:					Shutdown						33.3%
github.com/hollis-labs/nanite/internal/service/chat.go:995:					SetWorkers						0.0%
github.com/hollis-labs/nanite/internal/service/chat.go:1006:					CloseAgentSession					0.0%
github.com/hollis-labs/nanite/internal/service/chat.go:1138:					tryProviderCandidate					80.0%
github.com/hollis-labs/nanite/internal/service/chat.go:1155:					resolveProvider						85.4%
github.com/hollis-labs/nanite/internal/service/chat.go:1358:					classifyNilProvider					100.0%
github.com/hollis-labs/nanite/internal/service/chat_boot_drive.go:73:				driveBootSession					10.1%
github.com/hollis-labs/nanite/internal/service/chat_boot_drive.go:284:				resolveAgentContextForBoot				81.8%
github.com/hollis-labs/nanite/internal/service/chat_boot_drive.go:305:				composeUserPayload					100.0%
github.com/hollis-labs/nanite/internal/service/chat_boot_drive.go:325:				slotsChangedFor						100.0%
github.com/hollis-labs/nanite/internal/service/chat_boot_drive.go:342:				hashSlots						90.0%
github.com/hollis-labs/nanite/internal/service/chat_boot_drive.go:401:				adoptReplacementSession					61.5%
github.com/hollis-labs/nanite/internal/service/chat_boot_drive.go:469:				stopDisplacedSession					83.3%
github.com/hollis-labs/nanite/internal/service/chat_boot_drive.go:495:				observeSessionForRecovery				48.6%
github.com/hollis-labs/nanite/internal/service/chat_boot_drive.go:623:				buildSessionExitMeta					100.0%
github.com/hollis-labs/nanite/internal/service/chat_boot_drive.go:639:				regenerateBootDirSlots					88.9%
github.com/hollis-labs/nanite/internal/service/chat_boot_drive.go:683:				bootSessionWorkdir					0.0%
github.com/hollis-labs/nanite/internal/service/chat_boot_drive.go:720:				applyLegacyCLIProviderToBootOpts			0.0%
github.com/hollis-labs/nanite/internal/service/chat_boot_drive.go:738:				bootSessionRole						100.0%
github.com/hollis-labs/nanite/internal/service/chat_dispatcher_runner.go:42:			newChatRunnerAdapter					100.0%
github.com/hollis-labs/nanite/internal/service/chat_dispatcher_runner.go:52:			Invoke							100.0%
github.com/hollis-labs/nanite/internal/service/chat_generate.go:68:				composeExtraSystemPrefix				100.0%
github.com/hollis-labs/nanite/internal/service/chat_generate.go:84:				hasUsableTools						100.0%
github.com/hollis-labs/nanite/internal/service/chat_generate.go:122:				generateResponse					36.5%
github.com/hollis-labs/nanite/internal/service/chat_generate.go:2063:				persistPartialAssistant					100.0%
github.com/hollis-labs/nanite/internal/service/chat_generate.go:2082:				persistPartialAssistantPreClassified			85.7%
github.com/hollis-labs/nanite/internal/service/chat_generate.go:2117:				persistPartialAssistantCancelled			85.7%
github.com/hollis-labs/nanite/internal/service/chat_generate.go:2155:				surfaceErrorOrSuppress					100.0%
github.com/hollis-labs/nanite/internal/service/chat_generate.go:2192:				suppressSurfaceIfSubagentCaused				90.0%
github.com/hollis-labs/nanite/internal/service/chat_generate.go:2257:				recoverFromContextOverflow				23.4%
github.com/hollis-labs/nanite/internal/service/chat_generate.go:2394:				emitToolSlotChangedIfNeeded				85.7%
github.com/hollis-labs/nanite/internal/service/chat_generate.go:2417:				toolSlotChangeKindFor					100.0%
github.com/hollis-labs/nanite/internal/service/chat_generate.go:2440:				assembleTurnContext					66.7%
github.com/hollis-labs/nanite/internal/service/chat_generate.go:2464:				rebuildLegacySystemPrompt				100.0%
github.com/hollis-labs/nanite/internal/service/chat_generate.go:2487:				slotBlocksFor						87.5%
github.com/hollis-labs/nanite/internal/service/chat_generate.go:2508:				contextWindowSize					62.5%
github.com/hollis-labs/nanite/internal/service/chat_generate.go:2528:				enforceBudgetOrCompact					5.9%
github.com/hollis-labs/nanite/internal/service/chat_generate.go:2616:				buildSummarizer						100.0%
github.com/hollis-labs/nanite/internal/service/chat_generate.go:2628:				GetLatestCompactionEvent				0.0%
github.com/hollis-labs/nanite/internal/service/chat_generate.go:2656:				NewCompactionEventReader				0.0%
github.com/hollis-labs/nanite/internal/service/chat_generate.go:2675:				WriteCompactionEvent					100.0%
github.com/hollis-labs/nanite/internal/service/chat_generate.go:2696:				NewCompactionEventWriter				100.0%
github.com/hollis-labs/nanite/internal/service/chat_generate.go:2708:				BuildSummarizer						63.2%
github.com/hollis-labs/nanite/internal/service/chat_generate.go:2740:				ClassifyCompactionMode					0.0%
github.com/hollis-labs/nanite/internal/service/chat_generate.go:2764:				classifyAndAttach					100.0%
github.com/hollis-labs/nanite/internal/service/chat_generate.go:2786:				buildIntentSignals					100.0%
github.com/hollis-labs/nanite/internal/service/chat_generate.go:2797:				classifyModeFromAgentTags				0.0%
github.com/hollis-labs/nanite/internal/service/chat_generate.go:2829:				handleRequestTools					89.6%
github.com/hollis-labs/nanite/internal/service/chat_generate.go:2958:				sortedKeys						100.0%
github.com/hollis-labs/nanite/internal/service/chat_generate.go:2983:				persistBrokerCallEx					66.7%
github.com/hollis-labs/nanite/internal/service/chat_generate.go:3011:				detectStuckLoop						100.0%
github.com/hollis-labs/nanite/internal/service/chat_generate.go:3058:				captureEnvelopeData					100.0%
github.com/hollis-labs/nanite/internal/service/chat_generate.go:3080:				maybeCreateAutoArtifact					0.0%
github.com/hollis-labs/nanite/internal/service/chat_generate.go:3110:				retryEnvelopeCorrection					0.0%
github.com/hollis-labs/nanite/internal/service/chat_generate.go:3198:				autoTitle						11.1%
github.com/hollis-labs/nanite/internal/service/chat_generate.go:3259:				sanitizeAutoTitle					100.0%
github.com/hollis-labs/nanite/internal/service/chat_generate.go:3294:				pickAutoTitle						100.0%
github.com/hollis-labs/nanite/internal/service/chat_generate.go:3312:				looksLikeRefusal					100.0%
github.com/hollis-labs/nanite/internal/service/chat_generate.go:3342:				fallbackTitleFromUser					100.0%
github.com/hollis-labs/nanite/internal/service/chat_generate.go:3357:				truncateToRune						66.7%
github.com/hollis-labs/nanite/internal/service/chat_generate.go:3371:				autoTags						11.1%
github.com/hollis-labs/nanite/internal/service/chat_generate.go:3419:				recordUtilityMetrics					0.0%
github.com/hollis-labs/nanite/internal/service/chat_generate.go:3438:				isAgentDebugEnabled					40.0%
github.com/hollis-labs/nanite/internal/service/chat_generate.go:3450:				isGlobalDebugMode					75.0%
github.com/hollis-labs/nanite/internal/service/chat_generate.go:3472:				earlyStopSynthesis					80.0%
github.com/hollis-labs/nanite/internal/service/chat_generate.go:3563:				normalizeToolInputSchemas				100.0%
github.com/hollis-labs/nanite/internal/service/chat_generate.go:3587:				applyToolSelectionFilter				63.6%
github.com/hollis-labs/nanite/internal/service/chat_generate.go:3609:				cloneSchemaNode						83.3%
github.com/hollis-labs/nanite/internal/service/chat_generate.go:3620:				cloneSchemaValue					42.9%
github.com/hollis-labs/nanite/internal/service/chat_generate.go:3635:				normalizeSchemaNode					72.2%
github.com/hollis-labs/nanite/internal/service/chat_generate_diag.go:47:			diagExpensive						80.0%
github.com/hollis-labs/nanite/internal/service/chat_generate_diag.go:72:			diagWatchChSend						11.8%
github.com/hollis-labs/nanite/internal/service/chat_generate_diag.go:121:			diagLogLoopStart					100.0%
github.com/hollis-labs/nanite/internal/service/chat_generate_diag.go:139:			diagLogIterStart					80.0%
github.com/hollis-labs/nanite/internal/service/chat_generate_diag.go:159:			diagLogLoopExit						100.0%
github.com/hollis-labs/nanite/internal/service/chat_generate_diag.go:175:			diagLogProviderStream					100.0%
github.com/hollis-labs/nanite/internal/service/chat_generate_diag.go:191:			diagLogDeferReached					100.0%
github.com/hollis-labs/nanite/internal/service/chat_generate_failure_footer.go:68:		failureFooterEnabled					100.0%
github.com/hollis-labs/nanite/internal/service/chat_generate_failure_footer.go:94:		maybeAppendFailureFooter				100.0%
github.com/hollis-labs/nanite/internal/service/chat_generate_failure_footer.go:198:		renderEntry						100.0%
github.com/hollis-labs/nanite/internal/service/chat_generate_failure_footer.go:214:		truncateRunes						75.0%
github.com/hollis-labs/nanite/internal/service/chat_generate_failure_footer.go:230:		lenJoined						100.0%
github.com/hollis-labs/nanite/internal/service/chat_http_broker_notify.go:108:			persistPartialAssistantAndNotifyBroker			100.0%
github.com/hollis-labs/nanite/internal/service/chat_http_broker_notify.go:126:			persistPartialAssistantAndNotifyBrokerPreClassified	0.0%
github.com/hollis-labs/nanite/internal/service/chat_http_broker_notify.go:142:			notifyRecoveryBrokerForHTTPStreamError			100.0%
github.com/hollis-labs/nanite/internal/service/chat_http_broker_notify.go:262:			classifyHTTPStreamError					93.3%
github.com/hollis-labs/nanite/internal/service/chat_loop_state.go:292:				newLoopState						100.0%
github.com/hollis-labs/nanite/internal/service/chat_loop_state.go:331:				resolveIterationLimits					100.0%
github.com/hollis-labs/nanite/internal/service/chat_loop_state.go:385:				resolvedMaxTurns					83.3%
github.com/hollis-labs/nanite/internal/service/chat_loop_state.go:420:				shouldStop						100.0%
github.com/hollis-labs/nanite/internal/service/chat_loop_state.go:452:				recordToolCall						93.3%
github.com/hollis-labs/nanite/internal/service/chat_loop_state.go:484:				recordPermissionDenial					100.0%
github.com/hollis-labs/nanite/internal/service/chat_loop_state.go:491:				recordLastError						100.0%
github.com/hollis-labs/nanite/internal/service/chat_loop_state.go:504:				isToolExhausted						87.5%
github.com/hollis-labs/nanite/internal/service/chat_loop_state.go:519:				isMetaTool						66.7%
github.com/hollis-labs/nanite/internal/service/chat_loop_state.go:538:				Classification						100.0%
github.com/hollis-labs/nanite/internal/service/chat_loop_state.go:544:				SetClassification					100.0%
github.com/hollis-labs/nanite/internal/service/chat_loop_state.go:554:				RouteDecision						100.0%
github.com/hollis-labs/nanite/internal/service/chat_loop_state.go:560:				SetRouteDecision					100.0%
github.com/hollis-labs/nanite/internal/service/chat_loop_state.go:565:				touchActivity						0.0%
github.com/hollis-labs/nanite/internal/service/chat_loop_state.go:572:				SetEffort						100.0%
github.com/hollis-labs/nanite/internal/service/chat_loop_state.go:581:				Effort							100.0%
github.com/hollis-labs/nanite/internal/service/chat_loop_state.go:592:				scratchpadWrite						93.8%
github.com/hollis-labs/nanite/internal/service/chat_loop_state.go:621:				scratchpadRead						100.0%
github.com/hollis-labs/nanite/internal/service/chat_loop_state.go:638:				scratchpadClear						80.0%
github.com/hollis-labs/nanite/internal/service/chat_loop_state.go:659:				continueWith						100.0%
github.com/hollis-labs/nanite/internal/service/chat_loop_state.go:666:				captureSnapshot						100.0%
github.com/hollis-labs/nanite/internal/service/chat_loop_state.go:682:				captureSnapshotWithTools				66.7%
github.com/hollis-labs/nanite/internal/service/chat_loop_terminated.go:44:			emitChatLoopTerminated					60.0%
github.com/hollis-labs/nanite/internal/service/chat_notify_pause.go:75:				emitNotifyPause						86.4%
github.com/hollis-labs/nanite/internal/service/chat_notify_pause.go:138:			shouldNotifyPause					100.0%
github.com/hollis-labs/nanite/internal/service/chat_notify_pause.go:159:			firstNonEmptyPath					100.0%
github.com/hollis-labs/nanite/internal/service/chat_rate_budget_pause.go:75:			parseRateBudgetEstimate					90.0%
github.com/hollis-labs/nanite/internal/service/chat_rate_budget_pause.go:95:			providerRateTracker					66.7%
github.com/hollis-labs/nanite/internal/service/chat_rate_budget_pause.go:105:			emitRateBudgetPause					60.0%
github.com/hollis-labs/nanite/internal/service/chat_rate_budget_pause.go:131:			pauseAndMaybeRetryRateBudget				71.4%
github.com/hollis-labs/nanite/internal/service/chat_rate_budget_pause.go:220:			IsRateBudgetExceeded					100.0%
github.com/hollis-labs/nanite/internal/service/chat_rate_budget_pause.go:227:			asWrappedRateBudgetError				100.0%
github.com/hollis-labs/nanite/internal/service/chat_reflex_dispatch.go:165:			attemptReflexDispatch					70.8%
github.com/hollis-labs/nanite/internal/service/chat_reflexes.go:13:				evaluateAndInjectReflexes				70.6%
github.com/hollis-labs/nanite/internal/service/chat_reflexes.go:45:				formatReflexReminder					94.1%
github.com/hollis-labs/nanite/internal/service/chat_reflexes.go:86:				reflexForceIsHard					100.0%
github.com/hollis-labs/nanite/internal/service/chat_reflexes.go:96:				appendUserContext					80.0%
github.com/hollis-labs/nanite/internal/service/chat_route_dispatch.go:25:			init							100.0%
github.com/hollis-labs/nanite/internal/service/chat_route_dispatch.go:81:			attemptRouteDispatch					80.0%
github.com/hollis-labs/nanite/internal/service/chat_route_dispatch.go:221:			routeToIntent						100.0%
github.com/hollis-labs/nanite/internal/service/chat_route_dispatch.go:235:			summaryOrEmpty						0.0%
github.com/hollis-labs/nanite/internal/service/chat_scratchpad.go:14:				isScratchpadTool					100.0%
github.com/hollis-labs/nanite/internal/service/chat_scratchpad.go:24:				handleScratchpadTool					73.7%
github.com/hollis-labs/nanite/internal/service/chat_scratchpad.go:72:				callScratchpadWrite					100.0%
github.com/hollis-labs/nanite/internal/service/chat_scratchpad.go:88:				callScratchpadRead					100.0%
github.com/hollis-labs/nanite/internal/service/chat_scratchpad.go:98:				callScratchpadClear					100.0%
github.com/hollis-labs/nanite/internal/service/chat_session_reboot.go:78:			RebootSessionAgent					100.0%
github.com/hollis-labs/nanite/internal/service/chat_session_reboot.go:86:			RecoverSession						0.0%
github.com/hollis-labs/nanite/internal/service/chat_session_reboot.go:93:			rebootRuntime						29.2%
github.com/hollis-labs/nanite/internal/service/chat_session_reboot.go:159:			hasActiveGeneration					100.0%
github.com/hollis-labs/nanite/internal/service/chat_subagent_inbox.go:22:			evaluateAndInjectSubagentResults			100.0%
github.com/hollis-labs/nanite/internal/service/chat_tool_cache_exempt.go:23:			isCacheExemptTool					100.0%
github.com/hollis-labs/nanite/internal/service/chat_tool_executor.go:71:			preCheckTools						0.0%
github.com/hollis-labs/nanite/internal/service/chat_tool_executor.go:340:			executeToolBatch					62.8%
github.com/hollis-labs/nanite/internal/service/chat_tool_executor.go:454:			executeSingleTool					59.7%
github.com/hollis-labs/nanite/internal/service/chat_tool_executor.go:641:			postProcessToolResults					66.2%
github.com/hollis-labs/nanite/internal/service/chat_tool_executor.go:822:			shouldDirectReturnSubagentLiteral			87.5%
github.com/hollis-labs/nanite/internal/service/chat_tool_executor.go:839:			isWorkTool						66.7%
github.com/hollis-labs/nanite/internal/service/chat_tool_executor.go:847:			toolCallDetail						72.7%
github.com/hollis-labs/nanite/internal/service/chat_tool_executor.go:892:			handleResultCacheMetaTool				0.0%
github.com/hollis-labs/nanite/internal/service/chat_tool_executor.go:938:			handleFetchToolResult					0.0%
github.com/hollis-labs/nanite/internal/service/chat_tool_executor.go:961:			handleSearchToolResult					0.0%
github.com/hollis-labs/nanite/internal/service/chat_tools_lazyload.go:10:			loadToolPartitionState					50.0%
github.com/hollis-labs/nanite/internal/service/chat_tools_lazyload.go:25:			storeToolPartitionState					66.7%
github.com/hollis-labs/nanite/internal/service/chat_tools_lazyload.go:35:			containsToolNamed					100.0%
github.com/hollis-labs/nanite/internal/service/cli_structured_input_fallback.go:78:		isCLIStructuredInputUnsupported				100.0%
github.com/hollis-labs/nanite/internal/service/cli_structured_input_fallback.go:107:		emitCLIStructuredInputFallback				71.4%
github.com/hollis-labs/nanite/internal/service/container.go:327:				newRuntimeAdapterRegistry				100.0%
github.com/hollis-labs/nanite/internal/service/container.go:338:				NewContainer						0.0%
github.com/hollis-labs/nanite/internal/service/container.go:1406:				RefreshUtilitySettings					0.0%
github.com/hollis-labs/nanite/internal/service/container.go:1424:				Shutdown						0.0%
github.com/hollis-labs/nanite/internal/service/container.go:1525:				buildResultCache					0.0%
github.com/hollis-labs/nanite/internal/service/container.go:1570:				syncCatalogToRegistry					0.0%
github.com/hollis-labs/nanite/internal/service/container.go:1618:				recoveryBrokerOrNil					0.0%
github.com/hollis-labs/nanite/internal/service/context.go:80:					String							100.0%
github.com/hollis-labs/nanite/internal/service/context.go:166:					NewContextService					100.0%
github.com/hollis-labs/nanite/internal/service/context.go:203:					AssembleSlots						83.3%
github.com/hollis-labs/nanite/internal/service/context.go:309:					slotSourceMap						100.0%
github.com/hollis-labs/nanite/internal/service/context.go:333:					toolCacheActive						75.0%
github.com/hollis-labs/nanite/internal/service/context.go:352:					buildToolsSlot						100.0%
github.com/hollis-labs/nanite/internal/service/context.go:442:					defsFromStash						88.9%
github.com/hollis-labs/nanite/internal/service/context.go:463:					renderToolsSlot						82.8%
github.com/hollis-labs/nanite/internal/service/context.go:512:					partialSummary						100.0%
github.com/hollis-labs/nanite/internal/service/context.go:521:					pluralCat						66.7%
github.com/hollis-labs/nanite/internal/service/context.go:529:					containsAll						85.7%
github.com/hollis-labs/nanite/internal/service/context.go:544:					diffCategories						100.0%
github.com/hollis-labs/nanite/internal/service/context.go:558:					loadLastToolCache					80.0%
github.com/hollis-labs/nanite/internal/service/context.go:568:					storeLastToolCache					66.7%
github.com/hollis-labs/nanite/internal/service/context.go:577:					lastUserTurn						30.8%
github.com/hollis-labs/nanite/internal/service/context.go:601:					toolNames						100.0%
github.com/hollis-labs/nanite/internal/service/context.go:609:					toolCacheStateForLog					100.0%
github.com/hollis-labs/nanite/internal/service/context.go:622:					serializeToolsForSlot					71.4%
github.com/hollis-labs/nanite/internal/service/context.go:636:					hasToolBlocks						60.0%
github.com/hollis-labs/nanite/internal/service/context.go:657:					composeLegacySystemPrompt				100.0%
github.com/hollis-labs/nanite/internal/service/context.go:677:					PruneAfterTurn						100.0%
github.com/hollis-labs/nanite/internal/service/context.go:683:					serializeMessagesForSlot				80.0%
github.com/hollis-labs/nanite/internal/service/delegation.go:25:				DelegateTask						0.0%
github.com/hollis-labs/nanite/internal/service/delegation.go:304:				DelegateAndAggregate					0.0%
github.com/hollis-labs/nanite/internal/service/dispatch_wiring.go:52:				NewDispatchSpawner					100.0%
github.com/hollis-labs/nanite/internal/service/dispatch_wiring.go:60:				Spawn							76.2%
github.com/hollis-labs/nanite/internal/service/dispatch_wiring.go:130:				recoverSummary						66.7%
github.com/hollis-labs/nanite/internal/service/dispatch_wiring.go:153:				extractAssistantText					75.0%
github.com/hollis-labs/nanite/internal/service/dispatch_wiring.go:178:				NewDispatchWorkflowLauncher				0.0%
github.com/hollis-labs/nanite/internal/service/dispatch_wiring.go:183:				Launch							0.0%
github.com/hollis-labs/nanite/internal/service/dispatch_wiring.go:203:				summarizeWorkflowRun					0.0%
github.com/hollis-labs/nanite/internal/service/durable_agent_recipes.go:155:			NewDurableAgentRecipeService				100.0%
github.com/hollis-labs/nanite/internal/service/durable_agent_recipes.go:167:			List							100.0%
github.com/hollis-labs/nanite/internal/service/durable_agent_recipes.go:173:			Get							75.0%
github.com/hollis-labs/nanite/internal/service/durable_agent_recipes.go:181:			DryRun							80.0%
github.com/hollis-labs/nanite/internal/service/durable_agent_recipes.go:190:			Apply							73.7%
github.com/hollis-labs/nanite/internal/service/durable_agent_recipes.go:221:			compileDurableAgentRecipe				91.7%
github.com/hollis-labs/nanite/internal/service/durable_agent_recipes.go:270:			validateDurableAgentRecipe				57.9%
github.com/hollis-labs/nanite/internal/service/durable_agent_recipes.go:327:			builtinDurableAgentRecipes				100.0%
github.com/hollis-labs/nanite/internal/service/durable_agent_recipes.go:1034:			loadDurableAgentRecipes					100.0%
github.com/hollis-labs/nanite/internal/service/durable_agent_recipes.go:1055:			loadConfiguredDurableAgentRecipes			93.3%
github.com/hollis-labs/nanite/internal/service/durable_agent_recipes.go:1078:			resolveDurableAgentRecipeCatalogFiles			84.6%
github.com/hollis-labs/nanite/internal/service/durable_agent_recipes.go:1117:			loadDurableAgentRecipeCatalogFile			65.0%
github.com/hollis-labs/nanite/internal/service/durable_agent_recipes.go:1151:			isDurableAgentRecipeCatalogFile				66.7%
github.com/hollis-labs/nanite/internal/service/durable_agent_recipes.go:1160:			missingRecipeInputs					84.6%
github.com/hollis-labs/nanite/internal/service/durable_agent_recipes.go:1181:			recipeRequestValue					38.9%
github.com/hollis-labs/nanite/internal/service/durable_agent_recipes.go:1217:			isSupportedRecipeInputType				66.7%
github.com/hollis-labs/nanite/internal/service/durable_agent_recipes.go:1234:			recipeStringInput					100.0%
github.com/hollis-labs/nanite/internal/service/durable_agent_recipes.go:1245:			recipeTextareaInput					100.0%
github.com/hollis-labs/nanite/internal/service/durable_agent_recipes.go:1256:			recipePathInput						100.0%
github.com/hollis-labs/nanite/internal/service/durable_agent_recipes.go:1267:			recipeSelectInput					100.0%
github.com/hollis-labs/nanite/internal/service/durable_agent_recipes.go:1279:			recipeProfileInput					100.0%
github.com/hollis-labs/nanite/internal/service/durable_agent_recipes.go:1290:			recipeProviderInput					100.0%
github.com/hollis-labs/nanite/internal/service/durable_agent_recipes.go:1301:			recipeModelInput					100.0%
github.com/hollis-labs/nanite/internal/service/durable_agent_recipes.go:1312:			recipeRuntimeKindInput					100.0%
github.com/hollis-labs/nanite/internal/service/durable_agent_recipes.go:1323:			mergeWakePayload					75.0%
github.com/hollis-labs/nanite/internal/service/durable_agent_recipes.go:1336:			mergeStringMap						100.0%
github.com/hollis-labs/nanite/internal/service/durable_agent_recipes.go:1350:			recipeMetadataJSON					100.0%
github.com/hollis-labs/nanite/internal/service/durable_agent_recipes.go:1365:			mustMarshalStringMap					66.7%
github.com/hollis-labs/nanite/internal/service/durable_agent_recipes.go:1376:			firstNonEmpty						100.0%
github.com/hollis-labs/nanite/internal/service/durable_agent_recipes.go:1385:			durableAgentRecipeSlug					100.0%
github.com/hollis-labs/nanite/internal/service/durable_agent_runtime_controller.go:14:		NewChatDurableAgentRuntimeController			100.0%
github.com/hollis-labs/nanite/internal/service/durable_agent_runtime_controller.go:18:		StopSession						0.0%
github.com/hollis-labs/nanite/internal/service/durable_agent_runtime_controller.go:30:		RebootSession						0.0%
github.com/hollis-labs/nanite/internal/service/durable_agent_runtime_controller.go:38:		RecoverSession						0.0%
github.com/hollis-labs/nanite/internal/service/durable_agent_runtime_controller.go:51:		CancelSession						0.0%
github.com/hollis-labs/nanite/internal/service/durable_agent_runtime_controller.go:73:		SendMessage						100.0%
github.com/hollis-labs/nanite/internal/service/durable_agents.go:136:				NewDurableAgentService					100.0%
github.com/hollis-labs/nanite/internal/service/durable_agents.go:140:				NewDurableAgentServiceWithRuntime			100.0%
github.com/hollis-labs/nanite/internal/service/durable_agents.go:144:				Create							75.0%
github.com/hollis-labs/nanite/internal/service/durable_agents.go:158:				Get							0.0%
github.com/hollis-labs/nanite/internal/service/durable_agents.go:162:				List							66.7%
github.com/hollis-labs/nanite/internal/service/durable_agents.go:169:				reconcileProfileBackedInstances				70.8%
github.com/hollis-labs/nanite/internal/service/durable_agents.go:206:				profileIsDurableCandidate				69.2%
github.com/hollis-labs/nanite/internal/service/durable_agents.go:228:				durableAgentInstanceFromProfile				66.7%
github.com/hollis-labs/nanite/internal/service/durable_agents.go:284:				Update							75.0%
github.com/hollis-labs/nanite/internal/service/durable_agents.go:303:				Archive							0.0%
github.com/hollis-labs/nanite/internal/service/durable_agents.go:322:				LaunchPlan						0.0%
github.com/hollis-labs/nanite/internal/service/durable_agents.go:330:				Start							61.3%
github.com/hollis-labs/nanite/internal/service/durable_agents.go:391:				Resume							65.9%
github.com/hollis-labs/nanite/internal/service/durable_agents.go:483:				deliverWakePrompt					80.0%
github.com/hollis-labs/nanite/internal/service/durable_agents.go:494:				RequestStart						33.3%
github.com/hollis-labs/nanite/internal/service/durable_agents.go:509:				RequestStop						80.0%
github.com/hollis-labs/nanite/internal/service/durable_agents.go:557:				RequestPause						77.8%
github.com/hollis-labs/nanite/internal/service/durable_agents.go:583:				RequestResume						0.0%
github.com/hollis-labs/nanite/internal/service/durable_agents.go:598:				AttachSession						0.0%
github.com/hollis-labs/nanite/internal/service/durable_agents.go:610:				ListSessions						100.0%
github.com/hollis-labs/nanite/internal/service/durable_agents.go:614:				ListSessionStates					0.0%
github.com/hollis-labs/nanite/internal/service/durable_agents.go:618:				ListEvents						66.7%
github.com/hollis-labs/nanite/internal/service/durable_agents.go:625:				recordEvent						100.0%
github.com/hollis-labs/nanite/internal/service/durable_agents.go:629:				recordSessionAttachedEvent				66.7%
github.com/hollis-labs/nanite/internal/service/durable_agents.go:643:				recordFailureEvent					100.0%
github.com/hollis-labs/nanite/internal/service/durable_agents.go:662:				durableAgentEventMetadata				83.3%
github.com/hollis-labs/nanite/internal/service/durable_agents.go:673:				durableAgentLaunchPolicyFor				78.9%
github.com/hollis-labs/nanite/internal/service/durable_agents.go:713:				selectOrCreateLaunchSession				70.6%
github.com/hollis-labs/nanite/internal/service/durable_agents.go:748:				latestAttachedSession					66.7%
github.com/hollis-labs/nanite/internal/service/durable_agents.go:772:				durableAgentSessionCompatible				60.0%
github.com/hollis-labs/nanite/internal/service/durable_wake.go:80:				NewDurableAgentWakeService				100.0%
github.com/hollis-labs/nanite/internal/service/durable_wake.go:84:				ListDue							81.8%
github.com/hollis-labs/nanite/internal/service/durable_wake.go:161:				RunDue							89.3%
github.com/hollis-labs/nanite/internal/service/durable_wake.go:257:				Wake							82.1%
github.com/hollis-labs/nanite/internal/service/durable_wake.go:335:				ListSchedules						0.0%
github.com/hollis-labs/nanite/internal/service/durable_wake.go:343:				UpdateScheduleStatus					0.0%
github.com/hollis-labs/nanite/internal/service/durable_wake.go:350:				resolveWakeScope					53.8%
github.com/hollis-labs/nanite/internal/service/durable_wake.go:372:				wakeManagedLifecycle					100.0%
github.com/hollis-labs/nanite/internal/service/durable_wake.go:376:				wakeReasonForInstance					100.0%
github.com/hollis-labs/nanite/internal/service/durable_wake.go:391:				activationModeForInstance				66.7%
github.com/hollis-labs/nanite/internal/service/durable_wake.go:406:				wakeAllowsConcurrentActive				100.0%
github.com/hollis-labs/nanite/internal/service/durable_wake.go:449:				wakeSkipReason						60.0%
github.com/hollis-labs/nanite/internal/service/durable_wake.go:495:				scheduleDueByNextRun					54.5%
github.com/hollis-labs/nanite/internal/service/durable_wake.go:514:				recordWakeEvent						100.0%
github.com/hollis-labs/nanite/internal/service/durable_wake.go:524:				firstWakeNonEmpty					75.0%
github.com/hollis-labs/nanite/internal/service/elicitation_emitter.go:24:			NewElicitationEmitter					0.0%
github.com/hollis-labs/nanite/internal/service/elicitation_emitter.go:33:			EmitElicitationPrompt					0.0%
github.com/hollis-labs/nanite/internal/service/embedder_select.go:50:				IsSupportedEmbeddingProvider				100.0%
github.com/hollis-labs/nanite/internal/service/embedder_select.go:70:				DefaultEmbedderSelectDeps				0.0%
github.com/hollis-labs/nanite/internal/service/embedder_select.go:90:				SelectEmbedder						94.4%
github.com/hollis-labs/nanite/internal/service/envelope_emit.go:26:				NewApprovalEmitter					100.0%
github.com/hollis-labs/nanite/internal/service/envelope_emit.go:58:				Emit							77.8%
github.com/hollis-labs/nanite/internal/service/envelope_emit.go:95:				buildPluginEnvelopeWrap					100.0%
github.com/hollis-labs/nanite/internal/service/envelope_lane.go:18:				stampEnvelopeDisplayClass				66.7%
github.com/hollis-labs/nanite/internal/service/events_composite.go:25:				NewCompositeEmitter					100.0%
github.com/hollis-labs/nanite/internal/service/events_composite.go:31:				WithSessionWriter					100.0%
github.com/hollis-labs/nanite/internal/service/events_composite.go:39:				EmitSessionStart					0.0%
github.com/hollis-labs/nanite/internal/service/events_composite.go:52:				EmitSessionEnd						0.0%
github.com/hollis-labs/nanite/internal/service/events_composite.go:65:				EmitAgentAssigned					0.0%
github.com/hollis-labs/nanite/internal/service/events_composite.go:73:				EmitResponseComplete					0.0%
github.com/hollis-labs/nanite/internal/service/events_composite.go:86:				EmitToolCall						0.0%
github.com/hollis-labs/nanite/internal/service/events_composite.go:101:				EmitToolFailed						0.0%
github.com/hollis-labs/nanite/internal/service/events_composite.go:109:				EmitRateLimitHit					0.0%
github.com/hollis-labs/nanite/internal/service/events_composite.go:117:				EmitCircuitBreakerTripped				0.0%
github.com/hollis-labs/nanite/internal/service/events_composite.go:125:				EmitContextBudgetExceeded				0.0%
github.com/hollis-labs/nanite/internal/service/events_composite.go:133:				EmitError						0.0%
github.com/hollis-labs/nanite/internal/service/events_composite.go:141:				EmitMessageReceived					0.0%
github.com/hollis-labs/nanite/internal/service/events_composite.go:149:				EmitPreCompact						55.6%
github.com/hollis-labs/nanite/internal/service/events_composite.go:178:				EmitPostCompact						83.3%
github.com/hollis-labs/nanite/internal/service/handoff_glass4.go:26:				WriteGlass4Handoff					0.0%
github.com/hollis-labs/nanite/internal/service/handoff_glass4.go:55:				ReadLatestGlass4Handoff					0.0%
github.com/hollis-labs/nanite/internal/service/handoff_glass4.go:89:				InjectGlass4HandoffSlot					0.0%
github.com/hollis-labs/nanite/internal/service/handoff_glass4.go:127:				emitHandoffLoaded					0.0%
github.com/hollis-labs/nanite/internal/service/handoff_glass4_fallback.go:40:			ensureGlass4HandoffPreCompact				0.0%
github.com/hollis-labs/nanite/internal/service/handoff_glass4_fallback.go:76:			buildFallbackHandoff					0.0%
github.com/hollis-labs/nanite/internal/service/handoff_glass4_fallback.go:96:			lastUserMessageText					0.0%
github.com/hollis-labs/nanite/internal/service/handoff_glass4_fallback.go:123:			truncateForHandoff					100.0%
github.com/hollis-labs/nanite/internal/service/handoff_glass4_fallback.go:141:			lastSpaceWithin						83.3%
github.com/hollis-labs/nanite/internal/service/hint_dispatch_adapter.go:44:			NewHintDispatchAdapter					100.0%
github.com/hollis-labs/nanite/internal/service/hint_dispatch_adapter.go:55:			Dispatch						87.5%
github.com/hollis-labs/nanite/internal/service/ingest.go:83:					AutoIngestAgents					100.0%
github.com/hollis-labs/nanite/internal/service/ingest.go:130:					unknownDeclaredTools					100.0%
github.com/hollis-labs/nanite/internal/service/ingest.go:156:					IngestAgentDefinition					66.7%
github.com/hollis-labs/nanite/internal/service/ingest.go:179:					upsertAgentDef						87.0%
github.com/hollis-labs/nanite/internal/service/ingest.go:349:					seedRoleToolsFromIngest					58.3%
github.com/hollis-labs/nanite/internal/service/ingest.go:377:					seedProcedures						0.0%
github.com/hollis-labs/nanite/internal/service/inspector_producers.go:19:			recordInspectorSlots					0.0%
github.com/hollis-labs/nanite/internal/service/inspector_producers.go:56:			trafficLightFor						0.0%
github.com/hollis-labs/nanite/internal/service/inspector_producers.go:69:			recordInspectorLLMMessages				0.0%
github.com/hollis-labs/nanite/internal/service/inspector_producers.go:104:			classifyMessageRole					0.0%
github.com/hollis-labs/nanite/internal/service/inspector_producers.go:121:			estimateTokenCount					0.0%
github.com/hollis-labs/nanite/internal/service/install/adapter_cleanup.go:34:			cleanupRemovedAdapters					88.9%
github.com/hollis-labs/nanite/internal/service/install/adapter_detect.go:30:			DetectAdapters						100.0%
github.com/hollis-labs/nanite/internal/service/install/adapter_detect.go:41:			hasFile							100.0%
github.com/hollis-labs/nanite/internal/service/install/adapter_detect.go:49:			hasDir							100.0%
github.com/hollis-labs/nanite/internal/service/install/adapter_persist.go:21:			loadProjectConfig					88.9%
github.com/hollis-labs/nanite/internal/service/install/adapter_persist.go:46:			persistAdapterList					85.2%
github.com/hollis-labs/nanite/internal/service/install/adapter_persist.go:98:			writeYAMLBack						66.7%
github.com/hollis-labs/nanite/internal/service/install/adapter_prompt.go:32:			promptAdapterSelection					88.9%
github.com/hollis-labs/nanite/internal/service/install/adapter_prompt.go:81:			promptNumberedList					85.7%
github.com/hollis-labs/nanite/internal/service/install/adapter_prompt.go:137:			parseNumberSelection					85.7%
github.com/hollis-labs/nanite/internal/service/install/adapter_select.go:40:			ResolveAdapters						95.2%
github.com/hollis-labs/nanite/internal/service/install/adapter_select.go:95:			parseAdapterFlag					90.0%
github.com/hollis-labs/nanite/internal/service/install/adapter_select.go:111:			isUserSelectable					100.0%
github.com/hollis-labs/nanite/internal/service/install/adapters.go:44:				newBuiltinAdapterRegistry				100.0%
github.com/hollis-labs/nanite/internal/service/install/adapters.go:80:				extractAgentsFromConfig					86.7%
github.com/hollis-labs/nanite/internal/service/install/adapters.go:116:				snapshotAdapterTargets					81.8%
github.com/hollis-labs/nanite/internal/service/install/adapters.go:156:				snapshotAdapterTargetsForRefresh			79.4%
github.com/hollis-labs/nanite/internal/service/install/adapters.go:213:				containsManagedMarker					100.0%
github.com/hollis-labs/nanite/internal/service/install/adapters.go:217:				archiveBaseOverride					66.7%
github.com/hollis-labs/nanite/internal/service/install/adapters.go:231:				syncAdaptersForProject					75.0%
github.com/hollis-labs/nanite/internal/service/install/adopt.go:26:				adoptExisting						0.0%
github.com/hollis-labs/nanite/internal/service/install/archive.go:18:				ExpandArchiveBase					90.0%
github.com/hollis-labs/nanite/internal/service/install/archive.go:42:				ResolveArchiveDir					88.9%
github.com/hollis-labs/nanite/internal/service/install/archive.go:73:				exists							100.0%
github.com/hollis-labs/nanite/internal/service/install/install.go:23:				New							100.0%
github.com/hollis-labs/nanite/internal/service/install/install.go:59:				InstallHome						63.4%
github.com/hollis-labs/nanite/internal/service/install/install.go:145:				copyTree						53.3%
github.com/hollis-labs/nanite/internal/service/install/install.go:215:				normalized						100.0%
github.com/hollis-labs/nanite/internal/service/install/install.go:239:				InstallProject						0.0%
github.com/hollis-labs/nanite/internal/service/install/install.go:278:				freshScaffold						0.0%
github.com/hollis-labs/nanite/internal/service/install/install.go:330:				setDifference						0.0%
github.com/hollis-labs/nanite/internal/service/install/install.go:345:				dirExists						0.0%
github.com/hollis-labs/nanite/internal/service/install/preflight.go:27:				Preflight						66.7%
github.com/hollis-labs/nanite/internal/service/install/preflight.go:37:				checkBwrap						100.0%
github.com/hollis-labs/nanite/internal/service/install/runtime_dirs.go:60:			EnsureRuntimeDirs					77.3%
github.com/hollis-labs/nanite/internal/service/install/scaffold.go:33:				ScaffoldNaniteDir					70.4%
github.com/hollis-labs/nanite/internal/service/install/scaffold.go:92:				ScaffoldNaniteMD					71.4%
github.com/hollis-labs/nanite/internal/service/install/scaffold.go:114:				renderTemplate						71.4%
github.com/hollis-labs/nanite/internal/service/known_tools_backfill.go:54:			BackfillAgentToolsFromLegacyColumns			74.2%
github.com/hollis-labs/nanite/internal/service/known_tools_backfill.go:132:			legacyGrantCandidates					100.0%
github.com/hollis-labs/nanite/internal/service/known_tools_backfill.go:155:			parseLegacyToolList					83.3%
github.com/hollis-labs/nanite/internal/service/known_tools_backfill.go:166:			dedupStrings						87.5%
github.com/hollis-labs/nanite/internal/service/known_tools_sync.go:36:				SyncKnownTools						76.2%
github.com/hollis-labs/nanite/internal/service/managed_durable_configs.go:70:			UserManagedDurableAgentPath				0.0%
github.com/hollis-labs/nanite/internal/service/managed_durable_configs.go:82:			ManagedDurableAgentPath					0.0%
github.com/hollis-labs/nanite/internal/service/managed_durable_configs.go:92:			WriteManagedDurableAgentConfig				0.0%
github.com/hollis-labs/nanite/internal/service/managed_durable_configs.go:106:			SyncManagedDurableAgentConfigs				0.0%
github.com/hollis-labs/nanite/internal/service/managed_durable_configs.go:160:			syncManagedDurableAgentConfig				0.0%
github.com/hollis-labs/nanite/internal/service/managed_durable_configs.go:251:			syncManagedDurableAgentSchedule				88.9%
github.com/hollis-labs/nanite/internal/service/managed_durable_configs.go:306:			managedDurableAgentScheduleID				100.0%
github.com/hollis-labs/nanite/internal/service/managed_durable_configs.go:311:			discoverManagedDurableAgentConfigs			0.0%
github.com/hollis-labs/nanite/internal/service/managed_durable_configs.go:366:			managedDurableMetadata					0.0%
github.com/hollis-labs/nanite/internal/service/managed_durable_configs.go:380:			ptrTime							0.0%
github.com/hollis-labs/nanite/internal/service/managed_durable_configs.go:384:			SaveManagedAgentProfile					0.0%
github.com/hollis-labs/nanite/internal/service/managed_durable_configs.go:407:			SaveManagedDurableAgentConfig				0.0%
github.com/hollis-labs/nanite/internal/service/messaging_reactor.go:38:				ReactToMessage						90.0%
github.com/hollis-labs/nanite/internal/service/messaging_reactor.go:103:			resolveMessageWakePolicy				94.7%
github.com/hollis-labs/nanite/internal/service/messaging_sink.go:45:				NotifyReceived						0.0%
github.com/hollis-labs/nanite/internal/service/messaging_sink.go:78:				summarize						0.0%
github.com/hollis-labs/nanite/internal/service/recovery_credentials.go:64:			newRecoveryCredentialsAdapter				0.0%
github.com/hollis-labs/nanite/internal/service/recovery_credentials.go:91:			classifyProvider					100.0%
github.com/hollis-labs/nanite/internal/service/recovery_credentials.go:125:			Refresh							93.9%
github.com/hollis-labs/nanite/internal/service/recovery_credentials.go:215:			setAPIKeyFor						75.0%
github.com/hollis-labs/nanite/internal/service/recovery_envelope_sink.go:67:			Emit							66.7%
github.com/hollis-labs/nanite/internal/service/recovery_envelope_sink.go:109:			projectRecoveryEnvelope					77.8%
github.com/hollis-labs/nanite/internal/service/recovery_envelope_sink.go:172:			buildRecoveryEnvelopeWrap				100.0%
github.com/hollis-labs/nanite/internal/service/recovery_envelope_sink.go:189:			variantFromSeverity					100.0%
github.com/hollis-labs/nanite/internal/service/recovery_envelope_sink.go:206:			formatErrorReportMessage				40.0%
github.com/hollis-labs/nanite/internal/service/recovery_envelope_sink.go:224:			pickRecoveryGiphyQuery					100.0%
github.com/hollis-labs/nanite/internal/service/recovery_pack_glue.go:43:			shouldRecoverColdBoot					100.0%
github.com/hollis-labs/nanite/internal/service/recovery_pack_glue.go:57:			buildSessionRecoveryPrefix				77.3%
github.com/hollis-labs/nanite/internal/service/recovery_pack_glue.go:119:			recoveryPackPlantedMetadata				80.0%
github.com/hollis-labs/nanite/internal/service/recovery_pack_glue.go:141:			composeBootPayload					100.0%
github.com/hollis-labs/nanite/internal/service/reflex_schedule_hook.go:45:			NewReflexScheduleHook					85.7%
github.com/hollis-labs/nanite/internal/service/reflex_schedule_hook.go:145:			buildReflexAgentSchedule				96.4%
github.com/hollis-labs/nanite/internal/service/reflex_schedule_hook.go:229:			specString						100.0%
github.com/hollis-labs/nanite/internal/service/reflex_schedule_hook.go:243:			specInt64						50.0%
github.com/hollis-labs/nanite/internal/service/reflex_schedule_hook.go:269:			specJobPayload						90.9%
github.com/hollis-labs/nanite/internal/service/role_cascade.go:21:				RoleOverrideConfig					100.0%
github.com/hollis-labs/nanite/internal/service/role_cascade.go:57:				AgentOverrideConfig					75.0%
github.com/hollis-labs/nanite/internal/service/role_cascade.go:90:				ResolveAgentCascade					100.0%
github.com/hollis-labs/nanite/internal/service/role_cascade.go:96:				decodeJSONStringArray					100.0%
github.com/hollis-labs/nanite/internal/service/role_cascade.go:107:				decodeJSONObject					83.3%
github.com/hollis-labs/nanite/internal/service/session.go:69:					SetArchiveHook						0.0%
github.com/hollis-labs/nanite/internal/service/session.go:86:					NewSessionService					100.0%
github.com/hollis-labs/nanite/internal/service/session.go:97:					Create							0.0%
github.com/hollis-labs/nanite/internal/service/session.go:142:					Get							75.0%
github.com/hollis-labs/nanite/internal/service/session.go:150:					List							0.0%
github.com/hollis-labs/nanite/internal/service/session.go:154:					Update							0.0%
github.com/hollis-labs/nanite/internal/service/session.go:158:					Archive							0.0%
github.com/hollis-labs/nanite/internal/service/session.go:174:					Fork							0.0%
github.com/hollis-labs/nanite/internal/service/session.go:182:					ListMessages						0.0%
github.com/hollis-labs/nanite/internal/service/session.go:186:					Search							0.0%
github.com/hollis-labs/nanite/internal/service/skill.go:52:					NewSkillService						100.0%
github.com/hollis-labs/nanite/internal/service/skill.go:59:					Get							0.0%
github.com/hollis-labs/nanite/internal/service/skill.go:72:					GetBySlug						100.0%
github.com/hollis-labs/nanite/internal/service/skill.go:82:					List							94.4%
github.com/hollis-labs/nanite/internal/service/skill.go:116:					ListBySource						100.0%
github.com/hollis-labs/nanite/internal/service/skill.go:131:					Create							0.0%
github.com/hollis-labs/nanite/internal/service/skill.go:135:					Update							0.0%
github.com/hollis-labs/nanite/internal/service/skill.go:142:					Delete							100.0%
github.com/hollis-labs/nanite/internal/service/skill.go:149:					GetDefinition						100.0%
github.com/hollis-labs/nanite/internal/service/skill.go:158:					ListDefinitions						100.0%
github.com/hollis-labs/nanite/internal/service/skill.go:166:					RegisterSkillCommands					100.0%
github.com/hollis-labs/nanite/internal/service/slot_stash.go:102:				NewArtifactStasher					87.5%
github.com/hollis-labs/nanite/internal/service/slot_stash.go:133:				StashSlot						54.0%
github.com/hollis-labs/nanite/internal/service/slot_stash.go:344:				writeStashFile						57.1%
github.com/hollis-labs/nanite/internal/service/stream.go:82:					newMessageStream					100.0%
github.com/hollis-labs/nanite/internal/service/stream.go:102:					pump							100.0%
github.com/hollis-labs/nanite/internal/service/stream.go:162:					subscribe						100.0%
github.com/hollis-labs/nanite/internal/service/stream.go:222:					NewStreamManager					100.0%
github.com/hollis-labs/nanite/internal/service/stream.go:236:					CreateStream						100.0%
github.com/hollis-labs/nanite/internal/service/stream.go:253:					addSessionMessage					81.8%
github.com/hollis-labs/nanite/internal/service/stream.go:279:					removeSessionMessage					88.9%
github.com/hollis-labs/nanite/internal/service/stream.go:305:					Subscribe						87.5%
github.com/hollis-labs/nanite/internal/service/stream.go:324:					GetStream						75.0%
github.com/hollis-labs/nanite/internal/service/stream.go:338:					CloseStream						100.0%
github.com/hollis-labs/nanite/internal/service/stream.go:361:					ScheduleCleanup						60.0%
github.com/hollis-labs/nanite/internal/service/stream.go:372:					GetSessionForMessage					0.0%
github.com/hollis-labs/nanite/internal/service/stream.go:392:					HasLiveStreamForSession					0.0%
github.com/hollis-labs/nanite/internal/service/stream.go:409:					RegisterSSE						0.0%
github.com/hollis-labs/nanite/internal/service/stream.go:421:					UnregisterSSE						0.0%
github.com/hollis-labs/nanite/internal/service/stream.go:440:					RegisterPresenceClient					0.0%
github.com/hollis-labs/nanite/internal/service/stream.go:449:					UnregisterPresenceClient				0.0%
github.com/hollis-labs/nanite/internal/service/stream.go:461:					BroadcastWorkChanged					0.0%
github.com/hollis-labs/nanite/internal/service/stream.go:470:					BroadcastPresence					20.0%
github.com/hollis-labs/nanite/internal/service/stream.go:483:					SetActivePresence					100.0%
github.com/hollis-labs/nanite/internal/service/stream.go:488:					ClearActivePresence					100.0%
github.com/hollis-labs/nanite/internal/service/stream.go:493:					ActivePresenceState					0.0%
github.com/hollis-labs/nanite/internal/service/stream.go:504:					BroadcastSessionArchived				0.0%
github.com/hollis-labs/nanite/internal/service/stream.go:515:					ThrottledCLIPresence					0.0%
github.com/hollis-labs/nanite/internal/service/stream.go:541:					BroadcastSessionStreamEvent				86.4%
github.com/hollis-labs/nanite/internal/service/stream.go:584:					BroadcastPanelSignal					0.0%
github.com/hollis-labs/nanite/internal/service/stream.go:611:					trySendEnvelope						100.0%
github.com/hollis-labs/nanite/internal/service/stream.go:639:					Deliver							0.0%
github.com/hollis-labs/nanite/internal/service/stream.go:647:					DeliverSessionEnvelopes					77.5%
github.com/hollis-labs/nanite/internal/service/stream.go:728:					PluginEnvelopeDropCount					100.0%
github.com/hollis-labs/nanite/internal/service/subagent_reactor.go:40:				ReactToCompletion					90.0%
github.com/hollis-labs/nanite/internal/service/subagent_reactor.go:77:				resolveSubagentCompletionPolicy				100.0%
github.com/hollis-labs/nanite/internal/service/subagent_runner.go:34:				resolveRoleWithFallback					100.0%
github.com/hollis-labs/nanite/internal/service/subagent_runner.go:135:				drainCapture						95.2%
github.com/hollis-labs/nanite/internal/service/subagent_runner.go:203:				isStalledErrorEvent					100.0%
github.com/hollis-labs/nanite/internal/service/subagent_runner.go:234:				detectFabrication					100.0%
github.com/hollis-labs/nanite/internal/service/subagent_runner.go:272:				partialResult						90.9%
github.com/hollis-labs/nanite/internal/service/subagent_runner.go:336:				zeroOutputRun						100.0%
github.com/hollis-labs/nanite/internal/service/subagent_runner.go:401:				NewChatRunner						0.0%
github.com/hollis-labs/nanite/internal/service/subagent_runner.go:418:				invokeChat						50.0%
github.com/hollis-labs/nanite/internal/service/subagent_runner.go:443:				persistChild						66.7%
github.com/hollis-labs/nanite/internal/service/subagent_runner.go:454:				resolveRole						100.0%
github.com/hollis-labs/nanite/internal/service/subagent_runner.go:470:				createChildSession					78.6%
github.com/hollis-labs/nanite/internal/service/subagent_runner.go:503:				persistChildSessionID					0.0%
github.com/hollis-labs/nanite/internal/service/subagent_runner.go:529:				Run							88.0%
github.com/hollis-labs/nanite/internal/service/subagent_runner.go:824:				resumeContinuationPrompt				100.0%
github.com/hollis-labs/nanite/internal/service/subagent_runner.go:849:				truncatePrompt						66.7%
github.com/hollis-labs/nanite/internal/service/subagent_runner.go:882:				registerSubagentDerivedRules				76.9%
github.com/hollis-labs/nanite/internal/service/subagent_runner_boot.go:38:			drainBootSession					90.9%
github.com/hollis-labs/nanite/internal/service/subagent_runner_boot.go:113:			NewBootRunner						0.0%
github.com/hollis-labs/nanite/internal/service/subagent_runner_boot.go:142:			Run							100.0%
github.com/hollis-labs/nanite/internal/service/subagent_runner_boot.go:168:			resolveRole						100.0%
github.com/hollis-labs/nanite/internal/service/subagent_runner_boot.go:176:			canBoot							66.7%
github.com/hollis-labs/nanite/internal/service/subagent_runner_boot.go:188:			effectiveProvider					80.0%
github.com/hollis-labs/nanite/internal/service/subagent_runner_boot.go:205:			runBoot							87.5%
github.com/hollis-labs/nanite/internal/service/subagent_runner_boot.go:267:			boot							66.7%
github.com/hollis-labs/nanite/internal/service/subagent_runner_boot.go:276:			persistChild						66.7%
github.com/hollis-labs/nanite/internal/service/subagent_runner_boot.go:286:			persistChildSessionID					0.0%
github.com/hollis-labs/nanite/internal/service/subagent_runner_boot.go:305:			createChildSession					71.4%
github.com/hollis-labs/nanite/internal/service/subagent_sink.go:26:				SubagentStatusChanged					0.0%
github.com/hollis-labs/nanite/internal/service/team_compiler.go:104:				CompileTeam						96.4%
github.com/hollis-labs/nanite/internal/service/team_routing.go:206:				NewTeamRoutingService					100.0%
github.com/hollis-labs/nanite/internal/service/team_routing.go:267:				SendToSlot						70.0%
github.com/hollis-labs/nanite/internal/service/team_routing.go:340:				authorizedForMessage					90.9%
github.com/hollis-labs/nanite/internal/service/team_routing.go:364:				resolveActiveMembers					76.0%
github.com/hollis-labs/nanite/internal/service/team_routing.go:423:				lockSlotResolution					100.0%
github.com/hollis-labs/nanite/internal/service/team_routing.go:431:				filterActiveMembers					100.0%
github.com/hollis-labs/nanite/internal/service/team_routing.go:477:				InstallTeamRunRouting					76.7%
github.com/hollis-labs/nanite/internal/service/team_routing.go:641:				insertTeamRoutingReflex					72.7%
github.com/hollis-labs/nanite/internal/service/team_routing.go:687:				resolveAgentSlugForSlot					40.0%
github.com/hollis-labs/nanite/internal/service/team_routing.go:741:				dedupeActiveAgentIDs					81.8%
github.com/hollis-labs/nanite/internal/service/team_routing.go:765:				anyPhraseRegex						100.0%
github.com/hollis-labs/nanite/internal/service/team_run_launcher.go:166:			NewTeamRunLauncher					100.0%
github.com/hollis-labs/nanite/internal/service/team_run_launcher.go:226:			LaunchTeamRun						71.4%
github.com/hollis-labs/nanite/internal/service/team_run_launcher.go:353:			isTerminalRunStatus					66.7%
github.com/hollis-labs/nanite/internal/service/team_run_launcher.go:382:			planEagerResolution					93.8%
github.com/hollis-labs/nanite/internal/service/team_run_launcher.go:432:			authorizedForElasticResolution				88.9%
github.com/hollis-labs/nanite/internal/service/team_run_launcher.go:460:			resolveMemberCount					92.9%
github.com/hollis-labs/nanite/internal/service/team_run_launcher.go:489:			defaultLaunchAgentProfileID				87.5%
github.com/hollis-labs/nanite/internal/service/team_run_launcher.go:511:			mergeTeamRunParams					75.0%
github.com/hollis-labs/nanite/internal/service/team_run_launcher.go:525:			resolveSlotMember					75.0%
github.com/hollis-labs/nanite/internal/service/team_run_launcher.go:555:			resolveDurableMember					76.7%
github.com/hollis-labs/nanite/internal/service/team_run_launcher.go:640:			resolveFreshMember					70.0%
github.com/hollis-labs/nanite/internal/service/team_run_launcher.go:730:			ResolveLazySlot						78.0%
github.com/hollis-labs/nanite/internal/service/team_run_launcher.go:801:			findSlot						100.0%
github.com/hollis-labs/nanite/internal/service/todo.go:62:					NewTodoService						0.0%
github.com/hollis-labs/nanite/internal/service/todo.go:71:					CreateTodo						0.0%
github.com/hollis-labs/nanite/internal/service/todo.go:101:					GetTodo							0.0%
github.com/hollis-labs/nanite/internal/service/todo.go:105:					ListTodos						0.0%
github.com/hollis-labs/nanite/internal/service/todo.go:109:					UpdateTodo						0.0%
github.com/hollis-labs/nanite/internal/service/todo.go:146:					UpdateTodoScope						0.0%
github.com/hollis-labs/nanite/internal/service/todo.go:165:					DeleteTodo						0.0%
github.com/hollis-labs/nanite/internal/service/todo.go:169:					ListTodoChildren					0.0%
github.com/hollis-labs/nanite/internal/service/todo.go:175:					CreatePlan						0.0%
github.com/hollis-labs/nanite/internal/service/todo.go:191:					GetPlan							0.0%
github.com/hollis-labs/nanite/internal/service/todo.go:195:					ListPlans						0.0%
github.com/hollis-labs/nanite/internal/service/todo.go:199:					UpdatePlan						0.0%
github.com/hollis-labs/nanite/internal/service/todo.go:228:					UpdatePlanStep						0.0%
github.com/hollis-labs/nanite/internal/service/todo.go:232:					DeletePlan						0.0%
github.com/hollis-labs/nanite/internal/service/todo.go:237:					ApprovePlan						0.0%
github.com/hollis-labs/nanite/internal/service/todo.go:284:					validScope						0.0%
github.com/hollis-labs/nanite/internal/service/todo.go:291:					validPlanScope						0.0%
github.com/hollis-labs/nanite/internal/service/todo.go:295:					validTodoStatus						0.0%
github.com/hollis-labs/nanite/internal/service/todo.go:299:					validPriority						0.0%
github.com/hollis-labs/nanite/internal/service/todo.go:303:					validPlanStatus						0.0%
github.com/hollis-labs/nanite/internal/service/tool.go:151:					NewToolService						100.0%
github.com/hollis-labs/nanite/internal/service/tool.go:162:					SetRepairConfig						0.0%
github.com/hollis-labs/nanite/internal/service/tool.go:167:					SelectForAgent						77.2%
github.com/hollis-labs/nanite/internal/service/tool.go:364:					Execute							100.0%
github.com/hollis-labs/nanite/internal/service/tool.go:391:					callTransport						85.7%
github.com/hollis-labs/nanite/internal/service/tool.go:412:					attemptRepair						96.7%
github.com/hollis-labs/nanite/internal/service/tool.go:516:					autoRepairEnvEnabled					100.0%
github.com/hollis-labs/nanite/internal/service/tool.go:537:					classifyAndFormatToolError				90.0%
github.com/hollis-labs/nanite/internal/service/tool.go:573:					buildAgentErrorEnvelope					84.6%
github.com/hollis-labs/nanite/internal/service/tool.go:607:					buildMissingRequiredEnvelope				84.6%
github.com/hollis-labs/nanite/internal/service/tool.go:646:					wrapWithRepairNote					75.0%
github.com/hollis-labs/nanite/internal/service/tool.go:679:					HandleRequestTools					50.0%
github.com/hollis-labs/nanite/internal/service/tool.go:688:					ListSummaries						66.7%
github.com/hollis-labs/nanite/internal/service/tool.go:716:					GetToolMeta						90.0%
github.com/hollis-labs/nanite/internal/service/tool.go:749:					declaredConcurrencySafe					88.9%
github.com/hollis-labs/nanite/internal/service/tool.go:772:					discoverAgentMCPTools					88.2%
github.com/hollis-labs/nanite/internal/service/tool.go:813:					countMCPOriginTools					100.0%
github.com/hollis-labs/nanite/internal/service/tool.go:833:					applyChatSurfaceFilter					100.0%
github.com/hollis-labs/nanite/internal/service/tool.go:862:					parseParentDispatchAllowlist				100.0%
github.com/hollis-labs/nanite/internal/service/tool.go:897:					filterToolsByAgentTools					88.9%
github.com/hollis-labs/nanite/internal/service/tool.go:929:					agentToolsStore						100.0%
github.com/hollis-labs/nanite/internal/service/tool.go:951:					resolveAlwaysIncludedTools				78.3%
github.com/hollis-labs/nanite/internal/service/tool.go:991:					unionToolsByName					91.7%
github.com/hollis-labs/nanite/internal/service/tool.go:1013:					extractIntent						87.0%
github.com/hollis-labs/nanite/internal/service/tool.go:1071:					GetToolSchema						40.0%
github.com/hollis-labs/nanite/internal/service/tool.go:1083:					parseJSONStrings					66.7%
github.com/hollis-labs/nanite/internal/service/tool_arg_validate.go:24:				newArgValidator						100.0%
github.com/hollis-labs/nanite/internal/service/tool_arg_validate.go:30:				invalidate						0.0%
github.com/hollis-labs/nanite/internal/service/tool_arg_validate.go:45:				validate						85.7%
github.com/hollis-labs/nanite/internal/service/tool_arg_validate.go:91:				coercePrimitives					83.3%
github.com/hollis-labs/nanite/internal/service/tool_arg_validate.go:114:			extractSchemaTypes					87.5%
github.com/hollis-labs/nanite/internal/service/tool_arg_validate.go:134:			coerceValue						100.0%
github.com/hollis-labs/nanite/internal/service/tool_arg_validate.go:165:			sameValue						100.0%
github.com/hollis-labs/nanite/internal/service/tool_arg_validate.go:171:			toInteger						33.3%
github.com/hollis-labs/nanite/internal/service/tool_arg_validate.go:223:			toNumber						28.6%
github.com/hollis-labs/nanite/internal/service/tool_arg_validate.go:264:			toBoolean						83.3%
github.com/hollis-labs/nanite/internal/service/tool_arg_validate.go:280:			getOrCompile						81.8%
github.com/hollis-labs/nanite/internal/service/tool_arg_validate.go:317:			formatValidationError					70.0%
github.com/hollis-labs/nanite/internal/service/tool_arg_validate.go:341:			collectErrors						88.9%
github.com/hollis-labs/nanite/internal/service/tool_cache_command.go:22:			RegisterToolCacheCommand				0.0%
github.com/hollis-labs/nanite/internal/service/tool_cache_command.go:43:			toolCacheCommandHandler					100.0%
github.com/hollis-labs/nanite/internal/service/tool_cache_command.go:70:			toolCacheStatusReply					100.0%
github.com/hollis-labs/nanite/internal/service/tool_cache_wiring.go:21:				newToolCacheOverrideStore				100.0%
github.com/hollis-labs/nanite/internal/service/tool_cache_wiring.go:26:				Get							100.0%
github.com/hollis-labs/nanite/internal/service/tool_cache_wiring.go:34:				Set							100.0%
github.com/hollis-labs/nanite/internal/service/tool_cache_wiring.go:51:				buildToolIntentClassifier				0.0%
github.com/hollis-labs/nanite/internal/service/tool_cache_wiring.go:113:			buildRepairConfig					0.0%
github.com/hollis-labs/nanite/internal/service/tool_concurrency_classification.go:176:		declaredConcurrencySafety				100.0%
github.com/hollis-labs/nanite/internal/service/tool_execution_rules.go:33:			enforceExecutionRules					50.0%
github.com/hollis-labs/nanite/internal/service/tool_execution_rules.go:68:			enforceExecutionRulesViaAgentTools			73.3%
github.com/hollis-labs/nanite/internal/service/tool_execution_rules.go:105:			enforceExecutionRulesForTool				0.0%
github.com/hollis-labs/nanite/internal/service/workflow_context_assembler.go:55:		NewWorkflowContextAssembler				100.0%
github.com/hollis-labs/nanite/internal/service/workflow_context_assembler.go:59:		AssembleContext						64.3%
github.com/hollis-labs/nanite/internal/service/workflow_engine.go:51:				NewBuiltinWorkflowEngine				100.0%
github.com/hollis-labs/nanite/internal/service/workflow_engine.go:66:				WithFlexSupport						100.0%
github.com/hollis-labs/nanite/internal/service/workflow_engine.go:77:				Name							0.0%
github.com/hollis-labs/nanite/internal/service/workflow_engine.go:83:				Run							71.4%
github.com/hollis-labs/nanite/internal/service/workflow_engine.go:125:				Resume							77.8%
github.com/hollis-labs/nanite/internal/service/workflow_engine.go:185:				execute							90.4%
github.com/hollis-labs/nanite/internal/service/workflow_engine.go:319:				finishRun						94.7%
github.com/hollis-labs/nanite/internal/service/workflow_engine.go:362:				flexOrGateWaitingStatus					100.0%
github.com/hollis-labs/nanite/internal/service/workflow_engine.go:404:				runStep							84.0%
github.com/hollis-labs/nanite/internal/service/workflow_engine.go:480:				executeLLMOrTool					80.6%
github.com/hollis-labs/nanite/internal/service/workflow_engine.go:565:				dependencyResults					100.0%
github.com/hollis-labs/nanite/internal/service/workflow_engine.go:589:				dependencyState						100.0%
github.com/hollis-labs/nanite/internal/service/workflow_engine.go:608:				stepResultFromRow					45.5%
github.com/hollis-labs/nanite/internal/service/workflow_engine.go:648:				resolveStepConfig					85.7%
github.com/hollis-labs/nanite/internal/service/workflow_engine.go:660:				resolveTemplateValue					52.9%
github.com/hollis-labs/nanite/internal/service/workflow_engine.go:689:				resolveTemplateString					92.3%
github.com/hollis-labs/nanite/internal/service/workflow_engine.go:709:				resolveTemplateRef					70.0%
github.com/hollis-labs/nanite/internal/service/workflow_engine.go:754:				paramKeys						0.0%
github.com/hollis-labs/nanite/internal/service/workflow_engine.go:763:				configString						100.0%
github.com/hollis-labs/nanite/internal/service/workflow_engine.go:772:				configStringSlice					100.0%
github.com/hollis-labs/nanite/internal/service/workflow_engine.go:789:				configInt						40.0%
github.com/hollis-labs/nanite/internal/service/workflow_engine.go:802:				configMap						100.0%
github.com/hollis-labs/nanite/internal/service/workflow_engine.go:809:				buildLLMStepRequest					71.4%
github.com/hollis-labs/nanite/internal/service/workflow_engine.go:832:				buildToolStepRequest					75.0%
github.com/hollis-labs/nanite/internal/service/workflow_engine_flex.go:84:			parseFlexStepConfig					90.3%
github.com/hollis-labs/nanite/internal/service/workflow_engine_flex.go:140:			activeMembersForSlots					100.0%
github.com/hollis-labs/nanite/internal/service/workflow_engine_flex.go:165:			recheckFlexStep						72.7%
github.com/hollis-labs/nanite/internal/service/workflow_engine_flex.go:231:			evaluateFlexExit					77.4%
github.com/hollis-labs/nanite/internal/service/workflow_engine_flex.go:317:			standDownFlexMembers					50.0%
github.com/hollis-labs/nanite/internal/service/workflow_external_engine.go:56:			validate						63.6%
github.com/hollis-labs/nanite/internal/service/workflow_external_engine.go:98:			NewExternalWorkflowEngine				100.0%
github.com/hollis-labs/nanite/internal/service/workflow_external_engine.go:108:			Name							100.0%
github.com/hollis-labs/nanite/internal/service/workflow_external_engine.go:115:			Run							100.0%
github.com/hollis-labs/nanite/internal/service/workflow_launch.go:94:				NewWorkflowLauncher					100.0%
github.com/hollis-labs/nanite/internal/service/workflow_launch.go:101:				GetEngine						0.0%
github.com/hollis-labs/nanite/internal/service/workflow_launch.go:111:				GetStepExecutor						0.0%
github.com/hollis-labs/nanite/internal/service/workflow_launch.go:122:				Launch							86.4%
github.com/hollis-labs/nanite/internal/service/workflow_launch.go:250:				workflowInstanceSlug					80.0%
github.com/hollis-labs/nanite/internal/service/workflow_step_executor.go:92:			NewWorkflowStepExecutor					100.0%
github.com/hollis-labs/nanite/internal/service/workflow_step_executor.go:102:			ExecuteToolStep						87.5%
github.com/hollis-labs/nanite/internal/service/workflow_step_executor.go:123:			ExecuteLLMStep						86.5%
github.com/hollis-labs/nanite/internal/service/workflow_step_executor.go:269:			resolveTurnContext					100.0%
github.com/hollis-labs/nanite/internal/service/workflow_step_executor.go:305:			resolveToolDefinitions					100.0%
github.com/hollis-labs/nanite/internal/service/workflow_step_executor.go:335:			Verify							100.0%
github.com/hollis-labs/nanite/internal/service/workflow_step_executor.go:346:			verifyEngine						100.0%
github.com/hollis-labs/nanite/internal/service/workflow_step_executor.go:355:			verifyAgent						83.3%
github.com/hollis-labs/nanite/internal/service/workflow_step_executor.go:382:			composeReviewerPrompt					75.0%
github.com/hollis-labs/nanite/internal/service/workflow_step_executor.go:404:			parseReviewerVerdict					100.0%
github.com/hollis-labs/nanite/internal/shell/denylist.go:14:					NewDenylist						100.0%
github.com/hollis-labs/nanite/internal/shell/denylist.go:21:					Enabled							0.0%
github.com/hollis-labs/nanite/internal/shell/denylist.go:26:					SetEnabled						100.0%
github.com/hollis-labs/nanite/internal/shell/denylist.go:33:					Check							100.0%
github.com/hollis-labs/nanite/internal/shell/exec.go:37:					Exec							90.3%
github.com/hollis-labs/nanite/internal/shell/shell.go:22:					ValidMode						100.0%
github.com/hollis-labs/nanite/internal/shell/shell.go:33:					ParseCommand						100.0%
github.com/hollis-labs/nanite/internal/skill/convert.go:13:					IsFileBasedID						100.0%
github.com/hollis-labs/nanite/internal/skill/convert.go:18:					SlugFromFileID						100.0%
github.com/hollis-labs/nanite/internal/skill/convert.go:35:					ToStoreSkill						90.9%
github.com/hollis-labs/nanite/internal/skill/convert.go:90:					categoryFromTags					100.0%
github.com/hollis-labs/nanite/internal/skill/convert.go:98:					marshalSlice						83.3%
github.com/hollis-labs/nanite/internal/skill/convert.go:110:					marshalJSONOr						66.7%
github.com/hollis-labs/nanite/internal/skill/loader.go:17:					EnsureHomeDirs						50.0%
github.com/hollis-labs/nanite/internal/skill/loader.go:36:					HomeSkillsDir						42.9%
github.com/hollis-labs/nanite/internal/skill/loader.go:52:					WriteUserSkillFile					69.2%
github.com/hollis-labs/nanite/internal/skill/parser.go:46:					ParseMD							90.0%
github.com/hollis-labs/nanite/internal/skill/parser.go:72:					ParseMDFile						66.7%
github.com/hollis-labs/nanite/internal/skill/parser.go:96:					SlugFromFilename					100.0%
github.com/hollis-labs/nanite/internal/skill/parser.go:102:					splitFrontmatter					85.7%
github.com/hollis-labs/nanite/internal/skillvendor/address.go:42:				Address							100.0%
github.com/hollis-labs/nanite/internal/skillvendor/address.go:54:				ValidateAddress						100.0%
github.com/hollis-labs/nanite/internal/skillvendor/address.go:65:				computeAddress						100.0%
github.com/hollis-labs/nanite/internal/skillvendor/address.go:85:				normalizeFileMap					100.0%
github.com/hollis-labs/nanite/internal/skillvendor/address.go:106:				normalizeRelPath					88.9%
github.com/hollis-labs/nanite/internal/skillvendor/address.go:125:				readTree						76.5%
github.com/hollis-labs/nanite/internal/skillvendor/address.go:153:				verifyAddress						85.7%
github.com/hollis-labs/nanite/internal/skillvendor/store.go:44:					New							80.0%
github.com/hollis-labs/nanite/internal/skillvendor/store.go:58:					Root							100.0%
github.com/hollis-labs/nanite/internal/skillvendor/store.go:74:					Write							83.3%
github.com/hollis-labs/nanite/internal/skillvendor/store.go:124:				checkExisting						80.0%
github.com/hollis-labs/nanite/internal/skillvendor/store.go:146:				stageFiles						60.0%
github.com/hollis-labs/nanite/internal/skillvendor/store.go:184:				Path							80.0%
github.com/hollis-labs/nanite/internal/skillvendor/store.go:213:				ReadFiles						100.0%
github.com/hollis-labs/nanite/internal/skillvendor/store.go:226:				Delete							75.0%
github.com/hollis-labs/nanite/internal/slogx/slogx.go:49:					DefaultConfig						0.0%
github.com/hollis-labs/nanite/internal/slogx/slogx.go:74:					CurrentLevelString					0.0%
github.com/hollis-labs/nanite/internal/slogx/slogx.go:94:					Init							93.8%
github.com/hollis-labs/nanite/internal/slogx/slogx.go:130:					Close							100.0%
github.com/hollis-labs/nanite/internal/slogx/slogx.go:138:					Fatal							0.0%
github.com/hollis-labs/nanite/internal/slogx/slogx.go:145:					FatalContext						0.0%
github.com/hollis-labs/nanite/internal/slogx/slogx.go:153:					ParseLevel						0.0%
github.com/hollis-labs/nanite/internal/slogx/slogx.go:168:					ParseFormat						0.0%
github.com/hollis-labs/nanite/internal/slogx/slogx.go:210:					NewPIIRedactor						100.0%
github.com/hollis-labs/nanite/internal/slogx/slogx.go:215:					Enabled							100.0%
github.com/hollis-labs/nanite/internal/slogx/slogx.go:220:					Handle							100.0%
github.com/hollis-labs/nanite/internal/slogx/slogx.go:230:					WithAttrs						100.0%
github.com/hollis-labs/nanite/internal/slogx/slogx.go:241:					WithGroup						0.0%
github.com/hollis-labs/nanite/internal/slogx/slogx.go:248:					redactAttr						100.0%
github.com/hollis-labs/nanite/internal/slogx/slogx.go:270:					isSensitiveKey						100.0%
github.com/hollis-labs/nanite/internal/store/a2a_tasks.go:59:					CreateA2APushDelivery					0.0%
github.com/hollis-labs/nanite/internal/store/a2a_tasks.go:74:					GetPendingPushDeliveries				0.0%
github.com/hollis-labs/nanite/internal/store/a2a_tasks.go:104:					UpdateA2APushDelivery					0.0%
github.com/hollis-labs/nanite/internal/store/a2a_tasks.go:121:					DeleteA2APushDelivery					0.0%
github.com/hollis-labs/nanite/internal/store/a2a_tasks.go:128:					CreateA2ATask						0.0%
github.com/hollis-labs/nanite/internal/store/a2a_tasks.go:159:					GetA2ATask						0.0%
github.com/hollis-labs/nanite/internal/store/a2a_tasks.go:194:					UpdateA2ATask						0.0%
github.com/hollis-labs/nanite/internal/store/agent_context_resolvers.go:75:			validateAgentContextResolver				100.0%
github.com/hollis-labs/nanite/internal/store/agent_context_resolvers.go:105:			scanAgentContextResolver				100.0%
github.com/hollis-labs/nanite/internal/store/agent_context_resolvers.go:117:			InsertAgentContextResolver				100.0%
github.com/hollis-labs/nanite/internal/store/agent_context_resolvers.go:147:			GetAgentContextResolver					85.7%
github.com/hollis-labs/nanite/internal/store/agent_context_resolvers.go:165:			ListAgentContextResolvers				81.8%
github.com/hollis-labs/nanite/internal/store/agent_context_resolvers.go:192:			ListEnabledAgentContextResolvers			81.8%
github.com/hollis-labs/nanite/internal/store/agent_context_resolvers.go:218:			UpdateAgentContextResolver				58.8%
github.com/hollis-labs/nanite/internal/store/agent_context_resolvers.go:254:			DeleteAgentContextResolver				66.7%
github.com/hollis-labs/nanite/internal/store/agent_knowledge_seed.go:31:			scanAgentKnowledgeSeed					100.0%
github.com/hollis-labs/nanite/internal/store/agent_knowledge_seed.go:41:			InsertAgentKnowledgeSeed				66.7%
github.com/hollis-labs/nanite/internal/store/agent_knowledge_seed.go:71:			ListAgentKnowledgeSeeds					81.8%
github.com/hollis-labs/nanite/internal/store/agent_knowledge_seed.go:97:			GetAgentKnowledgeSeed					85.7%
github.com/hollis-labs/nanite/internal/store/agent_knowledge_seed.go:118:			MarkAgentKnowledgeSeedApplied				77.8%
github.com/hollis-labs/nanite/internal/store/agent_knowledge_seed.go:140:			DeleteAgentKnowledgeSeed				66.7%
github.com/hollis-labs/nanite/internal/store/agent_known_skills.go:30:				scanAgentKnownSkill					100.0%
github.com/hollis-labs/nanite/internal/store/agent_known_skills.go:39:				InsertAgentKnownSkill					63.6%
github.com/hollis-labs/nanite/internal/store/agent_known_skills.go:70:				ListAgentKnownSkills					81.8%
github.com/hollis-labs/nanite/internal/store/agent_known_skills.go:96:				GetAgentKnownSkill					85.7%
github.com/hollis-labs/nanite/internal/store/agent_known_skills.go:115:				DeleteAgentKnownSkill					66.7%
github.com/hollis-labs/nanite/internal/store/agent_known_tools.go:32:				scanAgentKnownTool					100.0%
github.com/hollis-labs/nanite/internal/store/agent_known_tools.go:42:				InsertAgentKnownTool					72.7%
github.com/hollis-labs/nanite/internal/store/agent_known_tools.go:77:				ListAgentKnownTools					81.8%
github.com/hollis-labs/nanite/internal/store/agent_known_tools.go:103:				GetAgentKnownTool					85.7%
github.com/hollis-labs/nanite/internal/store/agent_known_tools.go:122:				DeleteAgentKnownTool					66.7%
github.com/hollis-labs/nanite/internal/store/agent_known_tools.go:159:				BumpActivation						100.0%
github.com/hollis-labs/nanite/internal/store/agent_log.go:23:					scanAgentLogEntry					100.0%
github.com/hollis-labs/nanite/internal/store/agent_log.go:30:					AppendLog						75.0%
github.com/hollis-labs/nanite/internal/store/agent_log.go:53:					ListLog							85.7%
github.com/hollis-labs/nanite/internal/store/agent_procedures.go:29:				scanAgentProcedure					100.0%
github.com/hollis-labs/nanite/internal/store/agent_procedures.go:38:				InsertAgentProcedure					70.0%
github.com/hollis-labs/nanite/internal/store/agent_procedures.go:71:				ListAgentProcedures					81.8%
github.com/hollis-labs/nanite/internal/store/agent_procedures.go:97:				GetAgentProcedure					85.7%
github.com/hollis-labs/nanite/internal/store/agent_procedures.go:116:				DeleteAgentProcedure					66.7%
github.com/hollis-labs/nanite/internal/store/agent_projects.go:16:				ListAgentProjects					54.5%
github.com/hollis-labs/nanite/internal/store/agent_projects.go:43:				ListProjectAgents					0.0%
github.com/hollis-labs/nanite/internal/store/agent_projects.go:68:				AddAgentProject						100.0%
github.com/hollis-labs/nanite/internal/store/agent_projects.go:82:				RemoveAgentProject					0.0%
github.com/hollis-labs/nanite/internal/store/agent_reflexes.go:156:				scanAgentReflex						62.5%
github.com/hollis-labs/nanite/internal/store/agent_reflexes.go:179:				nullIfNilInt64						66.7%
github.com/hollis-labs/nanite/internal/store/agent_reflexes.go:191:				scanPendingReflex					100.0%
github.com/hollis-labs/nanite/internal/store/agent_reflexes.go:203:				InsertAgentReflex					70.8%
github.com/hollis-labs/nanite/internal/store/agent_reflexes.go:273:				GetAgentReflex						57.1%
github.com/hollis-labs/nanite/internal/store/agent_reflexes.go:299:				ListAgentReflexesForAgent				81.8%
github.com/hollis-labs/nanite/internal/store/agent_reflexes.go:362:				ListAgentReflexesForWorkflowRun				84.6%
github.com/hollis-labs/nanite/internal/store/agent_reflexes.go:404:				ListAllAgentReflexes					0.0%
github.com/hollis-labs/nanite/internal/store/agent_reflexes.go:439:				UpdateAgentReflex					0.0%
github.com/hollis-labs/nanite/internal/store/agent_reflexes.go:478:				BumpAgentReflexFired					0.0%
github.com/hollis-labs/nanite/internal/store/agent_reflexes.go:504:				DeleteAgentReflex					66.7%
github.com/hollis-labs/nanite/internal/store/agent_reflexes.go:528:				SetAgentReflexOptOut					83.3%
github.com/hollis-labs/nanite/internal/store/agent_reflexes.go:545:				ClearAgentReflexOptOut					0.0%
github.com/hollis-labs/nanite/internal/store/agent_reflexes.go:558:				ListAgentReflexOptOuts					81.8%
github.com/hollis-labs/nanite/internal/store/agent_reflexes.go:581:				CountClassBaseReflexByName				0.0%
github.com/hollis-labs/nanite/internal/store/agent_reflexes.go:600:				CountAgentReflexByName					0.0%
github.com/hollis-labs/nanite/internal/store/agent_reflexes.go:615:				InsertPendingReflex					66.7%
github.com/hollis-labs/nanite/internal/store/agent_reflexes.go:657:				GetPendingReflex					57.1%
github.com/hollis-labs/nanite/internal/store/agent_reflexes.go:673:				ListPendingReflexes					0.0%
github.com/hollis-labs/nanite/internal/store/agent_reflexes.go:715:				ApprovePendingReflex					70.0%
github.com/hollis-labs/nanite/internal/store/agent_reflexes.go:781:				RejectPendingReflex					0.0%
github.com/hollis-labs/nanite/internal/store/agent_runtime.go:63:				CreateAgentRuntimeRow					80.0%
github.com/hollis-labs/nanite/internal/store/agent_runtime.go:111:				MarkAgentRuntimeFailed					0.0%
github.com/hollis-labs/nanite/internal/store/agent_runtime.go:124:				SetAgentRuntimeProviderSessionID			0.0%
github.com/hollis-labs/nanite/internal/store/agent_runtime.go:141:				AgentRuntimeProviderSessionID				85.7%
github.com/hollis-labs/nanite/internal/store/agent_runtime.go:158:				SetAgentRuntimeState					0.0%
github.com/hollis-labs/nanite/internal/store/agent_runtime.go:172:				MarkAgentRuntimeOrphaned				0.0%
github.com/hollis-labs/nanite/internal/store/agent_runtime.go:185:				ListRunningAgentRuntimeRows				0.0%
github.com/hollis-labs/nanite/internal/store/agent_runtime.go:206:				ListAgentRuntimeRowsForSession				0.0%
github.com/hollis-labs/nanite/internal/store/agent_runtime.go:245:				SaveAgentRuntimeCheckpoint				0.0%
github.com/hollis-labs/nanite/internal/store/agent_runtime.go:274:				GetAgentRuntimeCheckpoint				0.0%
github.com/hollis-labs/nanite/internal/store/agent_runtime.go:305:				GetCheckpointBootDir					0.0%
github.com/hollis-labs/nanite/internal/store/agent_runtime.go:328:				scanAgentRuntimeRow					0.0%
github.com/hollis-labs/nanite/internal/store/agent_runtime.go:351:				MetaMap							0.0%
github.com/hollis-labs/nanite/internal/store/agent_schedules.go:105:				scanAgentSchedule					100.0%
github.com/hollis-labs/nanite/internal/store/agent_schedules.go:115:				InsertAgentSchedule					80.8%
github.com/hollis-labs/nanite/internal/store/agent_schedules.go:185:				GetAgentSchedule					85.7%
github.com/hollis-labs/nanite/internal/store/agent_schedules.go:202:				ListAgentSchedules					81.8%
github.com/hollis-labs/nanite/internal/store/agent_schedules.go:237:				ListAllAgentSchedules					0.0%
github.com/hollis-labs/nanite/internal/store/agent_schedules.go:260:				DeleteAgentSchedule					66.7%
github.com/hollis-labs/nanite/internal/store/agent_schedules.go:278:				UpdateAgentScheduleStatus				72.7%
github.com/hollis-labs/nanite/internal/store/agent_schedules.go:304:				BumpAgentScheduleFireCount				66.7%
github.com/hollis-labs/nanite/internal/store/agent_schedules.go:337:				ListDueAgentSchedules					0.0%
github.com/hollis-labs/nanite/internal/store/agent_schedules.go:378:				ClaimAgentScheduleRun					0.0%
github.com/hollis-labs/nanite/internal/store/agent_schedules.go:401:				SetAgentScheduleNextRun					0.0%
github.com/hollis-labs/nanite/internal/store/agent_schedules.go:458:				backfillScheduleNextRun					71.4%
github.com/hollis-labs/nanite/internal/store/agent_schedules.go:527:				ComputeAgentScheduleNextRun				75.0%
github.com/hollis-labs/nanite/internal/store/agent_tools.go:19:					GrantAgentTool						66.7%
github.com/hollis-labs/nanite/internal/store/agent_tools.go:48:					HasLegacyToolsBackfillRun				0.0%
github.com/hollis-labs/nanite/internal/store/agent_tools.go:63:					MarkLegacyToolsBackfillRun				0.0%
github.com/hollis-labs/nanite/internal/store/agent_tools.go:83:					HasAgentToolGrantedVia					80.0%
github.com/hollis-labs/nanite/internal/store/agent_tools.go:97:					RevokeAgentTool						75.0%
github.com/hollis-labs/nanite/internal/store/agent_tools.go:112:				ListAgentToolNames					81.8%
github.com/hollis-labs/nanite/internal/store/agent_tools.go:140:				CountAgentTools						80.0%
github.com/hollis-labs/nanite/internal/store/agent_tools.go:155:				GrantAgentDispatchTool					71.4%
github.com/hollis-labs/nanite/internal/store/agent_tools.go:173:				RevokeAgentDispatchTool					75.0%
github.com/hollis-labs/nanite/internal/store/agent_tools.go:186:				ListAgentDispatchToolNames				81.8%
github.com/hollis-labs/nanite/internal/store/agents.go:22:					generateAgentURN					80.0%
github.com/hollis-labs/nanite/internal/store/agents.go:32:					slugAliasURN						100.0%
github.com/hollis-labs/nanite/internal/store/agents.go:238:					validateAgentMultiAgentFields				86.7%
github.com/hollis-labs/nanite/internal/store/agents.go:294:					applyMultiAgentDefaults					88.0%
github.com/hollis-labs/nanite/internal/store/agents.go:354:					DefaultActivationModeForClass				100.0%
github.com/hollis-labs/nanite/internal/store/agents.go:373:					inferRuntimeKind					100.0%
github.com/hollis-labs/nanite/internal/store/agents.go:402:					scanAgent						100.0%
github.com/hollis-labs/nanite/internal/store/agents.go:427:					GetAgentBySlug						80.0%
github.com/hollis-labs/nanite/internal/store/agents.go:437:					GetAgent						100.0%
github.com/hollis-labs/nanite/internal/store/agents.go:447:					CreateAgent						98.2%
github.com/hollis-labs/nanite/internal/store/agents.go:610:					DeleteAgent						68.8%
github.com/hollis-labs/nanite/internal/store/agents.go:677:					UpdateAgent						66.7%
github.com/hollis-labs/nanite/internal/store/agents.go:786:					UpdateAgentComposition					0.0%
github.com/hollis-labs/nanite/internal/store/agents.go:839:					UpdateAgentACPConfig					85.3%
github.com/hollis-labs/nanite/internal/store/agents.go:899:					GetSessionPrimaryAgent					80.0%
github.com/hollis-labs/nanite/internal/store/agents.go:912:					SetSessionAgentMode					0.0%
github.com/hollis-labs/nanite/internal/store/agents.go:924:					EnsureSessionAgent					80.0%
github.com/hollis-labs/nanite/internal/store/agents.go:939:					ListSessionAgents					81.8%
github.com/hollis-labs/nanite/internal/store/agents.go:963:					DeleteSessionAgent					0.0%
github.com/hollis-labs/nanite/internal/store/agents.go:982:					ListAgents						81.8%
github.com/hollis-labs/nanite/internal/store/agents.go:1001:					ListAgentsBySource					0.0%
github.com/hollis-labs/nanite/internal/store/agents.go:1030:					ListAgentsByRoleID					0.0%
github.com/hollis-labs/nanite/internal/store/agents.go:1056:					ListAgentsByPluginID					0.0%
github.com/hollis-labs/nanite/internal/store/agents.go:1080:					CountAgentsByRoleID					0.0%
github.com/hollis-labs/nanite/internal/store/agents.go:1090:					UpsertAgentBySlug					0.0%
github.com/hollis-labs/nanite/internal/store/agents.go:1114:					GetAgentByURN						79.2%
github.com/hollis-labs/nanite/internal/store/agents.go:1159:					ListAgentsFilter					65.7%
github.com/hollis-labs/nanite/internal/store/agents.go:1215:					DeleteAgentByID						100.0%
github.com/hollis-labs/nanite/internal/store/agents.go:1227:					CloneAgent						81.0%
github.com/hollis-labs/nanite/internal/store/agents.go:1259:					ListSessionsByAgentID					0.0%
github.com/hollis-labs/nanite/internal/store/agents.go:1284:					SetSessionStatusByAgentID				0.0%
github.com/hollis-labs/nanite/internal/store/agents_hash.go:11:					ComputeAgentHash					100.0%
github.com/hollis-labs/nanite/internal/store/artifacts.go:35:					ListArtifacts						0.0%
github.com/hollis-labs/nanite/internal/store/artifacts.go:65:					ListArtifactsByOrigin					0.0%
github.com/hollis-labs/nanite/internal/store/artifacts.go:102:					ListArtifactsByProject					89.5%
github.com/hollis-labs/nanite/internal/store/artifacts.go:142:					CreateArtifact						91.7%
github.com/hollis-labs/nanite/internal/store/artifacts.go:172:					GetArtifact						0.0%
github.com/hollis-labs/nanite/internal/store/bookmarks.go:21:					ListBookmarks						0.0%
github.com/hollis-labs/nanite/internal/store/bookmarks.go:45:					CreateBookmark						0.0%
github.com/hollis-labs/nanite/internal/store/bookmarks.go:67:					DeleteBookmark						0.0%
github.com/hollis-labs/nanite/internal/store/bookmarks.go:76:					GetBookmark						0.0%
github.com/hollis-labs/nanite/internal/store/bookmarks.go:90:					UpdateBookmarkNote					0.0%
github.com/hollis-labs/nanite/internal/store/bookmarks.go:99:					GetBookmarkByMessage					0.0%
github.com/hollis-labs/nanite/internal/store/bottom_drawer_cards.go:36:				ListBottomDrawerPinnedCards				81.8%
github.com/hollis-labs/nanite/internal/store/bottom_drawer_cards.go:63:				CountBottomDrawerPinnedCards				80.0%
github.com/hollis-labs/nanite/internal/store/bottom_drawer_cards.go:83:				PinBottomDrawerCard					73.9%
github.com/hollis-labs/nanite/internal/store/bottom_drawer_cards.go:136:			UnpinBottomDrawerCard					75.0%
github.com/hollis-labs/nanite/internal/store/bottom_drawer_cards.go:147:			GetBottomDrawerPinnedCard				0.0%
github.com/hollis-labs/nanite/internal/store/catalog.go:24:					ListCatalogSources					84.6%
github.com/hollis-labs/nanite/internal/store/catalog.go:49:					CreateCatalogSource					87.5%
github.com/hollis-labs/nanite/internal/store/catalog.go:78:					UpdateCatalogSource					80.0%
github.com/hollis-labs/nanite/internal/store/catalog.go:98:					SetCatalogSourcePublicKey				0.0%
github.com/hollis-labs/nanite/internal/store/catalog.go:114:					DeleteCatalogSource					85.7%
github.com/hollis-labs/nanite/internal/store/catalog.go:127:					GetCatalogSource					85.7%
github.com/hollis-labs/nanite/internal/store/compaction_events.go:32:				WriteCompactionEvent					63.2%
github.com/hollis-labs/nanite/internal/store/compaction_events.go:76:				ListCompactionEventsBySession				65.5%
github.com/hollis-labs/nanite/internal/store/compaction_events.go:142:				GetLatestCompactionEvent				65.0%
github.com/hollis-labs/nanite/internal/store/consumers.go:28:					ListConsumers						81.8%
github.com/hollis-labs/nanite/internal/store/consumers.go:49:					GetConsumer						85.7%
github.com/hollis-labs/nanite/internal/store/consumers.go:64:					GetConsumerBySlug					71.4%
github.com/hollis-labs/nanite/internal/store/consumers.go:79:					CreateConsumer						91.7%
github.com/hollis-labs/nanite/internal/store/consumers.go:103:					UpdateConsumer						71.4%
github.com/hollis-labs/nanite/internal/store/consumers.go:124:					DeleteConsumer						100.0%
github.com/hollis-labs/nanite/internal/store/defaults.go:25:					DefaultModelForProvider					0.0%
github.com/hollis-labs/nanite/internal/store/defaults.go:74:					ResolveProviderAndModel					0.0%
github.com/hollis-labs/nanite/internal/store/documents.go:27:					CreateDocument						91.7%
github.com/hollis-labs/nanite/internal/store/documents.go:55:					GetDocument						87.5%
github.com/hollis-labs/nanite/internal/store/documents.go:74:					ListDocuments						85.7%
github.com/hollis-labs/nanite/internal/store/documents.go:104:					UpdateDocumentToggles					80.0%
github.com/hollis-labs/nanite/internal/store/documents.go:119:					DeleteDocument						75.0%
github.com/hollis-labs/nanite/internal/store/documents.go:131:					GetIncludedDocuments					85.7%
github.com/hollis-labs/nanite/internal/store/documents.go:162:					GetSessionContextPrompt					80.0%
github.com/hollis-labs/nanite/internal/store/documents.go:174:					SetSessionContextPrompt					80.0%
github.com/hollis-labs/nanite/internal/store/documents.go:187:					boolToInt						100.0%
github.com/hollis-labs/nanite/internal/store/durable_agents.go:143:				CreateDurableAgentInstance				64.7%
github.com/hollis-labs/nanite/internal/store/durable_agents.go:181:				GetDurableAgentInstance					71.4%
github.com/hollis-labs/nanite/internal/store/durable_agents.go:195:				GetDurableAgentInstanceBySlug				0.0%
github.com/hollis-labs/nanite/internal/store/durable_agents.go:226:				GetDurableAgentInstanceByProfileID			0.0%
github.com/hollis-labs/nanite/internal/store/durable_agents.go:241:				ListDurableAgentInstances				78.6%
github.com/hollis-labs/nanite/internal/store/durable_agents.go:264:				UpdateDurableAgentInstance				70.0%
github.com/hollis-labs/nanite/internal/store/durable_agents.go:301:				SyncDurableAgentInstanceConfig				0.0%
github.com/hollis-labs/nanite/internal/store/durable_agents.go:369:				SetDurableAgentInstanceStatus				0.0%
github.com/hollis-labs/nanite/internal/store/durable_agents.go:391:				SetDurableAgentInstanceLaunchState			0.0%
github.com/hollis-labs/nanite/internal/store/durable_agents.go:415:				ArchiveDurableAgentInstance				70.0%
github.com/hollis-labs/nanite/internal/store/durable_agents.go:436:				AttachDurableAgentInstanceSession			66.7%
github.com/hollis-labs/nanite/internal/store/durable_agents.go:458:				ListDurableAgentInstanceSessions			81.8%
github.com/hollis-labs/nanite/internal/store/durable_agents.go:480:				ListDurableAgentInstanceSessionStates			76.5%
github.com/hollis-labs/nanite/internal/store/durable_agents.go:529:				CreateDurableAgentEvent					63.6%
github.com/hollis-labs/nanite/internal/store/durable_agents.go:553:				ListDurableAgentEvents					73.3%
github.com/hollis-labs/nanite/internal/store/durable_agents.go:582:				ListDurableAgentSessionStatesForSession			0.0%
github.com/hollis-labs/nanite/internal/store/durable_agents.go:631:				applyDurableAgentEventDefaults				87.5%
github.com/hollis-labs/nanite/internal/store/durable_agents.go:646:				applyDurableAgentInstanceDefaults			94.1%
github.com/hollis-labs/nanite/internal/store/durable_agents.go:674:				validateDurableAgentInstance				66.7%
github.com/hollis-labs/nanite/internal/store/durable_agents.go:690:				validDurableAgentLifecycleClass				100.0%
github.com/hollis-labs/nanite/internal/store/durable_agents.go:699:				validDurableAgentLaunchSource				66.7%
github.com/hollis-labs/nanite/internal/store/durable_agents.go:709:				validDurableAgentStatus					66.7%
github.com/hollis-labs/nanite/internal/store/durable_agents.go:720:				validDurableAgentSessionRelation			66.7%
github.com/hollis-labs/nanite/internal/store/durable_agents.go:731:				scanDurableAgentEvent					80.0%
github.com/hollis-labs/nanite/internal/store/durable_agents.go:743:				scanDurableAgentInstance				90.9%
github.com/hollis-labs/nanite/internal/store/durable_agents.go:766:				scanDurableAgentInstanceSession				70.0%
github.com/hollis-labs/nanite/internal/store/durable_agents.go:781:				parseStoreTime						66.7%
github.com/hollis-labs/nanite/internal/store/durable_agents.go:793:				formatOptionalTime					66.7%
github.com/hollis-labs/nanite/internal/store/envelope_instances.go:34:				CreateEnvelopeInstance					87.5%
github.com/hollis-labs/nanite/internal/store/envelope_instances.go:54:				GetEnvelopeInstance					89.5%
github.com/hollis-labs/nanite/internal/store/envelope_instances.go:92:				ListEnvelopeInstancesBySession				0.0%
github.com/hollis-labs/nanite/internal/store/envelope_instances.go:151:				ClaimEnvelopeForResponse				0.0%
github.com/hollis-labs/nanite/internal/store/envelope_instances.go:183:				UpdateEnvelopeResponse					0.0%
github.com/hollis-labs/nanite/internal/store/envelope_instances.go:205:				RecordResponse						73.3%
github.com/hollis-labs/nanite/internal/store/events.go:17:					LogEvent						0.0%
github.com/hollis-labs/nanite/internal/store/events.go:28:					ListEvents						0.0%
github.com/hollis-labs/nanite/internal/store/events.go:63:					CountSessionToolCalls					0.0%
github.com/hollis-labs/nanite/internal/store/execution_metrics.go:53:				scanExecutionMetrics					100.0%
github.com/hollis-labs/nanite/internal/store/execution_metrics.go:67:				RecordExecutionMetrics					80.0%
github.com/hollis-labs/nanite/internal/store/execution_metrics.go:92:				GetSessionExecutionMetrics				81.8%
github.com/hollis-labs/nanite/internal/store/execution_metrics.go:114:				GetRecentExecutionMetrics				76.9%
github.com/hollis-labs/nanite/internal/store/execution_metrics.go:139:				GetUtilityCallSummary					81.8%
github.com/hollis-labs/nanite/internal/store/execution_metrics.go:182:				GetSessionToolTokenSummary				0.0%
github.com/hollis-labs/nanite/internal/store/execution_metrics.go:197:				GetUtilityCallLog					76.9%
github.com/hollis-labs/nanite/internal/store/grounding_log.go:18:				LogGroundingConsultation				0.0%
github.com/hollis-labs/nanite/internal/store/grounding_log.go:61:				LogGroundingOutcome					0.0%
github.com/hollis-labs/nanite/internal/store/grounding_log.go:96:				ListGroundingConsultations				0.0%
github.com/hollis-labs/nanite/internal/store/grounding_log.go:143:				ListGroundingOutcomes					0.0%
github.com/hollis-labs/nanite/internal/store/handoff_stashes.go:23:				UpsertHandoffStash					75.0%
github.com/hollis-labs/nanite/internal/store/handoff_stashes.go:49:				GetHandoffStash						85.7%
github.com/hollis-labs/nanite/internal/store/handoff_stashes.go:67:				GetLatestStashForSession				85.7%
github.com/hollis-labs/nanite/internal/store/known_tools.go:48:					scanKnownTool						100.0%
github.com/hollis-labs/nanite/internal/store/known_tools.go:56:					ListKnownTools						81.8%
github.com/hollis-labs/nanite/internal/store/known_tools.go:76:					ListAvailableKnownTools					0.0%
github.com/hollis-labs/nanite/internal/store/known_tools.go:97:					ListAlwaysIncludedKnownTools				81.8%
github.com/hollis-labs/nanite/internal/store/known_tools.go:120:				GetKnownTool						0.0%
github.com/hollis-labs/nanite/internal/store/known_tools.go:134:				GetKnownToolByName					85.7%
github.com/hollis-labs/nanite/internal/store/known_tools.go:152:				UpsertKnownTool						72.7%
github.com/hollis-labs/nanite/internal/store/known_tools.go:187:				SetKnownToolConcurrencySafeIfUnset			80.0%
github.com/hollis-labs/nanite/internal/store/known_tools.go:207:				MarkKnownToolsUnavailableExcept				77.3%
github.com/hollis-labs/nanite/internal/store/mcp_servers.go:48:					ListMCPServers						81.8%
github.com/hollis-labs/nanite/internal/store/mcp_servers.go:72:					GetMCPServer						71.4%
github.com/hollis-labs/nanite/internal/store/mcp_servers.go:90:					CreateMCPServer						94.1%
github.com/hollis-labs/nanite/internal/store/mcp_servers.go:125:				UpdateMCPServer						69.2%
github.com/hollis-labs/nanite/internal/store/mcp_servers.go:152:				DeleteMCPServer						0.0%
github.com/hollis-labs/nanite/internal/store/models.go:61:					SyncModelsFromRegistry					70.0%
github.com/hollis-labs/nanite/internal/store/pinned_content.go:44:				CreatePinnedContent					66.7%
github.com/hollis-labs/nanite/internal/store/pinned_content.go:77:				ListPinnedContent					83.3%
github.com/hollis-labs/nanite/internal/store/pinned_content.go:130:				DeletePinnedContent					75.0%
github.com/hollis-labs/nanite/internal/store/pinned_content.go:140:				UpdatePinScope						62.5%
github.com/hollis-labs/nanite/internal/store/pinned_content.go:163:				ClearSessionPins					75.0%
github.com/hollis-labs/nanite/internal/store/plans.go:45:					ParsePlanSteps						83.3%
github.com/hollis-labs/nanite/internal/store/plans.go:57:					SetPlanSteps						80.0%
github.com/hollis-labs/nanite/internal/store/plans.go:67:					CreatePlan						94.1%
github.com/hollis-labs/nanite/internal/store/plans.go:100:					GetPlan							100.0%
github.com/hollis-labs/nanite/internal/store/plans.go:117:					ListPlans						82.6%
github.com/hollis-labs/nanite/internal/store/plans.go:159:					UpdatePlan						83.3%
github.com/hollis-labs/nanite/internal/store/plans.go:184:					AppendPlanSteps						84.8%
github.com/hollis-labs/nanite/internal/store/plans.go:244:					nextStepID						90.9%
github.com/hollis-labs/nanite/internal/store/plans.go:278:					UpdatePlanStep						73.1%
github.com/hollis-labs/nanite/internal/store/plans.go:322:					DeletePlan						75.0%
github.com/hollis-labs/nanite/internal/store/plugin_settings.go:31:				GetPluginSettings					0.0%
github.com/hollis-labs/nanite/internal/store/plugin_settings.go:56:				UpsertPluginSettings					0.0%
github.com/hollis-labs/nanite/internal/store/plugin_settings.go:76:				UpsertPluginSchema					0.0%
github.com/hollis-labs/nanite/internal/store/plugin_settings.go:101:				ClearPluginSchema					0.0%
github.com/hollis-labs/nanite/internal/store/plugin_settings.go:114:				ListPluginSettings					0.0%
github.com/hollis-labs/nanite/internal/store/plugin_settings.go:142:				UpdatePluginIcon					0.0%
github.com/hollis-labs/nanite/internal/store/plugin_settings.go:156:				GetPluginSettingValue					0.0%
github.com/hollis-labs/nanite/internal/store/plugins.go:43:					scanPluginState						0.0%
github.com/hollis-labs/nanite/internal/store/plugins.go:51:					GetPluginState						0.0%
github.com/hollis-labs/nanite/internal/store/plugins.go:66:					ListPluginStates					0.0%
github.com/hollis-labs/nanite/internal/store/plugins.go:91:					EnsurePluginSeeded					0.0%
github.com/hollis-labs/nanite/internal/store/plugins.go:114:					SetPluginEnabled					0.0%
github.com/hollis-labs/nanite/internal/store/plugins.go:138:					IsPluginEnabled						0.0%
github.com/hollis-labs/nanite/internal/store/plugins.go:151:					DeletePluginState					0.0%
github.com/hollis-labs/nanite/internal/store/projects.go:29:					ListProjects						0.0%
github.com/hollis-labs/nanite/internal/store/projects.go:50:					GetProject						0.0%
github.com/hollis-labs/nanite/internal/store/projects.go:62:					CreateProject						88.9%
github.com/hollis-labs/nanite/internal/store/projects.go:80:					UpdateProject						0.0%
github.com/hollis-labs/nanite/internal/store/projects.go:94:					DeleteProject						0.0%
github.com/hollis-labs/nanite/internal/store/providers.go:37:					ListProviders						0.0%
github.com/hollis-labs/nanite/internal/store/providers.go:63:					ListModels						0.0%
github.com/hollis-labs/nanite/internal/store/providers.go:101:					UpdateProvider						0.0%
github.com/hollis-labs/nanite/internal/store/providers.go:123:					GetProvider						0.0%
github.com/hollis-labs/nanite/internal/store/recovery.go:31:					WriteRecoveryBreadcrumb					0.0%
github.com/hollis-labs/nanite/internal/store/recovery.go:70:					MarkAgentRuntimeRelaunching				0.0%
github.com/hollis-labs/nanite/internal/store/recovery.go:86:					ListRecoveryBreadcrumbsForSession			0.0%
github.com/hollis-labs/nanite/internal/store/reflex_taxonomy.go:45:				GetReflexActionKind					90.0%
github.com/hollis-labs/nanite/internal/store/reflex_taxonomy.go:79:				ActionKindAllowsProvenanceTier				80.0%
github.com/hollis-labs/nanite/internal/store/reflex_taxonomy.go:97:				ListReflexActionKinds					0.0%
github.com/hollis-labs/nanite/internal/store/reminders.go:46:					CreateReminder						62.5%
github.com/hollis-labs/nanite/internal/store/reminders.go:79:					GetReminder						84.6%
github.com/hollis-labs/nanite/internal/store/reminders.go:106:					ListUnfiredReminders					79.2%
github.com/hollis-labs/nanite/internal/store/reminders.go:164:					MarkReminderFired					75.0%
github.com/hollis-labs/nanite/internal/store/reminders.go:179:					UpdateReminderScope					62.5%
github.com/hollis-labs/nanite/internal/store/reminders.go:201:					DeleteReminder						75.0%
github.com/hollis-labs/nanite/internal/store/roles.go:73:					validateRoleFields					100.0%
github.com/hollis-labs/nanite/internal/store/roles.go:88:					scanRole						100.0%
github.com/hollis-labs/nanite/internal/store/roles.go:97:					ListRoles						81.8%
github.com/hollis-labs/nanite/internal/store/roles.go:116:					GetRole							85.7%
github.com/hollis-labs/nanite/internal/store/roles.go:128:					GetRoleBySlug						71.4%
github.com/hollis-labs/nanite/internal/store/roles.go:140:					CreateRole						100.0%
github.com/hollis-labs/nanite/internal/store/roles.go:176:					UpdateRole						64.7%
github.com/hollis-labs/nanite/internal/store/roles.go:214:					ListRolesByPluginID					0.0%
github.com/hollis-labs/nanite/internal/store/roles.go:233:					DeleteRole						71.4%
github.com/hollis-labs/nanite/internal/store/schedule_runs.go:58:				scanScheduleRun						100.0%
github.com/hollis-labs/nanite/internal/store/schedule_runs.go:84:				GetOpenScheduleRun					85.7%
github.com/hollis-labs/nanite/internal/store/schedule_runs.go:110:				GetLatestScheduleRun					57.1%
github.com/hollis-labs/nanite/internal/store/schedule_runs.go:133:				CreateScheduleRun					94.1%
github.com/hollis-labs/nanite/internal/store/schedule_runs.go:171:				RecordScheduleRunAttempt				78.6%
github.com/hollis-labs/nanite/internal/store/seed.go:19:					Seed							64.4%
github.com/hollis-labs/nanite/internal/store/seed.go:207:					providerIDForType					100.0%
github.com/hollis-labs/nanite/internal/store/seed.go:220:					SeedProviders						84.6%
github.com/hollis-labs/nanite/internal/store/selftool_reactions.go:52:				GetSelftoolReactionKind					85.7%
github.com/hollis-labs/nanite/internal/store/selftool_reactions.go:94:				ListEnabledSelftoolReactions				81.2%
github.com/hollis-labs/nanite/internal/store/selftool_reactions.go:134:				CountSelftoolReactionsByToolAndKind			0.0%
github.com/hollis-labs/nanite/internal/store/selftool_reactions.go:152:				InsertSelftoolReaction					80.0%
github.com/hollis-labs/nanite/internal/store/session_halt.go:20:				IsHalted						100.0%
github.com/hollis-labs/nanite/internal/store/session_halt.go:25:				GetSessionHalt						90.9%
github.com/hollis-labs/nanite/internal/store/session_halt.go:49:				MarkSessionHalted					70.0%
github.com/hollis-labs/nanite/internal/store/session_halt.go:75:				ClearSessionHalt					70.0%
github.com/hollis-labs/nanite/internal/store/session_halt.go:103:				LastNTokenUsage						0.0%
github.com/hollis-labs/nanite/internal/store/session_halt.go:142:				LastNAssistantMessages					0.0%
github.com/hollis-labs/nanite/internal/store/session_halt.go:180:				ToolCallsForMessage					0.0%
github.com/hollis-labs/nanite/internal/store/session_objects.go:49:				PutSessionObject					93.8%
github.com/hollis-labs/nanite/internal/store/session_objects.go:89:				GetSessionObject					78.6%
github.com/hollis-labs/nanite/internal/store/session_objects.go:118:				ListSessionObjects					81.2%
github.com/hollis-labs/nanite/internal/store/session_objects.go:151:				EvictSessionObjects					80.0%
github.com/hollis-labs/nanite/internal/store/session_objects.go:162:				newSessionObjectULID					100.0%
github.com/hollis-labs/nanite/internal/store/session_team_run.go:50:				ResolveWorkflowRunIDForSession				0.0%
github.com/hollis-labs/nanite/internal/store/sessions.go:63:					ListSessions						88.5%
github.com/hollis-labs/nanite/internal/store/sessions.go:168:					GetSession						92.3%
github.com/hollis-labs/nanite/internal/store/sessions.go:255:					hydrateSessionOptionalFields				33.3%
github.com/hollis-labs/nanite/internal/store/sessions.go:287:					CreateSession						88.9%
github.com/hollis-labs/nanite/internal/store/sessions.go:329:					UpdateSession						0.0%
github.com/hollis-labs/nanite/internal/store/sessions.go:343:					UpdateSessionTags					0.0%
github.com/hollis-labs/nanite/internal/store/sessions.go:356:					UpdateSessionMetadata					0.0%
github.com/hollis-labs/nanite/internal/store/sessions.go:373:					ArchiveSession						66.7%
github.com/hollis-labs/nanite/internal/store/sessions.go:407:					GetSessionByShortCode					0.0%
github.com/hollis-labs/nanite/internal/store/sessions.go:433:					NextShortCode						81.8%
github.com/hollis-labs/nanite/internal/store/sessions.go:454:					ListMessages						80.0%
github.com/hollis-labs/nanite/internal/store/sessions.go:499:					ListMessagesPaginated					0.0%
github.com/hollis-labs/nanite/internal/store/sessions.go:545:					ListMessagesAroundID					0.0%
github.com/hollis-labs/nanite/internal/store/sessions.go:615:					GetMessage						0.0%
github.com/hollis-labs/nanite/internal/store/sessions.go:633:					CreateMessage						82.4%
github.com/hollis-labs/nanite/internal/store/sessions.go:671:					UpdateMessageContent					0.0%
github.com/hollis-labs/nanite/internal/store/sessions.go:685:					ForkSession						71.2%
github.com/hollis-labs/nanite/internal/store/sessions.go:829:					forkSessionMetadata					84.6%
github.com/hollis-labs/nanite/internal/store/sessions.go:853:					CopyMessages						63.2%
github.com/hollis-labs/nanite/internal/store/sessions.go:910:					SearchMessages						0.0%
github.com/hollis-labs/nanite/internal/store/sessions.go:969:					extractSnippet						0.0%
github.com/hollis-labs/nanite/internal/store/sessions.go:999:					nullIfEmpty						100.0%
github.com/hollis-labs/nanite/internal/store/skill_mode_filter.go:34:				ParseSkillModeIDs					92.9%
github.com/hollis-labs/nanite/internal/store/skill_mode_filter.go:59:				MarshalSkillModeIDs					84.6%
github.com/hollis-labs/nanite/internal/store/skill_mode_filter.go:84:				SkillMatchesMode					100.0%
github.com/hollis-labs/nanite/internal/store/skills.go:52:					scanSkill						100.0%
github.com/hollis-labs/nanite/internal/store/skills.go:63:					ListSkills						0.0%
github.com/hollis-labs/nanite/internal/store/skills.go:82:					GetSkill						0.0%
github.com/hollis-labs/nanite/internal/store/skills.go:94:					GetSkillBySlug						0.0%
github.com/hollis-labs/nanite/internal/store/skills.go:106:					CreateSkill						95.7%
github.com/hollis-labs/nanite/internal/store/skills.go:152:					UpdateSkill						0.0%
github.com/hollis-labs/nanite/internal/store/skills.go:180:					DeleteSkill						0.0%
github.com/hollis-labs/nanite/internal/store/skills.go:195:					ListAgentSkills						81.8%
github.com/hollis-labs/nanite/internal/store/skills.go:220:					AssignSkillToAgent					100.0%
github.com/hollis-labs/nanite/internal/store/skills.go:236:					RemoveSkillFromAgent					0.0%
github.com/hollis-labs/nanite/internal/store/skills_source.go:23:				ClassifySkillSource					100.0%
github.com/hollis-labs/nanite/internal/store/store.go:28:					DBPath							0.0%
github.com/hollis-labs/nanite/internal/store/store.go:41:					New							57.1%
github.com/hollis-labs/nanite/internal/store/store.go:76:					Close							100.0%
github.com/hollis-labs/nanite/internal/store/store.go:123:					migrate							68.8%
github.com/hollis-labs/nanite/internal/store/store.go:157:					isPreGooseDatabase					83.3%
github.com/hollis-labs/nanite/internal/store/store.go:174:					tableExists						80.0%
github.com/hollis-labs/nanite/internal/store/store.go:191:					seedLegacyLedger					63.6%
github.com/hollis-labs/nanite/internal/store/subagent_runs.go:29:				ActiveSubagentRunForParent				0.0%
github.com/hollis-labs/nanite/internal/store/subagent_runs.go:63:				IsSubagentSession					0.0%
github.com/hollis-labs/nanite/internal/store/team_authority.go:78:				scanTeamAuthorityGrant					100.0%
github.com/hollis-labs/nanite/internal/store/team_authority.go:99:				CreateTeamAuthorityGrant				77.3%
github.com/hollis-labs/nanite/internal/store/team_authority.go:158:				ListTeamAuthorityGrants					81.8%
github.com/hollis-labs/nanite/internal/store/team_authority.go:183:				DeleteTeamAuthorityGrant				77.8%
github.com/hollis-labs/nanite/internal/store/team_authority.go:262:				AuthorizedForVerb					82.4%
github.com/hollis-labs/nanite/internal/store/team_run_members.go:57:				scanTeamRunMember					100.0%
github.com/hollis-labs/nanite/internal/store/team_run_members.go:78:				InsertTeamRunMember					75.0%
github.com/hollis-labs/nanite/internal/store/team_run_members.go:133:				ListTeamRunMembersByRun					81.8%
github.com/hollis-labs/nanite/internal/store/team_run_members.go:167:				ListTeamRunMembersBySlot				81.8%
github.com/hollis-labs/nanite/internal/store/team_run_members.go:195:				UpdateTeamRunMemberStatus				81.8%
github.com/hollis-labs/nanite/internal/store/team_run_members.go:223:				GetTeamRunMember					57.1%
github.com/hollis-labs/nanite/internal/store/teams.go:140:					validateTeamSlots					100.0%
github.com/hollis-labs/nanite/internal/store/teams.go:160:					Slots							66.7%
github.com/hollis-labs/nanite/internal/store/teams.go:173:					SetSlots						77.8%
github.com/hollis-labs/nanite/internal/store/teams.go:271:					validateTeamPhases					0.0%
github.com/hollis-labs/nanite/internal/store/teams.go:305:					Phases							0.0%
github.com/hollis-labs/nanite/internal/store/teams.go:332:					SetPhases						0.0%
github.com/hollis-labs/nanite/internal/store/teams.go:410:					validateTeamRouting					0.0%
github.com/hollis-labs/nanite/internal/store/teams.go:433:					Routing							0.0%
github.com/hollis-labs/nanite/internal/store/teams.go:449:					SetRouting						0.0%
github.com/hollis-labs/nanite/internal/store/teams.go:464:					scanTeam						100.0%
github.com/hollis-labs/nanite/internal/store/teams.go:479:					CreateTeam						91.3%
github.com/hollis-labs/nanite/internal/store/teams.go:522:					GetTeam							85.7%
github.com/hollis-labs/nanite/internal/store/teams.go:540:					GetTeamByName						85.7%
github.com/hollis-labs/nanite/internal/store/teams.go:555:					ListTeams						81.8%
github.com/hollis-labs/nanite/internal/store/teams.go:579:					UpdateTeam						77.8%
github.com/hollis-labs/nanite/internal/store/teams.go:631:					DeleteTeam						77.8%
github.com/hollis-labs/nanite/internal/store/todos.go:60:					CreateTodo						90.5%
github.com/hollis-labs/nanite/internal/store/todos.go:104:					GetTodo							100.0%
github.com/hollis-labs/nanite/internal/store/todos.go:128:					ListTodos						81.4%
github.com/hollis-labs/nanite/internal/store/todos.go:201:					UpdateTodo						83.3%
github.com/hollis-labs/nanite/internal/store/todos.go:219:					UpdateTodoScope						66.7%
github.com/hollis-labs/nanite/internal/store/todos.go:248:					DeleteTodo						75.0%
github.com/hollis-labs/nanite/internal/store/todos.go:257:					ListTodoChildren					100.0%
github.com/hollis-labs/nanite/internal/store/tool_enrichments.go:24:				GetToolEnrichment					83.3%
github.com/hollis-labs/nanite/internal/store/trust.go:22:					ResolveTrust						80.0%
github.com/hollis-labs/nanite/internal/store/usage.go:13:					estimateCost						100.0%
github.com/hollis-labs/nanite/internal/store/usage.go:67:					RecordUsage						83.3%
github.com/hollis-labs/nanite/internal/store/usage.go:83:					GetSessionUsage						80.0%
github.com/hollis-labs/nanite/internal/store/usage.go:102:					GetUsageSummary						80.0%
github.com/hollis-labs/nanite/internal/store/user_settings.go:97:				GetUserSettings						77.8%
github.com/hollis-labs/nanite/internal/store/user_settings.go:207:				UpdateUserSettings					84.1%
github.com/hollis-labs/nanite/internal/store/workflow_runs.go:52:				CreateWorkflowRun					80.0%
github.com/hollis-labs/nanite/internal/store/workflow_runs.go:90:				SetWorkflowRunStatus					77.8%
github.com/hollis-labs/nanite/internal/store/workflow_runs.go:110:				GetWorkflowRun						85.7%
github.com/hollis-labs/nanite/internal/store/workflow_runs.go:122:				scanWorkflowRunRow					100.0%
github.com/hollis-labs/nanite/internal/store/workflow_runs.go:141:				workflowRunStepID					100.0%
github.com/hollis-labs/nanite/internal/store/workflow_runs.go:149:				UpsertWorkflowRunStep					86.7%
github.com/hollis-labs/nanite/internal/store/workflow_runs.go:198:				ListWorkflowRunSteps					81.8%
github.com/hollis-labs/nanite/internal/store/workflow_runs.go:219:				scanWorkflowRunStepRow					88.9%
github.com/hollis-labs/nanite/internal/store/workflow_runs.go:235:				formatTimeRFC3339Nano					66.7%
github.com/hollis-labs/nanite/internal/store/workflow_runs.go:242:				formatTimeRFC3339NanoOrEmpty				100.0%
github.com/hollis-labs/nanite/internal/store/workflow_runs.go:249:				parseTimeRFC3339Nano					83.3%
github.com/hollis-labs/nanite/internal/store/workflow_runs.go:264:				ResolveGate						0.0%
github.com/hollis-labs/nanite/internal/store/workflow_runs.go:303:				GetWaitingGates						0.0%
github.com/hollis-labs/nanite/internal/subagent/audit.go:68:					AuditUnknownRoles					73.1%
github.com/hollis-labs/nanite/internal/subagent/envelope.go:158:				NewSuccessEnvelope					100.0%
github.com/hollis-labs/nanite/internal/subagent/envelope.go:183:				NewFailureEnvelope					100.0%
github.com/hollis-labs/nanite/internal/subagent/envelope.go:225:				isForbiddenContextKey					100.0%
github.com/hollis-labs/nanite/internal/subagent/envelope.go:237:				equalFold						81.8%
github.com/hollis-labs/nanite/internal/subagent/envelope.go:303:				EnvelopeFromRun						90.0%
github.com/hollis-labs/nanite/internal/subagent/envelope.go:383:				MarshalEnvelope						75.0%
github.com/hollis-labs/nanite/internal/subagent/envelope.go:395:				isTimeoutErrorString					100.0%
github.com/hollis-labs/nanite/internal/subagent/envelope.go:412:				containsFold						89.5%
github.com/hollis-labs/nanite/internal/subagent/reaper.go:127:					NewReaper						100.0%
github.com/hollis-labs/nanite/internal/subagent/reaper.go:162:					Start							57.1%
github.com/hollis-labs/nanite/internal/subagent/reaper.go:177:					closeDone						100.0%
github.com/hollis-labs/nanite/internal/subagent/reaper.go:190:					Stop							100.0%
github.com/hollis-labs/nanite/internal/subagent/reaper.go:214:					loop							81.2%
github.com/hollis-labs/nanite/internal/subagent/reaper.go:267:					Total							100.0%
github.com/hollis-labs/nanite/internal/subagent/reaper.go:341:					SweepOnce						84.6%
github.com/hollis-labs/nanite/internal/subagent/service.go:74:					timeoutInRange						100.0%
github.com/hollis-labs/nanite/internal/subagent/service.go:90:					resolveDefaultTimeoutSeconds				100.0%
github.com/hollis-labs/nanite/internal/subagent/service.go:139:					heartbeatIntervalInRange				100.0%
github.com/hollis-labs/nanite/internal/subagent/service.go:151:					resolveHeartbeatInterval				100.0%
github.com/hollis-labs/nanite/internal/subagent/service.go:267:					isTextOnlyRole						100.0%
github.com/hollis-labs/nanite/internal/subagent/service.go:368:					replyFromAgentID					100.0%
github.com/hollis-labs/nanite/internal/subagent/service.go:415:					NewService						100.0%
github.com/hollis-labs/nanite/internal/subagent/service.go:429:					SetTrustResolver					100.0%
github.com/hollis-labs/nanite/internal/subagent/service.go:433:					SetEventLogger						100.0%
github.com/hollis-labs/nanite/internal/subagent/service.go:439:					SetParentageChecker					100.0%
github.com/hollis-labs/nanite/internal/subagent/service.go:450:					SetProfileResolver					100.0%
github.com/hollis-labs/nanite/internal/subagent/service.go:454:					SetStreamSink						100.0%
github.com/hollis-labs/nanite/internal/subagent/service.go:460:					SetCompletionReactor					0.0%
github.com/hollis-labs/nanite/internal/subagent/service.go:467:					emitStatus						71.4%
github.com/hollis-labs/nanite/internal/subagent/service.go:498:					stampActivity						75.0%
github.com/hollis-labs/nanite/internal/subagent/service.go:531:					emitHeartbeat						62.5%
github.com/hollis-labs/nanite/internal/subagent/service.go:561:					startHeartbeat						100.0%
github.com/hollis-labs/nanite/internal/subagent/service.go:597:					Spawn							87.2%
github.com/hollis-labs/nanite/internal/subagent/service.go:931:					markGatedSpawnFailed					0.0%
github.com/hollis-labs/nanite/internal/subagent/service.go:942:					Status							100.0%
github.com/hollis-labs/nanite/internal/subagent/service.go:966:					Cancel							100.0%
github.com/hollis-labs/nanite/internal/subagent/service.go:989:					Reject							88.9%
github.com/hollis-labs/nanite/internal/subagent/service.go:1038:				expireIfStale						77.3%
github.com/hollis-labs/nanite/internal/subagent/service.go:1087:				Approve							85.7%
github.com/hollis-labs/nanite/internal/subagent/service.go:1130:				acquireSpawnSlot					66.7%
github.com/hollis-labs/nanite/internal/subagent/service.go:1154:				releaseSpawnSlot					100.0%
github.com/hollis-labs/nanite/internal/subagent/service.go:1159:				executeWithSlot						100.0%
github.com/hollis-labs/nanite/internal/subagent/service.go:1200:				execute							89.4%
github.com/hollis-labs/nanite/internal/subagent/service.go:1421:				classifyRunOutcome					90.0%
github.com/hollis-labs/nanite/internal/subagent/service.go:1468:				runMadeProgress						100.0%
github.com/hollis-labs/nanite/internal/subagent/service.go:1497:				structuredResultJSON					83.3%
github.com/hollis-labs/nanite/internal/subagent/service.go:1543:				extractLiftableEnvelopes				100.0%
github.com/hollis-labs/nanite/internal/subagent/service.go:1607:				liftResultEnvelopes					81.8%
github.com/hollis-labs/nanite/internal/subagent/service.go:1634:				insertRun						100.0%
github.com/hollis-labs/nanite/internal/subagent/service.go:1672:				finalizeRun						92.9%
github.com/hollis-labs/nanite/internal/subagent/service.go:1733:				shouldRetry						100.0%
github.com/hollis-labs/nanite/internal/subagent/service.go:1811:				appendAttempt						90.0%
github.com/hollis-labs/nanite/internal/subagent/service.go:1831:				lastAttemptStatus					62.5%
github.com/hollis-labs/nanite/internal/subagent/service.go:1857:				persistRetryCheckpoint					85.7%
github.com/hollis-labs/nanite/internal/subagent/service.go:1884:				scanRun							75.0%
github.com/hollis-labs/nanite/internal/subagent/service.go:1909:				Run							100.0%
github.com/hollis-labs/nanite/internal/subagent/service.go:1918:				truncate						66.7%
github.com/hollis-labs/nanite/internal/subagent/service_toagent_fix.go:22:			replyToAgentID						100.0%
github.com/hollis-labs/nanite/internal/subagent/types.go:84:					IsTerminalStatus					100.0%
github.com/hollis-labs/nanite/internal/subagent/types.go:139:					IsValidOnFail						100.0%
github.com/hollis-labs/nanite/internal/subagent/types.go:165:					IsRetriableStatus					100.0%
github.com/hollis-labs/nanite/internal/task/local.go:21:					NewLocalBackend						100.0%
github.com/hollis-labs/nanite/internal/task/local.go:25:					Create							100.0%
github.com/hollis-labs/nanite/internal/task/local.go:41:					Get							71.4%
github.com/hollis-labs/nanite/internal/task/local.go:53:					Update							0.0%
github.com/hollis-labs/nanite/internal/task/local.go:58:					Delete							0.0%
github.com/hollis-labs/nanite/internal/task/local.go:62:					List							83.3%
github.com/hollis-labs/nanite/internal/task/local.go:81:					Transition						90.9%
github.com/hollis-labs/nanite/internal/task/local.go:98:					Assign							85.7%
github.com/hollis-labs/nanite/internal/task/local.go:110:					Snapshot						66.7%
github.com/hollis-labs/nanite/internal/task/local.go:131:					Restore							72.7%
github.com/hollis-labs/nanite/internal/task/local.go:150:					put							75.0%
github.com/hollis-labs/nanite/internal/task/local.go:158:					matchesFilter						85.7%
github.com/hollis-labs/nanite/internal/task/service.go:68:					NewService						100.0%
github.com/hollis-labs/nanite/internal/task/service.go:83:					RegisterBackend						0.0%
github.com/hollis-labs/nanite/internal/task/service.go:99:					UnregisterBackend					0.0%
github.com/hollis-labs/nanite/internal/task/service.go:116:					active							60.0%
github.com/hollis-labs/nanite/internal/task/service.go:132:					Create							100.0%
github.com/hollis-labs/nanite/internal/task/service.go:136:					Get							100.0%
github.com/hollis-labs/nanite/internal/task/service.go:140:					Update							0.0%
github.com/hollis-labs/nanite/internal/task/service.go:144:					Transition						100.0%
github.com/hollis-labs/nanite/internal/task/service.go:148:					Assign							100.0%
github.com/hollis-labs/nanite/internal/task/service.go:152:					ListBySession						100.0%
github.com/hollis-labs/nanite/internal/task/service.go:156:					ListByParent						100.0%
github.com/hollis-labs/nanite/internal/task/service.go:160:					ListAll							100.0%
github.com/hollis-labs/nanite/internal/task/service.go:164:					Cancel							100.0%
github.com/hollis-labs/nanite/internal/task/service.go:169:					Snapshot						66.7%
github.com/hollis-labs/nanite/internal/task/service.go:177:					Restore							66.7%
github.com/hollis-labs/nanite/internal/task/service.go:185:					Delete							0.0%
github.com/hollis-labs/nanite/internal/task/service.go:190:					ActiveBackendName					0.0%
github.com/hollis-labs/nanite/internal/task/snapshot.go:15:					UpsertTask						88.9%
github.com/hollis-labs/nanite/internal/task/snapshot.go:53:					ListTasks						65.2%
github.com/hollis-labs/nanite/internal/task/snapshot.go:94:					scanTask						93.8%
github.com/hollis-labs/nanite/internal/task/task.go:39:						IsTerminal						100.0%
github.com/hollis-labs/nanite/internal/task/task.go:53:						ValidateTransition					85.7%
github.com/hollis-labs/nanite/internal/tool/adapt.go:14:					WrapProviderDef						100.0%
github.com/hollis-labs/nanite/internal/tool/adapt.go:32:					ToProviderDefinition					100.0%
github.com/hollis-labs/nanite/internal/tool/adapt.go:45:					ToProviderDefinitions					100.0%
github.com/hollis-labs/nanite/internal/tool/adapt.go:54:					inferSafetyOptions					92.3%
github.com/hollis-labs/nanite/internal/tool/adapt.go:86:					isReadOnlyCommand					83.3%
github.com/hollis-labs/nanite/internal/tool/adapt.go:115:					isDestructiveCommand					71.4%
github.com/hollis-labs/nanite/internal/tool/builder.go:22:					NewTool							100.0%
github.com/hollis-labs/nanite/internal/tool/builder.go:36:					WithCategory						100.0%
github.com/hollis-labs/nanite/internal/tool/builder.go:40:					WithSchema						100.0%
github.com/hollis-labs/nanite/internal/tool/builder.go:47:					WithSchemaMap						66.7%
github.com/hollis-labs/nanite/internal/tool/builder.go:58:					WithSource						100.0%
github.com/hollis-labs/nanite/internal/tool/builder.go:62:					WithTags						100.0%
github.com/hollis-labs/nanite/internal/tool/builder.go:66:					WithTimeout						100.0%
github.com/hollis-labs/nanite/internal/tool/builder.go:70:					WithCallFunc						100.0%
github.com/hollis-labs/nanite/internal/tool/builder.go:74:					WithConcurrencySafe					100.0%
github.com/hollis-labs/nanite/internal/tool/builder.go:80:					WithConcurrencySafeFunc					100.0%
github.com/hollis-labs/nanite/internal/tool/builder.go:84:					WithReadOnly						100.0%
github.com/hollis-labs/nanite/internal/tool/builder.go:90:					WithReadOnlyFunc					100.0%
github.com/hollis-labs/nanite/internal/tool/builder.go:94:					WithDestructive						100.0%
github.com/hollis-labs/nanite/internal/tool/builder.go:100:					WithDestructiveFunc					100.0%
github.com/hollis-labs/nanite/internal/tool/builder.go:104:					WithPermissions						100.0%
github.com/hollis-labs/nanite/internal/tool/builder.go:108:					WithValidateFunc					100.0%
github.com/hollis-labs/nanite/internal/tool/builder.go:132:					Name							100.0%
github.com/hollis-labs/nanite/internal/tool/builder.go:133:					Description						100.0%
github.com/hollis-labs/nanite/internal/tool/builder.go:134:					Category						100.0%
github.com/hollis-labs/nanite/internal/tool/builder.go:135:					Source							100.0%
github.com/hollis-labs/nanite/internal/tool/builder.go:136:					Timeout							100.0%
github.com/hollis-labs/nanite/internal/tool/builder.go:138:					InputSchema						100.0%
github.com/hollis-labs/nanite/internal/tool/builder.go:145:					Tags							100.0%
github.com/hollis-labs/nanite/internal/tool/builder.go:154:					Call							100.0%
github.com/hollis-labs/nanite/internal/tool/builder.go:161:					ValidateInput						100.0%
github.com/hollis-labs/nanite/internal/tool/builder.go:168:					IsConcurrencySafe					100.0%
github.com/hollis-labs/nanite/internal/tool/builder.go:175:					IsReadOnly						100.0%
github.com/hollis-labs/nanite/internal/tool/builder.go:182:					IsDestructive						100.0%
github.com/hollis-labs/nanite/internal/tool/builder.go:189:					DefaultPermissions					100.0%
github.com/hollis-labs/nanite/internal/tool/cache.go:58:					NewResultCache						66.7%
github.com/hollis-labs/nanite/internal/tool/cache.go:87:					StoreResult						95.5%
github.com/hollis-labs/nanite/internal/tool/cache.go:148:					Fetch							79.2%
github.com/hollis-labs/nanite/internal/tool/cache.go:200:					Search							77.1%
github.com/hollis-labs/nanite/internal/tool/cache.go:265:					Purge							87.5%
github.com/hollis-labs/nanite/internal/tool/cache.go:289:					truncateAtBoundary					90.0%
github.com/hollis-labs/nanite/internal/tool/cache.go:310:					newULID							100.0%
github.com/hollis-labs/nanite/internal/tool/intent/broker.go:32:				NewBrokerClassifier					66.7%
github.com/hollis-labs/nanite/internal/tool/intent/broker.go:40:				Classify						93.3%
github.com/hollis-labs/nanite/internal/tool/intent/broker.go:77:				explicitDecision					100.0%
github.com/hollis-labs/nanite/internal/tool/intent/broker.go:111:				firstMentionedToolName					90.9%
github.com/hollis-labs/nanite/internal/tool/intent/broker.go:131:				isWordBoundary						100.0%
github.com/hollis-labs/nanite/internal/tool/intent/broker.go:138:				isWordChar						50.0%
github.com/hollis-labs/nanite/internal/tool/intent/llm.go:31:					NewLLMClassifier					100.0%
github.com/hollis-labs/nanite/internal/tool/intent/llm.go:40:					Classify						100.0%
github.com/hollis-labs/nanite/internal/tool/intent/llm.go:74:					systemPromptFor						100.0%
github.com/hollis-labs/nanite/internal/tool/intent/llm.go:98:					parseLLMResponse					92.9%
github.com/hollis-labs/nanite/internal/tool/intent/llm.go:137:					extractJSONObject					90.9%
github.com/hollis-labs/nanite/internal/tool/intent/llm.go:157:					truncateReason						66.7%
github.com/hollis-labs/nanite/internal/tool/intent/llm.go:170:					failOpen						100.0%
github.com/hollis-labs/nanite/internal/tool/intent/rules.go:32:					NewRulesClassifier					100.0%
github.com/hollis-labs/nanite/internal/tool/intent/rules.go:40:					WithRules						0.0%
github.com/hollis-labs/nanite/internal/tool/intent/rules.go:47:					Classify						100.0%
github.com/hollis-labs/nanite/internal/tool/intent/rules.go:98:					describeRuleMatch					92.3%
github.com/hollis-labs/nanite/internal/tool/intent/rules.go:122:				defaultRules						100.0%
github.com/hollis-labs/nanite/internal/tool/intent/rules.go:181:				mustRule						75.0%
github.com/hollis-labs/nanite/internal/tool/intent/rules.go:189:				toSet							100.0%
github.com/hollis-labs/nanite/internal/tool/register.go:47:					WrapExistingTools					100.0%
github.com/hollis-labs/nanite/internal/tool/register.go:60:					classifyExisting					100.0%
github.com/hollis-labs/nanite/internal/tool/stash/categories.go:20:				RegistryCategorizer					0.0%
github.com/hollis-labs/nanite/internal/tool/stash/categories.go:103:				BuiltinCategorizer					0.0%
github.com/hollis-labs/nanite/internal/tool/stash/categories.go:140:				ComposeCategorizers					0.0%
github.com/hollis-labs/nanite/internal/tool/stash/stash.go:39:					Categorize						100.0%
github.com/hollis-labs/nanite/internal/tool/stash/stash.go:55:					CategoriesList						100.0%
github.com/hollis-labs/nanite/internal/tool/stash/stash.go:66:					DefsForCategories					100.0%
github.com/hollis-labs/nanite/internal/tool/stash/stash.go:95:					NewManager						100.0%
github.com/hollis-labs/nanite/internal/tool/stash/stash.go:109:					Get							100.0%
github.com/hollis-labs/nanite/internal/tool/stash/stash.go:124:					GetOrBuild						100.0%
github.com/hollis-labs/nanite/internal/tool/stash/stash.go:133:					Build							100.0%
github.com/hollis-labs/nanite/internal/tool/stash/stash.go:142:					Invalidate						100.0%
github.com/hollis-labs/nanite/internal/tool/stash/stash.go:148:					buildStash						100.0%
github.com/hollis-labs/nanite/internal/tool/stash/stash.go:180:					SelectionHash						100.0%
github.com/hollis-labs/nanite/internal/tool/stash/stash.go:195:					buildSummary						100.0%
github.com/hollis-labs/nanite/internal/tool/stash/stash.go:227:					categoryHint						54.5%
github.com/hollis-labs/nanite/internal/tool/stash/stash.go:252:					plural							100.0%
github.com/hollis-labs/nanite/internal/tool/yaml_loader.go:43:					LoadYAMLTools						91.7%
github.com/hollis-labs/nanite/internal/tool/yaml_loader.go:69:					loadYAMLDir						100.0%
github.com/hollis-labs/nanite/internal/tool/yaml_loader.go:92:					loadYAMLFile						75.8%
github.com/hollis-labs/nanite/internal/tool/yaml_loader.go:160:					makeShellCallFunc					78.9%
github.com/hollis-labs/nanite/internal/tool/yaml_loader.go:198:					makeHadronCallFunc					3.8%
github.com/hollis-labs/nanite/internal/tool/yaml_loader.go:248:					ParseYAMLToolBytes					93.3%
github.com/hollis-labs/nanite/internal/toolclient/broker.go:78:					New							66.7%
github.com/hollis-labs/nanite/internal/toolclient/broker.go:115:				RenderDescriptions					100.0%
github.com/hollis-labs/nanite/internal/toolclient/broker.go:139:				SetSkills						0.0%
github.com/hollis-labs/nanite/internal/toolclient/broker.go:148:				SetMemoryRecaller					100.0%
github.com/hollis-labs/nanite/internal/toolclient/broker.go:157:				Skills							0.0%
github.com/hollis-labs/nanite/internal/toolclient/broker.go:160:				MemoryRecaller						0.0%
github.com/hollis-labs/nanite/internal/toolclient/broker.go:170:				SelectToolsAugmented					90.0%
github.com/hollis-labs/nanite/internal/toolclient/broker.go:200:				IsBuiltinTool						0.0%
github.com/hollis-labs/nanite/internal/toolclient/broker.go:223:				RegisterTools						100.0%
github.com/hollis-labs/nanite/internal/toolclient/broker.go:249:				catalogTools						88.9%
github.com/hollis-labs/nanite/internal/toolclient/broker.go:291:				selectToolsUncapped					100.0%
github.com/hollis-labs/nanite/internal/toolclient/broker.go:300:				toolTokenBudget						77.8%
github.com/hollis-labs/nanite/internal/toolclient/broker.go:328:				SelectTools						91.7%
github.com/hollis-labs/nanite/internal/toolclient/broker.go:366:				isDevTool						100.0%
github.com/hollis-labs/nanite/internal/toolclient/broker.go:380:				developerModeEnabled					44.4%
github.com/hollis-labs/nanite/internal/toolclient/broker.go:416:				SelectToolsAsProvider					89.5%
github.com/hollis-labs/nanite/internal/toolclient/broker.go:499:				CallTool						85.7%
github.com/hollis-labs/nanite/internal/toolclient/broker.go:523:				CallToolWithPolicyCheck					100.0%
github.com/hollis-labs/nanite/internal/toolclient/broker.go:545:				HandleRequestToolsForAgent				90.0%
github.com/hollis-labs/nanite/internal/toolclient/broker.go:597:				isToolGrantedToAgent					75.0%
github.com/hollis-labs/nanite/internal/toolclient/broker.go:636:				ListToolSummaries					80.0%
github.com/hollis-labs/nanite/internal/toolclient/broker.go:649:				GetToolsByNames						100.0%
github.com/hollis-labs/nanite/internal/toolclient/broker.go:667:				ListTools						100.0%
github.com/hollis-labs/nanite/internal/toolclient/broker.go:684:				ListServers						0.0%
github.com/hollis-labs/nanite/internal/toolclient/broker.go:702:				EstimateToolTokens					100.0%
github.com/hollis-labs/nanite/internal/toolclient/broker.go:712:				PruneToolsToTokenBudget					100.0%
github.com/hollis-labs/nanite/internal/toolclient/broker.go:719:				EstimateToolDefTokens					57.1%
github.com/hollis-labs/nanite/internal/toolclient/broker.go:742:				PruneToolDefsToTokenBudget				92.9%
github.com/hollis-labs/nanite/internal/toolclient/broker.go:782:				FinalizeToolSelection					0.0%
github.com/hollis-labs/nanite/internal/toolclient/builtin.go:18:				NewBuiltinToolRegistry					100.0%
github.com/hollis-labs/nanite/internal/toolclient/builtin.go:26:				RegisterBuiltins					100.0%
github.com/hollis-labs/nanite/internal/toolclient/builtin.go:33:				GetBuiltins						100.0%
github.com/hollis-labs/nanite/internal/toolclient/builtin.go:46:				GetBuiltinsByCategory					100.0%
github.com/hollis-labs/nanite/internal/toolclient/builtin.go:53:				Count							100.0%
github.com/hollis-labs/nanite/internal/toolclient/builtin.go:69:				Has							0.0%
github.com/hollis-labs/nanite/internal/toolclient/config.go:54:					DefaultConfig						100.0%
github.com/hollis-labs/nanite/internal/toolclient/intent.go:19:					SelectByIntent						95.5%
github.com/hollis-labs/nanite/internal/toolclient/intent.go:66:					scoreToolAgainstIntent					100.0%
github.com/hollis-labs/nanite/internal/toolclient/intent.go:84:					tokeniseIntent						93.3%
github.com/hollis-labs/nanite/internal/toolclient/memory_signal.go:57:				ToolPatternsNamespace					0.0%
github.com/hollis-labs/nanite/internal/toolclient/memory_signal.go:76:				NewMemoryRecaller					0.0%
github.com/hollis-labs/nanite/internal/toolclient/memory_signal.go:83:				NewMemoryRecallerNS					0.0%
github.com/hollis-labs/nanite/internal/toolclient/memory_signal.go:91:				RecallToolPatterns					0.0%
github.com/hollis-labs/nanite/internal/toolclient/memory_signal.go:130:				RecordToolPattern					14.3%
github.com/hollis-labs/nanite/internal/toolclient/memory_signal.go:175:				parseToolNames						100.0%
github.com/hollis-labs/nanite/internal/toolclient/memory_signal.go:199:				slugifyForVanta						88.2%
github.com/hollis-labs/nanite/internal/toolclient/meta_tools.go:15:				RequestToolsMetaTool					100.0%
github.com/hollis-labs/nanite/internal/toolclient/meta_tools.go:49:				HandleRequestTools					100.0%
github.com/hollis-labs/nanite/internal/toolclient/meta_tools.go:121:				FetchToolResultMetaTool					100.0%
github.com/hollis-labs/nanite/internal/toolclient/meta_tools.go:155:				SearchToolResultMetaTool				100.0%
github.com/hollis-labs/nanite/internal/toolclient/meta_tools.go:188:				MetaToolNames						0.0%
github.com/hollis-labs/nanite/internal/toolclient/permissions.go:14:				MatchPattern						0.0%
github.com/hollis-labs/nanite/internal/toolclient/permissions.go:34:				ArgsContainEscalationPattern				100.0%
github.com/hollis-labs/nanite/internal/toolclient/permissions.go:43:				valueContainsEscalation					100.0%
github.com/hollis-labs/nanite/internal/toolclient/ranking.go:64:				RankTools						78.3%
github.com/hollis-labs/nanite/internal/toolclient/ranking.go:189:				SelectWithSignals					86.7%
github.com/hollis-labs/nanite/internal/toolclient/ranking.go:314:				signalsJSON						100.0%
github.com/hollis-labs/nanite/internal/toolclient/skills.go:70:					MatchingSkills						100.0%
github.com/hollis-labs/nanite/internal/toolclient/skills.go:85:					skillMatches						80.0%
github.com/hollis-labs/nanite/internal/toolclient/skills.go:102:				LoadSkillsFromDir					64.7%
github.com/hollis-labs/nanite/internal/toolclient/skills.go:157:				parseSkillFile						86.5%
github.com/hollis-labs/nanite/internal/toolclient/skills.go:230:				DefaultSkillsPath					0.0%
github.com/hollis-labs/nanite/internal/toolclient/tool_knowledge.go:26:				ForIntent						92.3%
github.com/hollis-labs/nanite/internal/toolclient/tool_knowledge.go:51:				entryMatchesKeywords					100.0%
github.com/hollis-labs/nanite/internal/toolclient/tool_knowledge.go:67:				Summary							78.9%
github.com/hollis-labs/nanite/internal/toolclient/tool_knowledge.go:108:			containsStr						75.0%
github.com/hollis-labs/nanite/internal/toolclient/tool_knowledge.go:119:			DefaultToolKnowledge					100.0%
github.com/hollis-labs/nanite/internal/truncate/truncate.go:61:					computeDynamicMaxChars					91.7%
github.com/hollis-labs/nanite/internal/truncate/truncate.go:90:					WithDelegationHint					0.0%
github.com/hollis-labs/nanite/internal/truncate/truncate.go:109:				outputDir						100.0%
github.com/hollis-labs/nanite/internal/truncate/truncate.go:123:				Output							100.0%
github.com/hollis-labs/nanite/internal/truncate/truncate.go:138:				OutputForModel						100.0%
github.com/hollis-labs/nanite/internal/truncate/truncate.go:147:				outputWithCap						71.4%
github.com/hollis-labs/nanite/internal/truncate/truncate.go:257:				Cleanup							0.0%
github.com/hollis-labs/nanite/internal/worker/manager.go:55:					NewManager						75.0%
github.com/hollis-labs/nanite/internal/worker/manager.go:74:					SpawnFull						75.4%
github.com/hollis-labs/nanite/internal/worker/manager.go:206:					SpawnLight						78.6%
github.com/hollis-labs/nanite/internal/worker/manager.go:241:					List							100.0%
github.com/hollis-labs/nanite/internal/worker/manager.go:253:					Cancel							81.8%
github.com/hollis-labs/nanite/internal/worker/manager.go:274:					ActiveCount						100.0%
github.com/hollis-labs/nanite/internal/worker/manager.go:290:					ReapStale						0.0%
github.com/hollis-labs/nanite/internal/worker/manager.go:337:					Shutdown						100.0%
github.com/hollis-labs/nanite/internal/worker/manager.go:354:					writeWorkerStatus					40.0%
github.com/hollis-labs/nanite/internal/worker/manager.go:375:					heartbeatLoop						15.4%
github.com/hollis-labs/nanite/internal/worker/worker.go:81:					GetStatus						100.0%
github.com/hollis-labs/nanite/internal/worker/worker.go:88:					SetStatus						100.0%
github.com/hollis-labs/nanite/internal/worker/worker.go:95:					GetSessionID						0.0%
github.com/hollis-labs/nanite/internal/worker/worker.go:102:					SetSessionID						100.0%
github.com/hollis-labs/nanite/internal/worker/worker.go:109:					GetWorktreePath						100.0%
github.com/hollis-labs/nanite/internal/worker/worker.go:116:					SetWorktreePath						0.0%
github.com/hollis-labs/nanite/internal/worker/worker.go:124:					Snapshot						100.0%
github.com/hollis-labs/nanite/internal/workflow/broadcaster.go:12:				NewBroadcaster						0.0%
github.com/hollis-labs/nanite/internal/workflow/broadcaster.go:17:				Subscribe						0.0%
github.com/hollis-labs/nanite/internal/workflow/broadcaster.go:26:				Unsubscribe						0.0%
github.com/hollis-labs/nanite/internal/workflow/broadcaster.go:41:				Broadcast						0.0%
github.com/hollis-labs/nanite/internal/workflow/executor.go:36:					WithEventHandler					100.0%
github.com/hollis-labs/nanite/internal/workflow/executor.go:43:					NewExecutor						100.0%
github.com/hollis-labs/nanite/internal/workflow/executor.go:51:					emit							100.0%
github.com/hollis-labs/nanite/internal/workflow/executor.go:58:					Run							85.4%
github.com/hollis-labs/nanite/internal/workflow/executor.go:352:				executeWithRetry					90.9%
github.com/hollis-labs/nanite/internal/workflow/executor.go:392:				topoSort						100.0%
github.com/hollis-labs/nanite/internal/workflow/executor.go:427:				topoLevels						100.0%
github.com/hollis-labs/nanite/internal/workflow/executor.go:463:				copyResults						100.0%
github.com/hollis-labs/nanite/internal/workflow/handlers.go:19:					Execute							66.7%
github.com/hollis-labs/nanite/internal/workflow/handlers.go:33:					Execute							71.4%
github.com/hollis-labs/nanite/internal/workflow/handlers.go:74:					Execute							0.0%
github.com/hollis-labs/nanite/internal/workflow/handlers.go:133:				Execute							68.4%
github.com/hollis-labs/nanite/internal/workflow/handlers.go:225:				Execute							78.6%
github.com/hollis-labs/nanite/internal/workflow/loader.go:54:					LoadFile						0.0%
github.com/hollis-labs/nanite/internal/workflow/loader.go:63:					Load							81.8%
github.com/hollis-labs/nanite/internal/workflow/loader.go:111:					convertStep						46.0%
github.com/hollis-labs/nanite/internal/workflow/loader.go:219:					validateNoCycles					90.0%
github.com/hollis-labs/nanite/internal/workflow/store.go:29:					NewRunStore						66.7%
github.com/hollis-labs/nanite/internal/workflow/store.go:42:					Add							100.0%
github.com/hollis-labs/nanite/internal/workflow/store.go:69:					Get							100.0%
github.com/hollis-labs/nanite/internal/workflow/store.go:82:					List							100.0%
github.com/hollis-labs/nanite/internal/workflow/store.go:102:					AppendEvent						83.3%
github.com/hollis-labs/nanite/internal/workflowrunner/launch.go:80:				CallbackToolNames					100.0%
github.com/hollis-labs/nanite/internal/workflowrunner/launch.go:161:				validate						66.7%
github.com/hollis-labs/nanite/internal/workflowrunner/launch.go:182:				Launch							86.0%
github.com/hollis-labs/nanite/internal/workflowrunner/launch.go:278:				classifyRunResult					100.0%
github.com/hollis-labs/nanite/internal/workflowrunner/launch.go:305:				renderMCPJSON						92.9%
github.com/hollis-labs/nanite/internal/workflowrunner/launch.go:355:				Write							83.3%
github.com/hollis-labs/nanite/internal/workflowrunner/scripts.go:29:				MaterializeScripts					73.7%
github.com/hollis-labs/nanite/internal/workspace/walkup.go:124:					WalkUp							88.5%
github.com/hollis-labs/nanite/internal/workspace/walkup.go:188:					readDirEntries						92.3%
github.com/hollis-labs/nanite/internal/workspace/walkup.go:228:					isEligibleInstructionFile				84.6%
github.com/hollis-labs/nanite/internal/workspace/walkup.go:264:					readCapped						81.8%
github.com/hollis-labs/nanite/internal/workspace/walkup.go:284:					concatenate						100.0%
github.com/hollis-labs/nanite/internal/workspace/walkup.go:324:					NewCache						100.0%
github.com/hollis-labs/nanite/internal/workspace/walkup.go:345:					Refresh							83.3%
github.com/hollis-labs/nanite/internal/workspace/walkup.go:379:					Invalidate						75.0%
github.com/hollis-labs/nanite/internal/workspace/walkup.go:401:					isStale							83.3%
github.com/hollis-labs/nanite/internal/worktree/manager.go:53:					NewManager						70.0%
github.com/hollis-labs/nanite/internal/worktree/manager.go:77:					Create							92.9%
github.com/hollis-labs/nanite/internal/worktree/manager.go:107:					Cleanup							84.2%
github.com/hollis-labs/nanite/internal/worktree/manager.go:142:					CleanupOrphaned						87.1%
github.com/hollis-labs/nanite/internal/worktree/manager.go:196:					List							100.0%
github.com/hollis-labs/nanite/internal/worktree/manager.go:207:					GetPath							83.3%
github.com/hollis-labs/nanite/internal/worktree/noop.go:9:					NewNoopManager						100.0%
github.com/hollis-labs/nanite/internal/worktree/noop.go:11:					Create							100.0%
github.com/hollis-labs/nanite/internal/worktree/noop.go:15:					Cleanup							100.0%
github.com/hollis-labs/nanite/internal/worktree/noop.go:17:					CleanupOrphaned						100.0%
github.com/hollis-labs/nanite/internal/worktree/noop.go:21:					List							100.0%
github.com/hollis-labs/nanite/internal/worktree/noop.go:23:					GetPath							100.0%
total:												(statements)						60.9%
