cmd/nanite/admin_export_decisions.go:107:16: Error return value of `db.Close` is not checked (errcheck)
	defer db.Close()
	              ^
cmd/nanite/admin_export_decisions.go:219:18: Error return value of `rows.Close` is not checked (errcheck)
	defer rows.Close()
	                ^
cmd/nanite/chat_cmd.go:41:10: Error return value of `fs.Parse` is not checked (errcheck)
	fs.Parse(args)
	        ^
cmd/nanite/harness_client.go:152:23: Error return value of `resp.Body.Close` is not checked (errcheck)
	defer resp.Body.Close()
	                     ^
cmd/nanite/harness_client.go:268:18: Error return value of `resp.Body.Close` is not checked (errcheck)
		resp.Body.Close()
		               ^
cmd/nanite/main.go:103:10: Error return value of `fs.Parse` is not checked (errcheck)
	fs.Parse(args)
	        ^
cmd/nanite/main.go:140:24: Error return value of `logCloser.Close` is not checked (errcheck)
		defer logCloser.Close()
		                     ^
cmd/nanite/main.go:171:21: Error return value is not checked (errcheck)
		defer otelShutdown(otelCtx)
		                  ^
cmd/nanite/main.go:179:15: Error return value of `s.Close` is not checked (errcheck)
	defer s.Close()
	             ^
cmd/nanite/main.go:328:25: Error return value of `coordStore.Close` is not checked (errcheck)
		defer coordStore.Close()
		                      ^
cmd/nanite/main.go:1248:19: Error return value of `json.Unmarshal` is not checked (errcheck)
				json.Unmarshal([]byte(cfg.Args), &args)
				              ^
cmd/nanite/main.go:1252:19: Error return value of `json.Unmarshal` is not checked (errcheck)
				json.Unmarshal([]byte(cfg.Env), &envVars)
				              ^
cmd/nanite/main.go:1361:10: Error return value of `fs.Parse` is not checked (errcheck)
	fs.Parse(args)
	        ^
cmd/nanite/main.go:1371:15: Error return value of `s.Close` is not checked (errcheck)
	defer s.Close()
	             ^
cmd/nanite/mcp_cmd.go:43:15: Error return value of `s.Close` is not checked (errcheck)
	defer s.Close()
	             ^
cmd/nanite/mcp_cmd.go:80:15: Error return value of `s.Close` is not checked (errcheck)
	defer s.Close()
	             ^
cmd/nanite/mcp_cmd.go:96:18: Error return value of `os.Stdout.Write` is not checked (errcheck)
		os.Stdout.Write(data)
		               ^
cmd/nanite/mcp_cmd.go:102:14: Error return value of `os.MkdirAll` is not checked (errcheck)
		os.MkdirAll(dir, 0755)
		           ^
cmd/nanite/message_cmd.go:93:15: Error return value of `s.Close` is not checked (errcheck)
	defer s.Close()
	             ^
cmd/nanite/message_cmd.go:130:10: Error return value of `fs.Parse` is not checked (errcheck)
	fs.Parse(args)
	        ^
cmd/nanite/message_cmd.go:185:10: Error return value of `fs.Parse` is not checked (errcheck)
	fs.Parse(args)
	        ^
cmd/nanite/message_cmd.go:223:10: Error return value of `fs.Parse` is not checked (errcheck)
	fs.Parse(args)
	        ^
cmd/nanite/message_cmd.go:249:10: Error return value of `fs.Parse` is not checked (errcheck)
	fs.Parse(args)
	        ^
cmd/nanite/message_cmd.go:268:10: Error return value of `fs.Parse` is not checked (errcheck)
	fs.Parse(args)
	        ^
cmd/nanite/message_cmd.go:287:10: Error return value of `fs.Parse` is not checked (errcheck)
	fs.Parse(args)
	        ^
cmd/nanite/message_cmd.go:323:11: Error return value of `fs.Parse` is not checked (errcheck)
		fs.Parse(rest)
		        ^
cmd/nanite/message_cmd.go:353:11: Error return value of `fs.Parse` is not checked (errcheck)
		fs.Parse(rest)
		        ^
cmd/nanite/plugin_cmd.go:223:23: Error return value of `resp.Body.Close` is not checked (errcheck)
	defer resp.Body.Close()
	                     ^
cmd/nanite/plugin_cmd.go:341:16: Error return value of `os.RemoveAll` is not checked (errcheck)
			os.RemoveAll(target)
			            ^
cmd/nanite/plugin_cmd.go:390:13: Error return value of `os.MkdirAll` is not checked (errcheck)
	os.MkdirAll(dir, 0755)
	           ^
cmd/nanite/plugin_cmd.go:407:15: Error return value of `os.RemoveAll` is not checked (errcheck)
		os.RemoveAll(target)
		            ^
cmd/nanite/plugin_cmd.go:415:15: Error return value of `os.RemoveAll` is not checked (errcheck)
		os.RemoveAll(target)
		            ^
cmd/nanite/plugin_cmd.go:486:16: Error return value of `in.Close` is not checked (errcheck)
	defer in.Close()
	              ^
cmd/nanite/plugin_dev_cmd.go:63:23: Error return value of `resp.Body.Close` is not checked (errcheck)
	defer resp.Body.Close()
	                     ^
cmd/nanite/plugin_logs.go:31:15: Error return value of `f.Close` is not checked (errcheck)
	defer f.Close()
	             ^
cmd/nanite/serve_autostart.go:141:23: Error return value of `resp.Body.Close` is not checked (errcheck)
	defer resp.Body.Close()
	                     ^
internal/agent/managed_files.go:217:17: Error return value of `os.Remove` is not checked (errcheck)
	defer os.Remove(tmpName)
	               ^
internal/agent/managed_files.go:219:12: Error return value of `tmp.Close` is not checked (errcheck)
		tmp.Close()
		         ^
internal/agent/managed_files.go:223:12: Error return value of `tmp.Close` is not checked (errcheck)
		tmp.Close()
		         ^
internal/agent/reflexes/state.go:122:18: Error return value of `rows.Close` is not checked (errcheck)
	defer rows.Close()
	                ^
internal/agent/reflexes/state.go:153:18: Error return value of `rows.Close` is not checked (errcheck)
	defer rows.Close()
	                ^
internal/api/a2a_jsonrpc.go:305:27: Error return value of `(*encoding/json.Encoder).Encode` is not checked (errcheck)
	json.NewEncoder(w).Encode(resp)
	                         ^
internal/api/a2a_jsonrpc.go:314:27: Error return value of `(*encoding/json.Encoder).Encode` is not checked (errcheck)
	json.NewEncoder(w).Encode(resp)
	                         ^
internal/api/api.go:532:27: Error return value of `(*encoding/json.Encoder).Encode` is not checked (errcheck)
	json.NewEncoder(w).Encode(data)
	                         ^
internal/api/api.go:542:20: Error return value of `r.Body.Close` is not checked (errcheck)
	defer r.Body.Close()
	                  ^
internal/api/artifacts.go:122:15: Error return value of `f.Close` is not checked (errcheck)
	defer f.Close()
	             ^
internal/api/artifacts.go:129:9: Error return value of `io.Copy` is not checked (errcheck)
	io.Copy(w, f)
	       ^
internal/api/artifacts.go:163:18: Error return value of `file.Close` is not checked (errcheck)
	defer file.Close()
	                ^
internal/api/artifacts.go:210:17: Error return value of `dst.Close` is not checked (errcheck)
	defer dst.Close()
	               ^
internal/api/autocomplete.go:63:15: Error return value of `filepath.Walk` is not checked (errcheck)
	filepath.Walk(root, func(path string, info os.FileInfo, err error) error {
	             ^
internal/api/catalog.go:58:27: Error return value of `(*encoding/json.Encoder).Encode` is not checked (errcheck)
	json.NewEncoder(w).Encode(data)
	                         ^
internal/api/catalog.go:320:17: Error return value of `os.Remove` is not checked (errcheck)
	defer os.Remove(tmpPath)
	               ^
internal/api/catalog.go:324:16: Error return value of `tmpFile.Close` is not checked (errcheck)
		tmpFile.Close()
		             ^
internal/api/catalog.go:332:16: Error return value of `tmpFile.Close` is not checked (errcheck)
		tmpFile.Close()
		             ^
internal/api/catalog.go:337:23: Error return value of `resp.Body.Close` is not checked (errcheck)
	defer resp.Body.Close()
	                     ^
internal/api/catalog.go:340:16: Error return value of `tmpFile.Close` is not checked (errcheck)
		tmpFile.Close()
		             ^
internal/api/catalog.go:349:16: Error return value of `tmpFile.Close` is not checked (errcheck)
		tmpFile.Close()
		             ^
internal/api/catalog.go:354:15: Error return value of `tmpFile.Close` is not checked (errcheck)
	tmpFile.Close()
	             ^
internal/api/catalog.go:385:20: Error return value of `os.RemoveAll` is not checked (errcheck)
	defer os.RemoveAll(extractDir)
	                  ^
internal/api/catalog.go:423:15: Error return value of `os.WriteFile` is not checked (errcheck)
		os.WriteFile(filepath.Join(pluginRoot, ".checksum"), []byte(entry.Checksum), 0644)
		            ^
internal/api/catalog.go:426:13: Error return value of `os.MkdirAll` is not checked (errcheck)
	os.MkdirAll(cs.pluginsDir, 0755)
	           ^
internal/api/catalog.go:428:15: Error return value of `os.RemoveAll` is not checked (errcheck)
		os.RemoveAll(target)
		            ^
internal/api/catalog.go:470:15: Error return value of `f.Close` is not checked (errcheck)
	defer f.Close()
	             ^
internal/api/mcp_servers.go:65:30: Error return value of `a.Services.MCP.AutoDiscover` is not checked (errcheck)
		a.Services.MCP.AutoDiscover(context.Background(), a.Services.Store)
		                           ^
internal/api/mcp_servers.go:113:30: Error return value of `a.Services.MCP.AutoDiscover` is not checked (errcheck)
		a.Services.MCP.AutoDiscover(context.Background(), a.Services.Store)
		                           ^
internal/api/mcp_servers.go:162:30: Error return value of `a.Services.MCP.AutoDiscover` is not checked (errcheck)
		a.Services.MCP.AutoDiscover(context.Background(), a.Services.Store)
		                           ^
internal/api/mcp_servers.go:186:9: Error return value of `w.Write` is not checked (errcheck)
	w.Write(data)
	       ^
internal/api/mcp_servers.go:199:18: Error return value of `json.Unmarshal` is not checked (errcheck)
			json.Unmarshal([]byte(cfg.Args), &args)
			              ^
internal/api/mcp_servers.go:203:18: Error return value of `json.Unmarshal` is not checked (errcheck)
			json.Unmarshal([]byte(cfg.Env), &env)
			              ^
internal/api/plugins.go:140:27: Error return value of `(*encoding/json.Encoder).Encode` is not checked (errcheck)
	json.NewEncoder(w).Encode(data)
	                         ^
internal/api/plugins.go:258:27: Error return value of `(*encoding/json.Encoder).Encode` is not checked (errcheck)
	json.NewEncoder(w).Encode(result)
	                         ^
internal/api/plugins.go:344:13: Error return value of `os.MkdirAll` is not checked (errcheck)
	os.MkdirAll(pms.pluginsDir, 0755)
	           ^
internal/api/plugins.go:367:15: Error return value of `os.RemoveAll` is not checked (errcheck)
		os.RemoveAll(target)
		            ^
internal/api/plugins.go:431:13: Error return value of `os.MkdirAll` is not checked (errcheck)
	os.MkdirAll(pms.pluginsDir, 0755)
	           ^
internal/api/plugins.go:435:15: Error return value of `os.RemoveAll` is not checked (errcheck)
		os.RemoveAll(target)
		            ^
internal/api/plugins.go:468:18: Error return value of `file.Close` is not checked (errcheck)
	defer file.Close()
	                ^
internal/api/plugins.go:477:17: Error return value of `os.Remove` is not checked (errcheck)
	defer os.Remove(tmpPath)
	               ^
internal/api/plugins.go:480:16: Error return value of `tmpFile.Close` is not checked (errcheck)
		tmpFile.Close()
		             ^
internal/api/plugins.go:484:15: Error return value of `tmpFile.Close` is not checked (errcheck)
	tmpFile.Close()
	             ^
internal/api/plugins.go:492:20: Error return value of `os.RemoveAll` is not checked (errcheck)
	defer os.RemoveAll(extractDir)
	                  ^
internal/api/plugins.go:552:13: Error return value of `os.MkdirAll` is not checked (errcheck)
	os.MkdirAll(pms.pluginsDir, 0755)
	           ^
internal/api/plugins.go:555:15: Error return value of `os.RemoveAll` is not checked (errcheck)
		os.RemoveAll(target)
		            ^
internal/api/plugins.go:973:16: Error return value of `in.Close` is not checked (errcheck)
	defer in.Close()
	              ^
internal/api/plugins.go:984:17: Error return value of `out.Close` is not checked (errcheck)
	defer out.Close()
	               ^
internal/api/plugins.go:1002:15: Error return value of `f.Close` is not checked (errcheck)
	defer f.Close()
	             ^
internal/api/plugins.go:1008:16: Error return value of `gz.Close` is not checked (errcheck)
	defer gz.Close()
	              ^
internal/api/plugins.go:1088:16: Error return value of `zr.Close` is not checked (errcheck)
	defer zr.Close()
	              ^
internal/api/plugins.go:1132:12: Error return value of `rc.Close` is not checked (errcheck)
			rc.Close()
			        ^
internal/api/plugins.go:1141:11: Error return value of `rc.Close` is not checked (errcheck)
		rc.Close()
		        ^
internal/api/shell.go:229:17: Error return value of `json.Unmarshal` is not checked (errcheck)
		json.Unmarshal([]byte(sess.Metadata), &meta)
		              ^
internal/builders/registry.go:67:12: Error return value of `r.Register` is not checked (errcheck)
	r.Register(NewAgentBuilder(s))
	          ^
internal/builders/registry.go:68:12: Error return value of `r.Register` is not checked (errcheck)
	r.Register(NewSkillBuilder(s))
	          ^
internal/chat/activity.go:101:17: Error return value of `resp.Body.Close` is not checked (errcheck)
	resp.Body.Close()
	               ^
internal/chat/engine.go:126:16: Error return value of `json.Unmarshal` is not checked (errcheck)
	json.Unmarshal([]byte(raw), &c)
	              ^
internal/cli/installcmd/installcmd.go:30:10: Error return value of `fs.Parse` is not checked (errcheck)
	fs.Parse(args)
	        ^
internal/crossapp/engine_client.go:53:23: Error return value of `resp.Body.Close` is not checked (errcheck)
	defer resp.Body.Close()
	                     ^
internal/mcp/code_exec_tools.go:132:17: Error return value of `os.Remove` is not checked (errcheck)
	defer os.Remove(scriptPath)
	               ^
internal/mcp/dev_tools.go:658:15: Error return value of `f.Close` is not checked (errcheck)
	defer f.Close()
	             ^
internal/mcp/dev_tools.go:783:16: Error return value of `f.Close` is not checked (errcheck)
		defer f.Close()
		             ^
internal/mcp/general_tools.go:440:23: Error return value of `resp.Body.Close` is not checked (errcheck)
	defer resp.Body.Close()
	                     ^
internal/mcp/http_transport.go:159:23: Error return value of `resp.Body.Close` is not checked (errcheck)
	defer resp.Body.Close()
	                     ^
internal/mcp/manager.go:177:15: Error return value of `closer.Close` is not checked (errcheck)
		closer.Close()
		            ^
internal/mcp/manager.go:1035:16: Error return value of `closer.Close` is not checked (errcheck)
			closer.Close()
			            ^
internal/mcp/web_fetch_resilience.go:335:19: Error return value of `resp.Body.Close` is not checked (errcheck)
			resp.Body.Close()
			               ^
internal/mcp/web_fetch_resilience.go:348:19: Error return value of `resp.Body.Close` is not checked (errcheck)
			resp.Body.Close()
			               ^
internal/mcp/web_fetch_resilience.go:369:19: Error return value of `resp.Body.Close` is not checked (errcheck)
			resp.Body.Close()
			               ^
internal/mcp/web_fetch_resilience.go:389:18: Error return value of `resp.Body.Close` is not checked (errcheck)
		resp.Body.Close()
		               ^
internal/mcpconfig/mcpconfig.go:145:18: Error return value of `json.Unmarshal` is not checked (errcheck)
			json.Unmarshal([]byte(sc.Args), &entry.Args)
			              ^
internal/mcpconfig/mcpconfig.go:150:18: Error return value of `json.Unmarshal` is not checked (errcheck)
			json.Unmarshal([]byte(sc.Env), &envSlice)
			              ^
internal/mcpserver/self_proxy.go:82:23: Error return value of `resp.Body.Close` is not checked (errcheck)
	defer resp.Body.Close()
	                     ^
internal/messaging/events.go:178:18: Error return value of `rows.Close` is not checked (errcheck)
	defer rows.Close()
	                ^
internal/messaging/sqlite.go:144:18: Error return value of `rows.Close` is not checked (errcheck)
	defer rows.Close()
	                ^
internal/messaging/sqlite.go:160:18: Error return value of `rows.Close` is not checked (errcheck)
	defer rows.Close()
	                ^
internal/messaging/sqlite.go:188:18: Error return value of `rows.Close` is not checked (errcheck)
	defer rows.Close()
	                ^
internal/plugin/agent_profiles.go:168:15: Error return value of `f.Close` is not checked (errcheck)
	defer f.Close()
	             ^
internal/plugin/catalog.go:154:23: Error return value of `resp.Body.Close` is not checked (errcheck)
	defer resp.Body.Close()
	                     ^
internal/plugin/catalog.go:224:13: Error return value of `os.MkdirAll` is not checked (errcheck)
	os.MkdirAll(cf.cacheDir, 0755)
	           ^
internal/plugin/catalog.go:261:15: Error return value of `f.Close` is not checked (errcheck)
	defer f.Close()
	             ^
internal/plugin/catalog/fetch.go:172:23: Error return value of `resp.Body.Close` is not checked (errcheck)
	defer resp.Body.Close()
	                     ^
internal/plugin/crud.go:51:20: Error return value of `r.Body.Close` is not checked (errcheck)
	defer r.Body.Close()
	                  ^
internal/plugin/crud.go:92:20: Error return value of `r.Body.Close` is not checked (errcheck)
	defer r.Body.Close()
	                  ^
internal/plugin/install/download.go:67:23: Error return value of `resp.Body.Close` is not checked (errcheck)
	defer resp.Body.Close()
	                     ^
internal/plugin/install/extract.go:97:15: Error return value of `f.Close` is not checked (errcheck)
	defer f.Close()
	             ^
internal/plugin/install/extract.go:103:16: Error return value of `gz.Close` is not checked (errcheck)
	defer gz.Close()
	              ^
internal/plugin/install/extract.go:283:16: Error return value of `in.Close` is not checked (errcheck)
	defer in.Close()
	              ^
internal/plugin/install/verify.go:118:15: Error return value of `f.Close` is not checked (errcheck)
	defer f.Close()
	             ^
internal/plugin/scaffold/scaffold.go:212:12: Error return value of `f.Close` is not checked (errcheck)
				f.Close()
				       ^
internal/plugin/signature.go:90:15: Error return value of `f.Close` is not checked (errcheck)
	defer f.Close()
	             ^
internal/plugin/subprocess/plugin.go:198:14: Error return value of `sp.mgr.Stop` is not checked (errcheck)
		sp.mgr.Stop()
		           ^
internal/plugin/subprocess/plugin.go:203:14: Error return value of `sp.mgr.Stop` is not checked (errcheck)
		sp.mgr.Stop()
		           ^
internal/plugin/subprocess/plugin.go:211:14: Error return value of `sp.mgr.Stop` is not checked (errcheck)
		sp.mgr.Stop()
		           ^
internal/plugin/subprocess/plugin.go:225:14: Error return value of `sp.mgr.Stop` is not checked (errcheck)
		sp.mgr.Stop()
		           ^
internal/plugin/subprocess/transport.go:135:10: Error return value of `t.Close` is not checked (errcheck)
		t.Close()
		       ^
internal/plugin/subprocess/transport.go:138:10: Error return value of `t.Close` is not checked (errcheck)
		t.Close()
		       ^
internal/sandbox/exec.go:125:19: Error return value of `proxy.Stop` is not checked (errcheck)
		defer proxy.Stop()
		                ^
internal/sandbox/os_darwin.go:157:10: Error return value of `f.Close` is not checked (errcheck)
		f.Close()
		       ^
internal/sandbox/os_darwin.go:158:12: Error return value of `os.Remove` is not checked (errcheck)
		os.Remove(profilePath)
		         ^
internal/sandbox/os_darwin.go:161:9: Error return value of `f.Close` is not checked (errcheck)
	f.Close()
	       ^
internal/sandbox/os_darwin.go:174:27: Error return value of `os.Remove` is not checked (errcheck)
	return func() { os.Remove(profilePath) }, nil
	                         ^
internal/sandbox/proxy.go:524:23: Error return value of `resp.Body.Close` is not checked (errcheck)
	defer resp.Body.Close()
	                     ^
internal/selftools/reactions/internal_api_call.go:81:23: Error return value of `resp.Body.Close` is not checked (errcheck)
	defer resp.Body.Close()
	                     ^
internal/selftools/self_tools_python.go:263:15: Error return value of `pyReqR.Close` is not checked (errcheck)
		pyReqR.Close()
		            ^
internal/selftools/self_tools_python.go:264:15: Error return value of `pyReqW.Close` is not checked (errcheck)
		pyReqW.Close()
		            ^
internal/selftools/self_tools_python.go:267:20: Error return value of `pyReqR.Close` is not checked (errcheck)
	defer pyReqR.Close()
	                  ^
internal/selftools/self_tools_python.go:268:20: Error return value of `pyReqW.Close` is not checked (errcheck)
	defer pyReqW.Close()
	                  ^
internal/selftools/self_tools_python.go:269:21: Error return value of `pyRespR.Close` is not checked (errcheck)
	defer pyRespR.Close()
	                   ^
internal/selftools/self_tools_python.go:270:21: Error return value of `pyRespW.Close` is not checked (errcheck)
	defer pyRespW.Close()
	                   ^
internal/selftools/self_tools_python.go:316:14: Error return value of `pyReqW.Close` is not checked (errcheck)
	pyReqW.Close()
	            ^
internal/selftools/self_tools_python.go:317:15: Error return value of `pyRespR.Close` is not checked (errcheck)
	pyRespR.Close()
	             ^
internal/selftools/self_tools_python.go:325:22: Error return value of `pyRespW.Close` is not checked (errcheck)
		defer pyRespW.Close() // close resp write-end when pump exits → Python readline returns ""
		                   ^
internal/server/server.go:224:27: Error return value of `(*encoding/json.Encoder).Encode` is not checked (errcheck)
	json.NewEncoder(w).Encode(map[string]string{
	                         ^
internal/server/server.go:437:27: Error return value of `(*encoding/json.Encoder).Encode` is not checked (errcheck)
	json.NewEncoder(w).Encode(map[string]interface{}{
	                         ^
internal/server/server.go:460:27: Error return value of `(*encoding/json.Encoder).Encode` is not checked (errcheck)
	json.NewEncoder(w).Encode(map[string]interface{}{
	                         ^
internal/server/server.go:474:27: Error return value of `(*encoding/json.Encoder).Encode` is not checked (errcheck)
	json.NewEncoder(w).Encode(slots)
	                         ^
internal/server/server.go:553:20: Error return value of `r.Body.Close` is not checked (errcheck)
	defer r.Body.Close()
	                  ^
internal/server/server.go:596:27: Error return value of `(*encoding/json.Encoder).Encode` is not checked (errcheck)
	json.NewEncoder(w).Encode(map[string]string{"status": "ok"})
	                         ^
internal/server/spa.go:36:10: Error return value of `w.Write` is not checked (errcheck)
		w.Write([]byte(placeholderHTML))
		       ^
internal/server/spa.go:45:10: Error return value of `w.Write` is not checked (errcheck)
		w.Write([]byte(placeholderHTML))
		       ^
internal/server/spa.go:63:11: Error return value of `w.Write` is not checked (errcheck)
			w.Write([]byte(placeholderHTML))
			       ^
internal/server/spa.go:68:10: Error return value of `w.Write` is not checked (errcheck)
		w.Write(data)
		       ^
internal/server/spa.go:71:9: Error return value of `f.Close` is not checked (errcheck)
	f.Close()
	       ^
internal/service/a2a_push_notifier.go:196:23: Error return value of `resp.Body.Close` is not checked (errcheck)
	defer resp.Body.Close()
	                     ^
internal/service/container.go:1495:38: Error return value of `c.Coord.Close` is not checked (errcheck)
		run("coord", func() { c.Coord.Close() })
		                                   ^
internal/store/a2a_tasks.go:87:18: Error return value of `rows.Close` is not checked (errcheck)
	defer rows.Close()
	                ^
internal/store/agent_context_resolvers.go:176:18: Error return value of `rows.Close` is not checked (errcheck)
	defer rows.Close()
	                ^
internal/store/agent_context_resolvers.go:203:18: Error return value of `rows.Close` is not checked (errcheck)
	defer rows.Close()
	                ^
internal/store/agent_knowledge_seed.go:82:18: Error return value of `rows.Close` is not checked (errcheck)
	defer rows.Close()
	                ^
internal/store/agent_known_skills.go:81:18: Error return value of `rows.Close` is not checked (errcheck)
	defer rows.Close()
	                ^
internal/store/agent_known_tools.go:88:18: Error return value of `rows.Close` is not checked (errcheck)
	defer rows.Close()
	                ^
internal/store/agent_log.go:79:18: Error return value of `rows.Close` is not checked (errcheck)
	defer rows.Close()
	                ^
internal/store/agent_procedures.go:82:18: Error return value of `rows.Close` is not checked (errcheck)
	defer rows.Close()
	                ^
internal/store/agent_projects.go:28:18: Error return value of `rows.Close` is not checked (errcheck)
	defer rows.Close()
	                ^
internal/store/agent_projects.go:54:18: Error return value of `rows.Close` is not checked (errcheck)
	defer rows.Close()
	                ^
internal/store/agent_reflexes.go:323:18: Error return value of `rows.Close` is not checked (errcheck)
	defer rows.Close()
	                ^
internal/store/agent_reflexes.go:390:18: Error return value of `rows.Close` is not checked (errcheck)
	defer rows.Close()
	                ^
internal/store/agent_reflexes.go:415:18: Error return value of `rows.Close` is not checked (errcheck)
	defer rows.Close()
	                ^
internal/store/agent_reflexes.go:566:18: Error return value of `rows.Close` is not checked (errcheck)
	defer rows.Close()
	                ^
internal/store/agent_reflexes.go:696:18: Error return value of `rows.Close` is not checked (errcheck)
	defer rows.Close()
	                ^
internal/store/agent_reflexes.go:727:19: Error return value of `tx.Rollback` is not checked (errcheck)
	defer tx.Rollback()
	                 ^
internal/store/agent_runtime.go:193:18: Error return value of `rows.Close` is not checked (errcheck)
	defer rows.Close()
	                ^
internal/store/agent_runtime.go:214:18: Error return value of `rows.Close` is not checked (errcheck)
	defer rows.Close()
	                ^
internal/store/agent_schedules.go:212:18: Error return value of `rows.Close` is not checked (errcheck)
	defer rows.Close()
	                ^
internal/store/agent_schedules.go:246:18: Error return value of `rows.Close` is not checked (errcheck)
	defer rows.Close()
	                ^
internal/store/agent_schedules.go:352:18: Error return value of `rows.Close` is not checked (errcheck)
	defer rows.Close()
	                ^
internal/store/agent_schedules.go:474:14: Error return value of `rows.Close` is not checked (errcheck)
			rows.Close()
			          ^
internal/store/agent_schedules.go:482:12: Error return value of `rows.Close` is not checked (errcheck)
	rows.Close()
	          ^
internal/store/agent_tools.go:124:18: Error return value of `rows.Close` is not checked (errcheck)
	defer rows.Close()
	                ^
internal/store/agent_tools.go:198:18: Error return value of `rows.Close` is not checked (errcheck)
	defer rows.Close()
	                ^
internal/store/agents.go:620:19: Error return value of `tx.Rollback` is not checked (errcheck)
	defer tx.Rollback()
	                 ^
internal/store/agents.go:948:18: Error return value of `rows.Close` is not checked (errcheck)
	defer rows.Close()
	                ^
internal/store/agents.go:987:18: Error return value of `rows.Close` is not checked (errcheck)
	defer rows.Close()
	                ^
internal/store/agents.go:1006:18: Error return value of `rows.Close` is not checked (errcheck)
	defer rows.Close()
	                ^
internal/store/agents.go:1035:18: Error return value of `rows.Close` is not checked (errcheck)
	defer rows.Close()
	                ^
internal/store/agents.go:1061:18: Error return value of `rows.Close` is not checked (errcheck)
	defer rows.Close()
	                ^
internal/store/agents.go:1131:18: Error return value of `rows.Close` is not checked (errcheck)
	defer rows.Close()
	                ^
internal/store/agents.go:1199:18: Error return value of `rows.Close` is not checked (errcheck)
	defer rows.Close()
	                ^
internal/store/agents.go:1269:18: Error return value of `rows.Close` is not checked (errcheck)
	defer rows.Close()
	                ^
internal/store/artifacts.go:48:18: Error return value of `rows.Close` is not checked (errcheck)
	defer rows.Close()
	                ^
internal/store/artifacts.go:78:18: Error return value of `rows.Close` is not checked (errcheck)
	defer rows.Close()
	                ^
internal/store/artifacts.go:125:18: Error return value of `rows.Close` is not checked (errcheck)
	defer rows.Close()
	                ^
internal/store/bookmarks.go:31:18: Error return value of `rows.Close` is not checked (errcheck)
	defer rows.Close()
	                ^
internal/store/bottom_drawer_cards.go:47:18: Error return value of `rows.Close` is not checked (errcheck)
	defer rows.Close()
	                ^
internal/store/catalog.go:33:18: Error return value of `rows.Close` is not checked (errcheck)
	defer rows.Close()
	                ^
internal/store/compaction_events.go:92:18: Error return value of `rows.Close` is not checked (errcheck)
	defer rows.Close()
	                ^
internal/store/consumers.go:35:18: Error return value of `rows.Close` is not checked (errcheck)
	defer rows.Close()
	                ^
internal/store/documents.go:84:18: Error return value of `rows.Close` is not checked (errcheck)
	defer rows.Close()
	                ^
internal/store/documents.go:141:18: Error return value of `rows.Close` is not checked (errcheck)
	defer rows.Close()
	                ^
internal/store/durable_agents.go:252:18: Error return value of `rows.Close` is not checked (errcheck)
	defer rows.Close()
	                ^
internal/store/durable_agents.go:468:18: Error return value of `rows.Close` is not checked (errcheck)
	defer rows.Close()
	                ^
internal/store/durable_agents.go:508:18: Error return value of `rows.Close` is not checked (errcheck)
	defer rows.Close()
	                ^
internal/store/durable_agents.go:570:18: Error return value of `rows.Close` is not checked (errcheck)
	defer rows.Close()
	                ^
internal/store/durable_agents.go:610:18: Error return value of `rows.Close` is not checked (errcheck)
	defer rows.Close()
	                ^
internal/store/envelope_instances.go:104:18: Error return value of `rows.Close` is not checked (errcheck)
	defer rows.Close()
	                ^
internal/store/events.go:47:18: Error return value of `rows.Close` is not checked (errcheck)
	defer rows.Close()
	                ^
internal/store/execution_metrics.go:100:18: Error return value of `rows.Close` is not checked (errcheck)
	defer rows.Close()
	                ^
internal/store/execution_metrics.go:125:18: Error return value of `rows.Close` is not checked (errcheck)
	defer rows.Close()
	                ^
internal/store/execution_metrics.go:156:18: Error return value of `rows.Close` is not checked (errcheck)
	defer rows.Close()
	                ^
internal/store/execution_metrics.go:208:18: Error return value of `rows.Close` is not checked (errcheck)
	defer rows.Close()
	                ^
internal/store/grounding_log.go:108:18: Error return value of `rows.Close` is not checked (errcheck)
	defer rows.Close()
	                ^
internal/store/grounding_log.go:155:18: Error return value of `rows.Close` is not checked (errcheck)
	defer rows.Close()
	                ^
internal/store/known_tools.go:61:18: Error return value of `rows.Close` is not checked (errcheck)
	defer rows.Close()
	                ^
internal/store/known_tools.go:81:18: Error return value of `rows.Close` is not checked (errcheck)
	defer rows.Close()
	                ^
internal/store/known_tools.go:102:18: Error return value of `rows.Close` is not checked (errcheck)
	defer rows.Close()
	                ^
internal/store/known_tools.go:220:14: Error return value of `rows.Close` is not checked (errcheck)
			rows.Close()
			          ^
internal/store/known_tools.go:230:12: Error return value of `rows.Close` is not checked (errcheck)
	rows.Close()
	          ^
internal/store/mcp_servers.go:55:18: Error return value of `rows.Close` is not checked (errcheck)
	defer rows.Close()
	                ^
internal/store/models.go:71:19: Error return value of `tx.Rollback` is not checked (errcheck)
	defer tx.Rollback()
	                 ^
internal/store/pinned_content.go:109:18: Error return value of `rows.Close` is not checked (errcheck)
	defer rows.Close()
	                ^
internal/store/plans.go:142:18: Error return value of `rows.Close` is not checked (errcheck)
	defer rows.Close()
	                ^
internal/store/plugin_settings.go:121:18: Error return value of `rows.Close` is not checked (errcheck)
	defer rows.Close()
	                ^
internal/store/plugin_settings.go:134:17: Error return value of `json.Unmarshal` is not checked (errcheck)
		json.Unmarshal([]byte(settingsJSON), &ps.Settings)
		              ^
internal/store/plugin_settings.go:135:17: Error return value of `json.Unmarshal` is not checked (errcheck)
		json.Unmarshal([]byte(schemaJSON), &ps.Schema)
		              ^
internal/store/plugins.go:73:18: Error return value of `rows.Close` is not checked (errcheck)
	defer rows.Close()
	                ^
internal/store/projects.go:36:18: Error return value of `rows.Close` is not checked (errcheck)
	defer rows.Close()
	                ^
internal/store/providers.go:46:18: Error return value of `rows.Close` is not checked (errcheck)
	defer rows.Close()
	                ^
internal/store/providers.go:76:18: Error return value of `rows.Close` is not checked (errcheck)
	defer rows.Close()
	                ^
internal/store/recovery.go:103:18: Error return value of `rows.Close` is not checked (errcheck)
	defer rows.Close()
	                ^
internal/store/reflex_taxonomy.go:106:18: Error return value of `rows.Close` is not checked (errcheck)
	defer rows.Close()
	                ^
internal/store/reminders.go:143:18: Error return value of `rows.Close` is not checked (errcheck)
	defer rows.Close()
	                ^
internal/store/roles.go:102:18: Error return value of `rows.Close` is not checked (errcheck)
	defer rows.Close()
	                ^
internal/store/roles.go:219:18: Error return value of `rows.Close` is not checked (errcheck)
	defer rows.Close()
	                ^
internal/store/seed.go:32:19: Error return value of `tx.Rollback` is not checked (errcheck)
	defer tx.Rollback()
	                 ^
internal/store/seed.go:228:19: Error return value of `tx.Rollback` is not checked (errcheck)
	defer tx.Rollback()
	                 ^
internal/store/selftool_reactions.go:105:18: Error return value of `rows.Close` is not checked (errcheck)
	defer rows.Close()
	                ^
internal/store/session_halt.go:121:18: Error return value of `rows.Close` is not checked (errcheck)
	defer rows.Close()
	                ^
internal/store/session_halt.go:159:18: Error return value of `rows.Close` is not checked (errcheck)
	defer rows.Close()
	                ^
internal/store/session_objects.go:127:18: Error return value of `rows.Close` is not checked (errcheck)
	defer rows.Close()
	                ^
internal/store/sessions.go:137:18: Error return value of `rows.Close` is not checked (errcheck)
	defer rows.Close()
	                ^
internal/store/sessions.go:378:19: Error return value of `tx.Rollback` is not checked (errcheck)
	defer tx.Rollback()
	                 ^
internal/store/sessions.go:466:18: Error return value of `rows.Close` is not checked (errcheck)
	defer rows.Close()
	                ^
internal/store/sessions.go:519:18: Error return value of `rows.Close` is not checked (errcheck)
	defer rows.Close()
	                ^
internal/store/sessions.go:590:18: Error return value of `rows.Close` is not checked (errcheck)
	defer rows.Close()
	                ^
internal/store/sessions.go:647:19: Error return value of `tx.Rollback` is not checked (errcheck)
	defer tx.Rollback()
	                 ^
internal/store/sessions.go:763:19: Error return value of `tx.Rollback` is not checked (errcheck)
	defer tx.Rollback()
	                 ^
internal/store/sessions.go:870:19: Error return value of `tx.Rollback` is not checked (errcheck)
	defer tx.Rollback()
	                 ^
internal/store/sessions.go:951:18: Error return value of `rows.Close` is not checked (errcheck)
	defer rows.Close()
	                ^
internal/store/skills.go:68:18: Error return value of `rows.Close` is not checked (errcheck)
	defer rows.Close()
	                ^
internal/store/skills.go:206:18: Error return value of `rows.Close` is not checked (errcheck)
	defer rows.Close()
	                ^
internal/store/store.go:57:11: Error return value of `db.Close` is not checked (errcheck)
		db.Close()
		        ^
internal/store/store.go:69:11: Error return value of `db.Close` is not checked (errcheck)
		db.Close()
		        ^
internal/store/team_authority.go:168:18: Error return value of `rows.Close` is not checked (errcheck)
	defer rows.Close()
	                ^
internal/store/team_authority.go:275:18: Error return value of `rows.Close` is not checked (errcheck)
	defer rows.Close()
	                ^
internal/store/team_run_members.go:143:18: Error return value of `rows.Close` is not checked (errcheck)
	defer rows.Close()
	                ^
internal/store/team_run_members.go:177:18: Error return value of `rows.Close` is not checked (errcheck)
	defer rows.Close()
	                ^
internal/store/teams.go:562:18: Error return value of `rows.Close` is not checked (errcheck)
	defer rows.Close()
	                ^
internal/store/todos.go:179:18: Error return value of `rows.Close` is not checked (errcheck)
	defer rows.Close()
	                ^
internal/store/usage.go:123:18: Error return value of `rows.Close` is not checked (errcheck)
	defer rows.Close()
	                ^
internal/store/workflow_runs.go:206:18: Error return value of `rows.Close` is not checked (errcheck)
	defer rows.Close()
	                ^
internal/store/workflow_runs.go:313:18: Error return value of `rows.Close` is not checked (errcheck)
	defer rows.Close()
	                ^
internal/subagent/audit.go:108:14: Error return value of `rows.Close` is not checked (errcheck)
			rows.Close()
			          ^
internal/subagent/audit.go:115:13: Error return value of `rows.Close` is not checked (errcheck)
		rows.Close()
		          ^
internal/task/snapshot.go:81:18: Error return value of `rows.Close` is not checked (errcheck)
	defer rows.Close()
	                ^
internal/truncate/truncate.go:112:13: Error return value of `os.MkdirAll` is not checked (errcheck)
	os.MkdirAll(dir, 0755)
	           ^
internal/truncate/truncate.go:275:13: Error return value of `os.Remove` is not checked (errcheck)
			os.Remove(filepath.Join(dir, entry.Name()))
			         ^
internal/worker/manager.go:324:11: Error return value of `m.Cancel` is not checked (errcheck)
		m.Cancel(s.ID)
		        ^
internal/workflowrunner/launch.go:205:22: Error return value of `os.RemoveAll` is not checked (errcheck)
			defer os.RemoveAll(workDir)
			                  ^
internal/workspace/walkup.go:269:15: Error return value of `f.Close` is not checked (errcheck)
	defer f.Close()
	             ^
internal/worktree/manager.go:125:15: Error return value of `os.RemoveAll` is not checked (errcheck)
		os.RemoveAll(wt.Path)
		            ^
internal/worktree/manager.go:136:46: Error return value of `(*os/exec.Cmd).Run` is not checked (errcheck)
	exec.Command("git", "worktree", "prune").Run()
	                                            ^
internal/worktree/manager.go:175:10: Error return value of `cmd.Run` is not checked (errcheck)
		cmd.Run() // best-effort
		       ^
internal/worktree/manager.go:178:15: Error return value of `os.RemoveAll` is not checked (errcheck)
		os.RemoveAll(wtPath)
		            ^
internal/worktree/manager.go:183:10: Error return value of `cmd.Run` is not checked (errcheck)
		cmd.Run() // best-effort
		       ^
internal/worktree/manager.go:190:47: Error return value of `(*os/exec.Cmd).Run` is not checked (errcheck)
		exec.Command("git", "worktree", "prune").Run()
		                                            ^
scripts/verify-catalog/main.go:65:23: Error return value of `resp.Body.Close` is not checked (errcheck)
	defer resp.Body.Close()
	                     ^
cmd/nanite/plugin_cmd.go:497:59: non-wrapping format verb for fmt.Errorf. Use `%w` to format errors (errorlint)
			return fmt.Errorf("copy %s: %w (close: %v)", src, err, cerr)
			                                                       ^
cmd/nanite/serve_autostart.go:214:104: non-wrapping format verb for fmt.Errorf. Use `%w` to format errors (errorlint)
			return nil, fmt.Errorf("start nanite serve (%s): %w (also failed to close log file: %v)", exe, err, closeErr)
			                                                                                                    ^
internal/api/bookmarks.go:90:19: comparing with != will fail on wrapped errors. Use errors.Is to check for a specific error (errorlint)
	if err != nil && err != sql.ErrNoRows {
	                 ^
internal/api/plugins.go:1017:6: comparing with == will fail on wrapped errors. Use errors.Is to check for a specific error (errorlint)
		if err == io.EOF {
		   ^
internal/context/handoff.go:90:81: non-wrapping format verb for fmt.Errorf. Use `%w` to format errors (errorlint)
		return nil, fmt.Errorf("%w: not valid JSON or YAML: %v", ErrHandoffMalformed, yamlErr)
		                                                                              ^
internal/context/handoff_envelope.go:59:57: non-wrapping format verb for fmt.Errorf. Use `%w` to format errors (errorlint)
		return nil, fmt.Errorf("%w: %v", ErrHandoffMalformed, err)
		                                                      ^
internal/context/handoff_envelope.go:69:57: non-wrapping format verb for fmt.Errorf. Use `%w` to format errors (errorlint)
		return nil, fmt.Errorf("%w: %v", ErrHandoffMalformed, err)
		                                                      ^
internal/context/handoff_envelope.go:76:69: non-wrapping format verb for fmt.Errorf. Use `%w` to format errors (errorlint)
		return nil, fmt.Errorf("%w: re-marshal: %v", ErrHandoffMalformed, err)
		                                                                  ^
internal/mcp/elicitation.go:115:19: comparing with != will fail on wrapped errors. Use errors.Is to check for a specific error (errorlint)
	if err != nil && err != context.Canceled {
	                 ^
internal/mcp/elicitation.go:199:19: comparing with != will fail on wrapped errors. Use errors.Is to check for a specific error (errorlint)
	if err != nil && err != context.Canceled {
	                 ^
internal/mcp/restart_stdio_test.go:111:5: comparing with != will fail on wrapped errors. Use errors.Is to check for a specific error (errorlint)
	if err != context.Canceled {
	   ^
internal/mcp/stdio_transport.go:306:3: switch on an error will fail on wrapped errors. Use errors.Is to check for specific errors (errorlint)
		case bufio.ErrBufferFull:
		^
internal/messaging/handoff.go:39:63: non-wrapping format verb for fmt.Errorf. Use `%w` to format errors (errorlint)
		return "", fmt.Errorf("%w: to_agent_id: %v", ErrValidation, err)
		                                                            ^
internal/messaging/handoff.go:43:66: non-wrapping format verb for fmt.Errorf. Use `%w` to format errors (errorlint)
			return "", fmt.Errorf("%w: from_agent_id: %v", ErrValidation, err)
			                                                              ^
internal/messaging/service.go:135:66: non-wrapping format verb for fmt.Errorf. Use `%w` to format errors (errorlint)
		return nil, fmt.Errorf("%w: from_agent_id: %v", ErrValidation, err)
		                                                               ^
internal/messaging/service.go:143:67: non-wrapping format verb for fmt.Errorf. Use `%w` to format errors (errorlint)
			return nil, fmt.Errorf("%w: from_agent_id: %v", ErrValidation, err)
			                                                               ^
internal/messaging/service.go:147:64: non-wrapping format verb for fmt.Errorf. Use `%w` to format errors (errorlint)
		return nil, fmt.Errorf("%w: to_agent_id: %v", ErrValidation, err)
		                                                             ^
internal/messaging/service.go:261:56: non-wrapping format verb for fmt.Errorf. Use `%w` to format errors (errorlint)
		return fmt.Errorf("%w: agent_id: %v", ErrValidation, err)
		                                                     ^
internal/messaging/service.go:281:56: non-wrapping format verb for fmt.Errorf. Use `%w` to format errors (errorlint)
		return fmt.Errorf("%w: agent_id: %v", ErrValidation, err)
		                                                     ^
internal/messaging/subscribe.go:150:61: non-wrapping format verb for fmt.Errorf. Use `%w` to format errors (errorlint)
		return nil, fmt.Errorf("%w: agent_id: %v", ErrValidation, err)
		                                                          ^
internal/plugin/catalog/fetch.go:98:80: non-wrapping format verb for fmt.Errorf. Use `%w` to format errors (errorlint)
		return nil, fmt.Errorf("catalog: fetch failed (%v) and no usable cache: %w", netErr, cerr)
		                                                                             ^
internal/plugin/registrations.go:691:17: type assertion on error will fail on wrapped errors. Use errors.As to check for specific errors (errorlint)
				if _, ok := err.(*http.MaxBytesError); ok {
				            ^
internal/plugin/subprocess/event_hook_test.go:181:19: comparing with != will fail on wrapped errors. Use errors.Is to check for a specific error (errorlint)
	if err == nil || err != plugin.ErrCancelled {
	                 ^
internal/plugin/subprocess/plugin.go:751:16: type assertion on error will fail on wrapped errors. Use errors.As to check for specific errors (errorlint)
	rpcErr, ok := err.(*RPCError)
	              ^
internal/plugin/subprocess/plugin_test.go:279:14: type assertion on error will fail on wrapped errors. Use errors.As to check for specific errors (errorlint)
			pe, ok := result.(*plugin.PluginError)
			          ^
internal/plugin/subprocess/transport_test.go:122:16: type assertion on error will fail on wrapped errors. Use errors.As to check for specific errors (errorlint)
	rpcErr, ok := err.(*RPCError)
	              ^
internal/recover/recover_test.go:238:44: comparing with != will fail on wrapped errors. Use errors.Is to check for a specific error (errorlint)
		if !errors.Is(rec.OriginalError, err) && rec.OriginalError != err {
		                                         ^
internal/recover/recover_test.go:250:5: comparing with != will fail on wrapped errors. Use errors.Is to check for a specific error (errorlint)
	if got != original {
	   ^
internal/sandbox/exec.go:237:21: type assertion on error will fail on wrapped errors. Use errors.As to check for specific errors (errorlint)
		if exitErr, ok := err.(*exec.ExitError); ok {
		                  ^
internal/selftools/self_tools_dispatch.go:278:67: non-wrapping format verb for fmt.Errorf. Use `%w` to format errors (errorlint)
		return false, fmt.Errorf("subagent recursion check failed: %v", err)
		                                                                ^
internal/selftools/self_tools_python.go:467:20: type assertion on error will fail on wrapped errors. Use errors.As to check for specific errors (errorlint)
	if exitErr, ok := err.(*exec.ExitError); ok {
	                  ^
internal/selftools/self_tools_transport.go:2323:54: non-wrapping format verb for fmt.Errorf. Use `%w` to format errors (errorlint)
		return nil, fmt.Errorf("invalid sources JSON: %v", err)
		                                                   ^
internal/service/agent_config_test.go:239:5: comparing with != will fail on wrapped errors. Use errors.Is to check for a specific error (errorlint)
	if err != ErrAgentRevisionConflict {
	   ^
internal/service/durable_agents_test.go:352:86: comparing with != will fail on wrapped errors. Use errors.Is to check for a specific error (errorlint)
	if _, err := svc.Resume(context.Background(), inst.ID, DurableAgentStartRequest{}); err != ErrDurableAgentNoResumableSession {
	                                                                                    ^
internal/service/subagent_runner.go:40:67: non-wrapping format verb for fmt.Errorf. Use `%w` to format errors (errorlint)
		return nil, fmt.Errorf("%w %q: %v", errRoleResolveFailed, slug, err)
		                                                                ^
internal/service/subagent_runner.go:48:32: non-wrapping format verb for fmt.Errorf. Use `%w` to format errors (errorlint)
			errRoleResolveFailed, slug, err, fallbackRoleSlug, fbErr)
			                            ^
internal/service/team_routing.go:411:119: non-wrapping format verb for fmt.Errorf. Use `%w` to format errors (errorlint)
		return nil, fmt.Errorf("%w: lazy resolution of team slot %q failed: %v", ErrTeamRoutingTargetUnavailable, slotName, err)
		                                                                                                                    ^
internal/service/tool_arg_validate.go:318:12: type assertion on error will fail on wrapped errors. Use errors.As to check for specific errors (errorlint)
	ve, ok := err.(*jsonschema.ValidationError)
	          ^
internal/shell/exec.go:76:28: type assertion on error will fail on wrapped errors. Use errors.As to check for specific errors (errorlint)
		} else if exitErr, ok := err.(*exec.ExitError); ok {
		                         ^
internal/store/migration_124_reflex_action_taxonomy_test.go:96:61: comparing with != will fail on wrapped errors. Use errors.Is to check for a specific error (errorlint)
	if _, err := s.GetReflexActionKind(ctx, "does_not_exist"); err != ErrReflexActionKindNotFound {
	                                                           ^
internal/store/migration_126_selftool_reactions_test.go:65:65: comparing with != will fail on wrapped errors. Use errors.Is to check for a specific error (errorlint)
	if _, err := s.GetSelftoolReactionKind(ctx, "does_not_exist"); err != ErrSelftoolReactionKindNotFound {
	                                                               ^
internal/store/roles.go:119:31: comparing with == will fail on wrapped errors. Use errors.Is to check for a specific error (errorlint)
	if err := scanRole(row, &r); err == sql.ErrNoRows {
	                             ^
internal/store/roles.go:131:31: comparing with == will fail on wrapped errors. Use errors.Is to check for a specific error (errorlint)
	if err := scanRole(row, &r); err == sql.ErrNoRows {
	                             ^
internal/store/sessions.go:438:5: comparing with == will fail on wrapped errors. Use errors.Is to check for a specific error (errorlint)
	if err == sql.ErrNoRows || !raw.Valid {
	   ^
internal/store/skills.go:85:33: comparing with == will fail on wrapped errors. Use errors.Is to check for a specific error (errorlint)
	if err := scanSkill(row, &sk); err == sql.ErrNoRows {
	                               ^
internal/store/skills.go:97:33: comparing with == will fail on wrapped errors. Use errors.Is to check for a specific error (errorlint)
	if err := scanSkill(row, &sk); err == sql.ErrNoRows {
	                               ^
internal/tool/cache.go:210:5: comparing with == will fail on wrapped errors. Use errors.Is to check for a specific error (errorlint)
	if err == sql.ErrNoRows {
	   ^
internal/api/agents.go:381:2: missing cases in switch of type agent.ManageClass: agent.ManageClassManaged (exhaustive)
	switch class {
	^
internal/dispatch/role.go:102:2: missing cases in switch of type classify.ExecutionPattern: classify.PatternInvalid, classify.PatternInline, classify.PatternSubagent (exhaustive)
	switch pattern {
	^
internal/llm/openai/client_test.go:123:3: missing cases in switch of type llmtypes.EventType: llmtypes.EventSessionID, llmtypes.EventThinking (exhaustive)
		switch ev.Type {
		^
internal/llm/openai/client_test.go:178:3: missing cases in switch of type llmtypes.EventType: llmtypes.EventDelta, llmtypes.EventToolUse, llmtypes.EventUsage, llmtypes.EventSessionID, llmtypes.EventThinking (exhaustive)
		switch ev.Type {
		^
internal/mcp/general_tools.go:422:3: missing cases in switch of type mcp.FetchErrorKind: mcp.FetchErr4xx (exhaustive)
		switch fetchErr.Kind {
		^
internal/recovery/broker/remediator.go:26:2: missing cases in switch of type broker.Remediation: broker.RemediationNone (exhaustive)
	switch c.Remediation {
	^
internal/runtime/agent/agent.go:193:2: missing cases in switch of type agent.Mode: agent.ModeLongLived, agent.ModeOneShot, agent.ModeBackground (exhaustive)
	switch o.Mode {
	^
internal/runtime/agent/wrapper_lifecycle_test.go:145:4: missing cases in switch of type llmtypes.EventType: llmtypes.EventToolUse, llmtypes.EventError, llmtypes.EventSessionID, llmtypes.EventThinking (exhaustive)
			switch ev.Type {
			^
internal/selftools/self_tools_transport.go:362:2: missing cases in switch of type agent.ManageClass: agent.ManageClassManaged (exhaustive)
	switch class {
	^
internal/service/a2a_task_manager.go:397:2: missing cases in switch of type a2a.TaskState: a2a.TaskStateSubmitted, a2a.TaskStateWorking, a2a.TaskStateInputRequired, a2a.TaskStateAuthRequired (exhaustive)
	switch current {
	^
internal/service/chat_generate.go:1338:4: missing cases in switch of type llmtypes.EventType: llmtypes.EventDelta, llmtypes.EventToolUse, llmtypes.EventUsage, llmtypes.EventError, llmtypes.EventDone, llmtypes.EventSessionID, llmtypes.EventThinking (exhaustive)
			switch evt.Type {
			^
internal/service/chat_generate.go:3164:3: missing cases in switch of type llmtypes.EventType: llmtypes.EventDelta, llmtypes.EventToolUse, llmtypes.EventUsage, llmtypes.EventError, llmtypes.EventDone, llmtypes.EventSessionID, llmtypes.EventThinking (exhaustive)
		switch evt.Type {
		^
internal/service/chat_generate.go:3524:3: missing cases in switch of type llmtypes.EventType: llmtypes.EventDelta, llmtypes.EventToolUse, llmtypes.EventUsage, llmtypes.EventError, llmtypes.EventDone, llmtypes.EventSessionID, llmtypes.EventThinking (exhaustive)
		switch evt.Type {
		^
internal/service/chat_route_dispatch.go:222:2: missing cases in switch of type classify.Route: classify.RouteChatDirect (exhaustive)
	switch r {
	^
internal/service/recovery_credentials.go:156:2: missing cases in switch of type service.providerKind: service.providerKindAPIAnthropic, service.providerKindAPIOpenAI (exhaustive)
	switch kind {
	^
internal/service/subagent_runner_boot.go:43:3: missing cases in switch of type llmtypes.EventType: llmtypes.EventToolUse, llmtypes.EventUsage, llmtypes.EventSessionID, llmtypes.EventThinking (exhaustive)
		switch ev.Type {
		^
internal/service/workflow_engine.go:266:4: missing cases in switch of type service.depState: service.depReady (exhaustive)
			switch dependencyState(step.DependsOn, results, waiting) {
			^
internal/service/workflow_engine.go:494:2: missing cases in switch of type agentworkflow.StepKind: agentworkflow.StepKindGate, agentworkflow.StepKindFlex (exhaustive)
	switch step.Kind {
	^
internal/service/workflow_step_executor.go:184:4: missing cases in switch of type llmtypes.EventType: llmtypes.EventDone, llmtypes.EventSessionID, llmtypes.EventThinking (exhaustive)
			switch ev.Type {
			^
internal/tool/intent/broker.go:78:2: missing cases in switch of type intent.Override: intent.OverrideNone (exhaustive)
	switch in.Override {
	^
internal/agent/discovery_test.go:56:12: use of `os.WriteFile` forbidden because "use internal/fsutil.AtomicWriteFile for crash-safe writes (Phase 1 Wave 1)" (forbidigo)
	if err := os.WriteFile(filepath.Join(dir, filename), []byte(content), 0644); err != nil {
	          ^
internal/agent/discovery_test.go:86:12: use of `os.WriteFile` forbidden because "use internal/fsutil.AtomicWriteFile for crash-safe writes (Phase 1 Wave 1)" (forbidigo)
	if err := os.WriteFile(cliPath, []byte(content), 0644); err != nil {
	          ^
internal/agent/discovery_test.go:122:12: use of `os.WriteFile` forbidden because "use internal/fsutil.AtomicWriteFile for crash-safe writes (Phase 1 Wave 1)" (forbidigo)
	if err := os.WriteFile(cliPath, []byte(content), 0644); err != nil {
	          ^
internal/agent/discovery_test.go:237:12: use of `os.WriteFile` forbidden because "use internal/fsutil.AtomicWriteFile for crash-safe writes (Phase 1 Wave 1)" (forbidigo)
	if err := os.WriteFile(filepath.Join(dir, "bad.md"), []byte("no frontmatter"), 0644); err != nil {
	          ^
internal/agent/discovery_test.go:242:12: use of `os.WriteFile` forbidden because "use internal/fsutil.AtomicWriteFile for crash-safe writes (Phase 1 Wave 1)" (forbidigo)
	if err := os.WriteFile(filepath.Join(dir, "notes.txt"), []byte("not an agent"), 0644); err != nil {
	          ^
internal/agent/loader_test.go:75:12: use of `os.WriteFile` forbidden because "use internal/fsutil.AtomicWriteFile for crash-safe writes (Phase 1 Wave 1)" (forbidigo)
	if err := os.WriteFile(filepath.Join(agentsDir, "researcher.md"), []byte(content), 0o644); err != nil {
	          ^
internal/agent/managed_section_atomicity_test.go:35:12: use of `os.WriteFile` forbidden because "use internal/fsutil.AtomicWriteFile for crash-safe writes (Phase 1 Wave 1)" (forbidigo)
	if err := os.WriteFile(filepath.Join(target, "child"), []byte("x"), 0o644); err != nil {
	          ^
internal/agent/managed_section_atomicity_test.go:75:12: use of `os.WriteFile` forbidden because "use internal/fsutil.AtomicWriteFile for crash-safe writes (Phase 1 Wave 1)" (forbidigo)
	if err := os.WriteFile(target, []byte(seed), 0o644); err != nil {
	          ^
internal/agent/managed_section_atomicity_test.go:113:12: use of `os.WriteFile` forbidden because "use internal/fsutil.AtomicWriteFile for crash-safe writes (Phase 1 Wave 1)" (forbidigo)
	if err := os.WriteFile(target, []byte(""), 0o644); err != nil {
	          ^
internal/agent/managed_section_test.go:43:12: use of `os.WriteFile` forbidden because "use internal/fsutil.AtomicWriteFile for crash-safe writes (Phase 1 Wave 1)" (forbidigo)
	if err := os.WriteFile(path, []byte(userContent), 0o644); err != nil {
	          ^
internal/agent/managed_section_test.go:82:12: use of `os.WriteFile` forbidden because "use internal/fsutil.AtomicWriteFile for crash-safe writes (Phase 1 Wave 1)" (forbidigo)
	if err := os.WriteFile(path, []byte(initial), 0o644); err != nil {
	          ^
internal/agent/managed_section_test.go:147:12: use of `os.WriteFile` forbidden because "use internal/fsutil.AtomicWriteFile for crash-safe writes (Phase 1 Wave 1)" (forbidigo)
	if err := os.WriteFile(path, []byte(content), 0o644); err != nil {
	          ^
internal/agent/managed_section_test.go:174:12: use of `os.WriteFile` forbidden because "use internal/fsutil.AtomicWriteFile for crash-safe writes (Phase 1 Wave 1)" (forbidigo)
	if err := os.WriteFile(path, []byte("# Just user content\n"), 0o644); err != nil {
	          ^
internal/agent/managed_section_test.go:207:12: use of `os.WriteFile` forbidden because "use internal/fsutil.AtomicWriteFile for crash-safe writes (Phase 1 Wave 1)" (forbidigo)
	if err := os.WriteFile(path, []byte(original), 0o644); err != nil {
	          ^
internal/agent/managed_section_test.go:235:12: use of `os.WriteFile` forbidden because "use internal/fsutil.AtomicWriteFile for crash-safe writes (Phase 1 Wave 1)" (forbidigo)
	if err := os.WriteFile(path, []byte(full), 0o644); err != nil {
	          ^
internal/agent/parser_test.go:223:12: use of `os.WriteFile` forbidden because "use internal/fsutil.AtomicWriteFile for crash-safe writes (Phase 1 Wave 1)" (forbidigo)
	if err := os.WriteFile(path, content, 0644); err != nil {
	          ^
internal/mcp/autodiscover_skills_test.go:16:44: use of `filepath.Join` forbidden because "use internal/pathsafe.ResolveUnder to prevent path traversal (Phase 1 Wave 1)" (forbidigo)
	s, err := store.New(context.Background(), filepath.Join(t.TempDir(), "test.db"))
	                                          ^
internal/mcp/code_exec_tools.go:128:16: use of `filepath.Join` forbidden because "use internal/pathsafe.ResolveUnder to prevent path traversal (Phase 1 Wave 1)" (forbidigo)
	scriptPath := filepath.Join(sandboxDir, scriptName)
	              ^
internal/mcp/dev_tools.go:143:10: use of `filepath.Join` forbidden because "use internal/pathsafe.ResolveUnder to prevent path traversal (Phase 1 Wave 1)" (forbidigo)
		return filepath.Join(home, path[2:])
		       ^
internal/mcp/dev_tools.go:464:621: use of `filepath.Join` forbidden because "use internal/pathsafe.ResolveUnder to prevent path traversal (Phase 1 Wave 1)" (forbidigo)
			Description: fmt.Sprintf("Read file contents with optional line range. Returns contents with line numbers. Paths must be absolute (start with / or ~/). %s Glob/search before read on unfamiliar paths — dev_read on a non-existent path wastes a round-trip. Allowed directories: %s. Example: dev_read(path=%q). Stashed-slot retrieval: when the system prompt contains a `<ref:artifact_id=art-stash-..., tokens=N, available via dev_read>` envelope (Context Broker stash for an oversized slot), pass that ID as `artifact_id` instead of `path` — e.g. dev_read(artifact_id=\"art-stash-abc123\").", tildeNote, allowedDirs, filepath.Join(exRoot, "docs", "README.md")),
			                                                                                                                                                                                                                                                                                                                                                                                                                                                                                                                                                                                                                                         ^
internal/mcp/dev_tools.go:468:180: use of `filepath.Join` forbidden because "use internal/pathsafe.ResolveUnder to prevent path traversal (Phase 1 Wave 1)" (forbidigo)
					"path":        map[string]any{"type": "string", "description": fmt.Sprintf("Absolute file path (must start with / or ~/). Example: %s. Mutually exclusive with artifact_id.", filepath.Join(exRoot, "README.md"))},
					                                                                                                                                                                              ^
internal/mcp/dev_tools.go:491:246: use of `filepath.Join` forbidden because "use internal/pathsafe.ResolveUnder to prevent path traversal (Phase 1 Wave 1)" (forbidigo)
			Description: fmt.Sprintf("Write content to a file. Creates parent directories if needed. Overwrites existing content. Path must be absolute (start with / or ~/). %s Example: dev_write(path=%q, content=\"# Notes\\nContent here\")", tildeNote, filepath.Join(exRoot, "notes.md")),
			                                                                                                                                                                                                                                                  ^
internal/mcp/dev_tools.go:503:404: use of `filepath.Join` forbidden because "use internal/pathsafe.ResolveUnder to prevent path traversal (Phase 1 Wave 1)" (forbidigo)
			Description: fmt.Sprintf("Find files matching a glob pattern within a directory. The 'pattern' and 'directory' are SEPARATE parameters — do NOT combine them. Pattern is relative to directory. Supports ** for recursive matching. Results sorted by modification time (newest first). Directory must be absolute (start with / or ~/). %s Example: dev_glob(pattern=\"**/*.md\", directory=%q)", tildeNote, filepath.Join(exRoot, "docs")),
			                                                                                                                                                                                                                                                                                                                                                                                                                ^
internal/mcp/dev_tools.go:516:330: use of `filepath.Join` forbidden because "use internal/pathsafe.ResolveUnder to prevent path traversal (Phase 1 Wave 1)" (forbidigo)
			Description: fmt.Sprintf("Edit a file by finding and replacing a string. The old_string must appear in the file. If replace_all is false (default), old_string must appear exactly once. Path must be absolute (start with / or ~/). %s Example: dev_edit(path=%q, old_string=\"port: 8080\", new_string=\"port: 9090\")", tildeNote, filepath.Join(exRoot, "config.yaml")),
			                                                                                                                                                                                                                                                                                                                                      ^
internal/mcp/dev_tools_path_grants_test.go:39:19: use of `filepath.Join` forbidden because "use internal/pathsafe.ResolveUnder to prevent path traversal (Phase 1 Wave 1)" (forbidigo)
	mentionedFile := filepath.Join(mentionedDir, "report.go")
	                 ^
internal/mcp/dev_tools_path_grants_test.go:73:13: use of `filepath.Join` forbidden because "use internal/pathsafe.ResolveUnder to prevent path traversal (Phase 1 Wave 1)" (forbidigo)
	sibling := filepath.Join(mentionedDir, "other.go")
	           ^
internal/mcp/dev_tools_path_grants_test.go:87:15: use of `filepath.Join` forbidden because "use internal/pathsafe.ResolveUnder to prevent path traversal (Phase 1 Wave 1)" (forbidigo)
	unrelated := filepath.Join(unrelatedDir, "nope.go")
	             ^
internal/mcp/dev_tools_path_grants_test.go:117:55: use of `filepath.Join` forbidden because "use internal/pathsafe.ResolveUnder to prevent path traversal (Phase 1 Wave 1)" (forbidigo)
	if _, err := dt.resolveAllowed(context.Background(), filepath.Join(other, "x.go")); err == nil {
	                                                     ^
internal/mcp/dev_tools_path_grants_test.go:159:17: use of `filepath.Join` forbidden because "use internal/pathsafe.ResolveUnder to prevent path traversal (Phase 1 Wave 1)" (forbidigo)
	expandedDir := filepath.Join(home, "Projects-apps")
	               ^
internal/mcp/dev_tools_path_grants_test.go:317:19: use of `filepath.Join` forbidden because "use internal/pathsafe.ResolveUnder to prevent path traversal (Phase 1 Wave 1)" (forbidigo)
	mentionedFile := filepath.Join(mentionedDir, "doc.txt")
	                 ^
internal/mcp/dev_tools_test.go:105:14: use of `filepath.Join` forbidden because "use internal/pathsafe.ResolveUnder to prevent path traversal (Phase 1 Wave 1)" (forbidigo)
	os.MkdirAll(filepath.Join(dir, "src"), 0o755)
	            ^
internal/mcp/dev_tools_test.go:106:15: use of `filepath.Join` forbidden because "use internal/pathsafe.ResolveUnder to prevent path traversal (Phase 1 Wave 1)" (forbidigo)
	os.WriteFile(filepath.Join(dir, "src", "main.go"), []byte("package main"), 0o644)
	             ^
internal/mcp/dev_tools_test.go:107:15: use of `filepath.Join` forbidden because "use internal/pathsafe.ResolveUnder to prevent path traversal (Phase 1 Wave 1)" (forbidigo)
	os.WriteFile(filepath.Join(dir, "src", "util.go"), []byte("package main"), 0o644)
	             ^
internal/mcp/dev_tools_test.go:108:15: use of `filepath.Join` forbidden because "use internal/pathsafe.ResolveUnder to prevent path traversal (Phase 1 Wave 1)" (forbidigo)
	os.WriteFile(filepath.Join(dir, "readme.md"), []byte("# hi"), 0o644)
	             ^
internal/mcp/dev_tools_test.go:133:9: use of `filepath.Join` forbidden because "use internal/pathsafe.ResolveUnder to prevent path traversal (Phase 1 Wave 1)" (forbidigo)
	old := filepath.Join(dir, "old.txt")
	       ^
internal/mcp/dev_tools_test.go:134:9: use of `filepath.Join` forbidden because "use internal/pathsafe.ResolveUnder to prevent path traversal (Phase 1 Wave 1)" (forbidigo)
	new := filepath.Join(dir, "new.txt")
	       ^
internal/mcp/dev_tools_test.go:175:10: use of `filepath.Join` forbidden because "use internal/pathsafe.ResolveUnder to prevent path traversal (Phase 1 Wave 1)" (forbidigo)
	path := filepath.Join(dir, "test.txt")
	        ^
internal/mcp/dev_tools_test.go:198:10: use of `filepath.Join` forbidden because "use internal/pathsafe.ResolveUnder to prevent path traversal (Phase 1 Wave 1)" (forbidigo)
	path := filepath.Join(dir, "test.txt")
	        ^
internal/mcp/dev_tools_test.go:225:10: use of `filepath.Join` forbidden because "use internal/pathsafe.ResolveUnder to prevent path traversal (Phase 1 Wave 1)" (forbidigo)
	path := filepath.Join(dir, "test.txt")
	        ^
internal/mcp/dev_tools_test.go:263:10: use of `filepath.Join` forbidden because "use internal/pathsafe.ResolveUnder to prevent path traversal (Phase 1 Wave 1)" (forbidigo)
	path := filepath.Join(dir, "test.txt")
	        ^
internal/mcp/dev_tools_test.go:284:15: use of `filepath.Join` forbidden because "use internal/pathsafe.ResolveUnder to prevent path traversal (Phase 1 Wave 1)" (forbidigo)
	os.WriteFile(filepath.Join(dir, "test.go"), []byte("package main\nfunc Hello() {}\n"), 0o644)
	             ^
internal/mcp/dev_tools_test.go:305:10: use of `filepath.Join` forbidden because "use internal/pathsafe.ResolveUnder to prevent path traversal (Phase 1 Wave 1)" (forbidigo)
	path := filepath.Join(dir, "sub", "test.txt")
	        ^
internal/mcp/dev_tools_test.go:346:49: use of `filepath.Join` forbidden because "use internal/pathsafe.ResolveUnder to prevent path traversal (Phase 1 Wave 1)" (forbidigo)
		{name: "tilde slash", in: "~/Projects", want: filepath.Join(home, "Projects")},
		                                              ^
internal/mcp/dev_tools_test.go:347:79: use of `filepath.Join` forbidden because "use internal/pathsafe.ResolveUnder to prevent path traversal (Phase 1 Wave 1)" (forbidigo)
		{name: "tilde slash deep", in: "~/Projects-apps/nanite/coordination", want: filepath.Join(home, "Projects-apps", "nanite", "coordination")},
		                                                                            ^
internal/mcp/dev_tools_test.go:385:24: use of `filepath.Join` forbidden because "use internal/pathsafe.ResolveUnder to prevent path traversal (Phase 1 Wave 1)" (forbidigo)
	if err := os.MkdirAll(filepath.Join(real, "sub"), 0o755); err != nil {
	                      ^
internal/mcp/dev_tools_test.go:388:25: use of `filepath.Join` forbidden because "use internal/pathsafe.ResolveUnder to prevent path traversal (Phase 1 Wave 1)" (forbidigo)
	if err := os.WriteFile(filepath.Join(real, "sub", "file.txt"), []byte("hi"), 0o644); err != nil {
	                       ^
internal/mcp/dev_tools_test.go:396:27: use of `filepath.Join` forbidden because "use internal/pathsafe.ResolveUnder to prevent path traversal (Phase 1 Wave 1)" (forbidigo)
	if dt.AllowedPaths[0] != filepath.Join(real, "sub") {
	                         ^
internal/mcp/dev_tools_test.go:397:48: use of `filepath.Join` forbidden because "use internal/pathsafe.ResolveUnder to prevent path traversal (Phase 1 Wave 1)" (forbidigo)
		t.Fatalf("expected allowed path %q, got %q", filepath.Join(real, "sub"), dt.AllowedPaths[0])
		                                             ^
internal/mcp/dev_tools_test.go:406:10: use of `filepath.Join` forbidden because "use internal/pathsafe.ResolveUnder to prevent path traversal (Phase 1 Wave 1)" (forbidigo)
	want := filepath.Join(real, "sub", "file.txt")
	        ^
internal/mcp/dev_tools_test.go:420:21: use of `filepath.Join` forbidden because "use internal/pathsafe.ResolveUnder to prevent path traversal (Phase 1 Wave 1)" (forbidigo)
	if resolvedRoot != filepath.Join(real, "sub") {
	                   ^
internal/mcp/dev_tools_test.go:421:45: use of `filepath.Join` forbidden because "use internal/pathsafe.ResolveUnder to prevent path traversal (Phase 1 Wave 1)" (forbidigo)
		t.Fatalf("got %q, want %q", resolvedRoot, filepath.Join(real, "sub"))
		                                          ^
internal/mcp/security_regression_test.go:145:9: use of `filepath.Join` forbidden because "use internal/pathsafe.ResolveUnder to prevent path traversal (Phase 1 Wave 1)" (forbidigo)
	big := filepath.Join(dir, "big.txt")
	       ^
internal/mcp/security_regression_test.go:158:11: use of `filepath.Join` forbidden because "use internal/pathsafe.ResolveUnder to prevent path traversal (Phase 1 Wave 1)" (forbidigo)
	small := filepath.Join(dir, "small.txt")
	         ^
internal/mcp/security_regression_test.go:205:11: use of `filepath.Join` forbidden because "use internal/pathsafe.ResolveUnder to prevent path traversal (Phase 1 Wave 1)" (forbidigo)
		path := filepath.Join(dir, fmt.Sprintf("f%03d.txt", i))
		        ^
internal/mcp/security_regression_test.go:414:13: use of `filepath.Join` forbidden because "use internal/pathsafe.ResolveUnder to prevent path traversal (Phase 1 Wave 1)" (forbidigo)
	allowed := filepath.Join(dir, "ok.txt")
	           ^
internal/mcp/security_regression_test.go:424:10: use of `filepath.Join` forbidden because "use internal/pathsafe.ResolveUnder to prevent path traversal (Phase 1 Wave 1)" (forbidigo)
	link := filepath.Join(dir, "escape")
	        ^
internal/plugin/builtin/adapter-claude/plugin_test.go:20:12: use of `os.WriteFile` forbidden because "use internal/fsutil.AtomicWriteFile for crash-safe writes (Phase 1 Wave 1)" (forbidigo)
	if err := os.WriteFile(filepath.Join(agentsDir, "helper.md"), []byte(content), 0o644); err != nil {
	          ^
internal/plugin/builtin/adapter-codex/plugin_test.go:16:12: use of `os.WriteFile` forbidden because "use internal/fsutil.AtomicWriteFile for crash-safe writes (Phase 1 Wave 1)" (forbidigo)
	if err := os.WriteFile(filepath.Join(dir, "AGENTS.md"), []byte(content), 0o644); err != nil {
	          ^
internal/plugin/builtin/adapter-gemini/plugin_test.go:16:12: use of `os.WriteFile` forbidden because "use internal/fsutil.AtomicWriteFile for crash-safe writes (Phase 1 Wave 1)" (forbidigo)
	if err := os.WriteFile(filepath.Join(dir, "GEMINI.md"), []byte(content), 0o644); err != nil {
	          ^
internal/plugin/builtin/adapter-nanite-native/plugin_test.go:20:2: use of `os.WriteFile` forbidden because "use internal/fsutil.AtomicWriteFile for crash-safe writes (Phase 1 Wave 1)" (forbidigo)
	os.WriteFile(filepath.Join(domainDir, "backend.md"), []byte("# Role: Backend\nYou are a backend engineer."), 0o644)
	^
internal/plugin/builtin/adapter-nanite-native/plugin_test.go:21:2: use of `os.WriteFile` forbidden because "use internal/fsutil.AtomicWriteFile for crash-safe writes (Phase 1 Wave 1)" (forbidigo)
	os.WriteFile(filepath.Join(stackDir, "go.md"), []byte("# Role: Go\nFollow Go conventions."), 0o644)
	^
internal/plugin/builtin/adapter-nanite-native/plugin_test.go:54:1: use of `os.WriteFile` forbidden because "use internal/fsutil.AtomicWriteFile for crash-safe writes (Phase 1 Wave 1)" (forbidigo)
os.WriteFile(cfgPath, []byte(`
^
internal/plugin/builtin/adapter-nanite-native/plugin_test.go:100:2: use of `os.WriteFile` forbidden because "use internal/fsutil.AtomicWriteFile for crash-safe writes (Phase 1 Wave 1)" (forbidigo)
	os.WriteFile(filepath.Join(naniteDir, "config.yaml"), []byte(`
	^
internal/plugin/builtin/adapter-nanite-native/plugin_test.go:163:12: use of `os.WriteFile` forbidden because "use internal/fsutil.AtomicWriteFile for crash-safe writes (Phase 1 Wave 1)" (forbidigo)
	if err := os.WriteFile(filepath.Join(naniteDir, "config.yaml"), []byte(cfg), 0o644); err != nil {
	          ^
internal/plugin/builtin/adapter-opencode/plugin_test.go:16:12: use of `os.WriteFile` forbidden because "use internal/fsutil.AtomicWriteFile for crash-safe writes (Phase 1 Wave 1)" (forbidigo)
	if err := os.WriteFile(filepath.Join(dir, "OPENCODE.md"), []byte(content), 0o644); err != nil {
	          ^
internal/sandbox/exec_group_test.go:44:13: use of `filepath.Join` forbidden because "use internal/pathsafe.ResolveUnder to prevent path traversal (Phase 1 Wave 1)" (forbidigo)
	pidFile := filepath.Join(sandboxDir, "grandchild.pid")
	           ^
internal/sandbox/sandbox.go:39:10: use of `filepath.Join` forbidden because "use internal/pathsafe.ResolveUnder to prevent path traversal (Phase 1 Wave 1)" (forbidigo)
	base := filepath.Join(home, baseDirName)
	        ^
internal/sandbox/sandbox.go:50:12: use of `filepath.Join` forbidden because "use internal/pathsafe.ResolveUnder to prevent path traversal (Phase 1 Wave 1)" (forbidigo)
	subDir := filepath.Join(dir, sandboxSubDir)
	          ^
internal/sandbox/sandbox.go:73:12: use of `filepath.Join` forbidden because "use internal/pathsafe.ResolveUnder to prevent path traversal (Phase 1 Wave 1)" (forbidigo)
	subDir := filepath.Join(dir, sandboxSubDir)
	          ^
internal/sandbox/sandbox_test.go:29:14: use of `filepath.Join` forbidden because "use internal/pathsafe.ResolveUnder to prevent path traversal (Phase 1 Wave 1)" (forbidigo)
	expected := filepath.Join(tmpHome, baseDirName, "test-session-123")
	            ^
internal/sandbox/sandbox_test.go:32:48: use of `filepath.Join` forbidden because "use internal/pathsafe.ResolveUnder to prevent path traversal (Phase 1 Wave 1)" (forbidigo)
	if dir != expected && !strings.HasSuffix(dir, filepath.Join(baseDirName, "test-session-123")) {
	                                              ^
internal/sandbox/sandbox_test.go:45:12: use of `filepath.Join` forbidden because "use internal/pathsafe.ResolveUnder to prevent path traversal (Phase 1 Wave 1)" (forbidigo)
	subDir := filepath.Join(dir, sandboxSubDir)
	          ^
internal/service/install/adapter_cleanup.go:41:11: use of `filepath.Join` forbidden because "use internal/pathsafe.ResolveUnder to prevent path traversal (Phase 1 Wave 1)" (forbidigo)
		path := filepath.Join(projectDir, evidence.rootFile)
		        ^
internal/service/install/adapter_cleanup_test.go:25:10: use of `filepath.Join` forbidden because "use internal/pathsafe.ResolveUnder to prevent path traversal (Phase 1 Wave 1)" (forbidigo)
	path := filepath.Join(dir, "AGENTS.md")
	        ^
internal/service/install/adapter_cleanup_test.go:32:12: use of `os.WriteFile` forbidden because "use internal/fsutil.AtomicWriteFile for crash-safe writes (Phase 1 Wave 1)" (forbidigo)
	if err := os.WriteFile(path, []byte(combined), 0o644); err != nil {
	          ^
internal/service/install/adapter_cleanup_test.go:60:10: use of `filepath.Join` forbidden because "use internal/pathsafe.ResolveUnder to prevent path traversal (Phase 1 Wave 1)" (forbidigo)
	path := filepath.Join(dir, "GEMINI.md")
	        ^
internal/service/install/adapter_cleanup_test.go:83:39: use of `filepath.Join` forbidden because "use internal/pathsafe.ResolveUnder to prevent path traversal (Phase 1 Wave 1)" (forbidigo)
		if err := agent.WriteManagedSection(filepath.Join(dir, f), "body"); err != nil {
		                                    ^
internal/service/install/adapter_detect.go:33:14: use of `filepath.Join` forbidden because "use internal/pathsafe.ResolveUnder to prevent path traversal (Phase 1 Wave 1)" (forbidigo)
		if hasFile(filepath.Join(projectDir, evidence.rootFile)) ||
		           ^
internal/service/install/adapter_detect.go:34:11: use of `filepath.Join` forbidden because "use internal/pathsafe.ResolveUnder to prevent path traversal (Phase 1 Wave 1)" (forbidigo)
			hasDir(filepath.Join(projectDir, evidence.dotDir)) {
			       ^
internal/service/install/adapter_detect_test.go:25:9: use of `os.WriteFile` forbidden because "use internal/fsutil.AtomicWriteFile for crash-safe writes (Phase 1 Wave 1)" (forbidigo)
				_ = os.WriteFile(filepath.Join(dir, "CLAUDE.md"), []byte("# hi"), 0o644)
				    ^
internal/service/install/adapter_detect_test.go:25:22: use of `filepath.Join` forbidden because "use internal/pathsafe.ResolveUnder to prevent path traversal (Phase 1 Wave 1)" (forbidigo)
				_ = os.WriteFile(filepath.Join(dir, "CLAUDE.md"), []byte("# hi"), 0o644)
				                 ^
internal/service/install/adapter_detect_test.go:32:21: use of `filepath.Join` forbidden because "use internal/pathsafe.ResolveUnder to prevent path traversal (Phase 1 Wave 1)" (forbidigo)
				_ = os.MkdirAll(filepath.Join(dir, ".claude"), 0o755)
				                ^
internal/service/install/adapter_detect_test.go:40:10: use of `os.WriteFile` forbidden because "use internal/fsutil.AtomicWriteFile for crash-safe writes (Phase 1 Wave 1)" (forbidigo)
					_ = os.WriteFile(filepath.Join(dir, f), []byte("# hi"), 0o644)
					    ^
internal/service/install/adapter_detect_test.go:40:23: use of `filepath.Join` forbidden because "use internal/pathsafe.ResolveUnder to prevent path traversal (Phase 1 Wave 1)" (forbidigo)
					_ = os.WriteFile(filepath.Join(dir, f), []byte("# hi"), 0o644)
					                 ^
internal/service/install/adapter_detect_test.go:48:9: use of `os.WriteFile` forbidden because "use internal/fsutil.AtomicWriteFile for crash-safe writes (Phase 1 Wave 1)" (forbidigo)
				_ = os.WriteFile(filepath.Join(dir, "AGENTS.md"), []byte("# hi"), 0o644)
				    ^
internal/service/install/adapter_detect_test.go:48:22: use of `filepath.Join` forbidden because "use internal/pathsafe.ResolveUnder to prevent path traversal (Phase 1 Wave 1)" (forbidigo)
				_ = os.WriteFile(filepath.Join(dir, "AGENTS.md"), []byte("# hi"), 0o644)
				                 ^
internal/service/install/adapter_detect_test.go:49:21: use of `filepath.Join` forbidden because "use internal/pathsafe.ResolveUnder to prevent path traversal (Phase 1 Wave 1)" (forbidigo)
				_ = os.MkdirAll(filepath.Join(dir, ".gemini"), 0o755)
				                ^
internal/service/install/adapter_detect_test.go:56:9: use of `os.WriteFile` forbidden because "use internal/fsutil.AtomicWriteFile for crash-safe writes (Phase 1 Wave 1)" (forbidigo)
				_ = os.WriteFile(filepath.Join(dir, "OPENCODE.md"), []byte("# hi"), 0o644)
				    ^
internal/service/install/adapter_detect_test.go:56:22: use of `filepath.Join` forbidden because "use internal/pathsafe.ResolveUnder to prevent path traversal (Phase 1 Wave 1)" (forbidigo)
				_ = os.WriteFile(filepath.Join(dir, "OPENCODE.md"), []byte("# hi"), 0o644)
				                 ^
internal/service/install/adapter_detect_test.go:57:21: use of `filepath.Join` forbidden because "use internal/pathsafe.ResolveUnder to prevent path traversal (Phase 1 Wave 1)" (forbidigo)
				_ = os.MkdirAll(filepath.Join(dir, ".opencode"), 0o755)
				                ^
internal/service/install/adapter_persist_test.go:40:12: use of `filepath.Join` forbidden because "use internal/pathsafe.ResolveUnder to prevent path traversal (Phase 1 Wave 1)" (forbidigo)
			path := filepath.Join(dir, "config.yaml")
			        ^
internal/service/install/adapter_persist_test.go:41:14: use of `os.WriteFile` forbidden because "use internal/fsutil.AtomicWriteFile for crash-safe writes (Phase 1 Wave 1)" (forbidigo)
			if err := os.WriteFile(path, []byte(tc.yaml), 0o644); err != nil {
			          ^
internal/service/install/adapter_persist_test.go:70:10: use of `filepath.Join` forbidden because "use internal/pathsafe.ResolveUnder to prevent path traversal (Phase 1 Wave 1)" (forbidigo)
	path := filepath.Join(t.TempDir(), "does-not-exist.yaml")
	        ^
internal/service/install/adapter_persist_test.go:87:10: use of `filepath.Join` forbidden because "use internal/pathsafe.ResolveUnder to prevent path traversal (Phase 1 Wave 1)" (forbidigo)
	path := filepath.Join(t.TempDir(), "config.yaml")
	        ^
internal/service/install/adapter_persist_test.go:89:12: use of `os.WriteFile` forbidden because "use internal/fsutil.AtomicWriteFile for crash-safe writes (Phase 1 Wave 1)" (forbidigo)
	if err := os.WriteFile(path, []byte("adapters: [claude\n"), 0o644); err != nil {
	          ^
internal/service/install/adapter_persist_test.go:103:10: use of `filepath.Join` forbidden because "use internal/pathsafe.ResolveUnder to prevent path traversal (Phase 1 Wave 1)" (forbidigo)
	path := filepath.Join(dir, "config.yaml")
	        ^
internal/service/install/adapter_persist_test.go:111:12: use of `os.WriteFile` forbidden because "use internal/fsutil.AtomicWriteFile for crash-safe writes (Phase 1 Wave 1)" (forbidigo)
	if err := os.WriteFile(path, []byte(original), 0o644); err != nil {
	          ^
internal/service/install/adapter_persist_test.go:156:10: use of `filepath.Join` forbidden because "use internal/pathsafe.ResolveUnder to prevent path traversal (Phase 1 Wave 1)" (forbidigo)
	path := filepath.Join(dir, "config.yaml")
	        ^
internal/service/install/adapter_persist_test.go:158:12: use of `os.WriteFile` forbidden because "use internal/fsutil.AtomicWriteFile for crash-safe writes (Phase 1 Wave 1)" (forbidigo)
	if err := os.WriteFile(path, []byte(original), 0o644); err != nil {
	          ^
internal/service/install/adapter_persist_test.go:180:10: use of `filepath.Join` forbidden because "use internal/pathsafe.ResolveUnder to prevent path traversal (Phase 1 Wave 1)" (forbidigo)
	path := filepath.Join(dir, "config.yaml")
	        ^
internal/service/install/adapter_persist_test.go:187:12: use of `os.WriteFile` forbidden because "use internal/fsutil.AtomicWriteFile for crash-safe writes (Phase 1 Wave 1)" (forbidigo)
	if err := os.WriteFile(path, []byte(original), 0o644); err != nil {
	          ^
internal/service/install/adapter_select_test.go:65:6: use of `os.WriteFile` forbidden because "use internal/fsutil.AtomicWriteFile for crash-safe writes (Phase 1 Wave 1)" (forbidigo)
	_ = os.WriteFile(filepath.Join(dir, "CLAUDE.md"), []byte("# x"), 0o644)
	    ^
internal/service/install/adapter_select_test.go:65:19: use of `filepath.Join` forbidden because "use internal/pathsafe.ResolveUnder to prevent path traversal (Phase 1 Wave 1)" (forbidigo)
	_ = os.WriteFile(filepath.Join(dir, "CLAUDE.md"), []byte("# x"), 0o644)
	                 ^
internal/service/install/adapter_select_test.go:81:6: use of `os.WriteFile` forbidden because "use internal/fsutil.AtomicWriteFile for crash-safe writes (Phase 1 Wave 1)" (forbidigo)
	_ = os.WriteFile(filepath.Join(dir, "CLAUDE.md"), []byte("# x"), 0o644)
	    ^
internal/service/install/adapter_select_test.go:81:19: use of `filepath.Join` forbidden because "use internal/pathsafe.ResolveUnder to prevent path traversal (Phase 1 Wave 1)" (forbidigo)
	_ = os.WriteFile(filepath.Join(dir, "CLAUDE.md"), []byte("# x"), 0o644)
	                 ^
internal/service/install/adapter_select_test.go:82:6: use of `os.WriteFile` forbidden because "use internal/fsutil.AtomicWriteFile for crash-safe writes (Phase 1 Wave 1)" (forbidigo)
	_ = os.WriteFile(filepath.Join(dir, "AGENTS.md"), []byte("# x"), 0o644)
	    ^
internal/service/install/adapter_select_test.go:82:19: use of `filepath.Join` forbidden because "use internal/pathsafe.ResolveUnder to prevent path traversal (Phase 1 Wave 1)" (forbidigo)
	_ = os.WriteFile(filepath.Join(dir, "AGENTS.md"), []byte("# x"), 0o644)
	                 ^
internal/service/install/adapter_select_test.go:108:6: use of `os.WriteFile` forbidden because "use internal/fsutil.AtomicWriteFile for crash-safe writes (Phase 1 Wave 1)" (forbidigo)
	_ = os.WriteFile(filepath.Join(dir, "GEMINI.md"), []byte("# x"), 0o644)
	    ^
internal/service/install/adapter_select_test.go:108:19: use of `filepath.Join` forbidden because "use internal/pathsafe.ResolveUnder to prevent path traversal (Phase 1 Wave 1)" (forbidigo)
	_ = os.WriteFile(filepath.Join(dir, "GEMINI.md"), []byte("# x"), 0o644)
	                 ^
internal/service/install/adapter_select_test.go:123:6: use of `os.WriteFile` forbidden because "use internal/fsutil.AtomicWriteFile for crash-safe writes (Phase 1 Wave 1)" (forbidigo)
	_ = os.WriteFile(filepath.Join(dir, "CLAUDE.md"), []byte("# x"), 0o644)
	    ^
internal/service/install/adapter_select_test.go:123:19: use of `filepath.Join` forbidden because "use internal/pathsafe.ResolveUnder to prevent path traversal (Phase 1 Wave 1)" (forbidigo)
	_ = os.WriteFile(filepath.Join(dir, "CLAUDE.md"), []byte("# x"), 0o644)
	                 ^
internal/service/install/adapter_select_test.go:142:6: use of `os.WriteFile` forbidden because "use internal/fsutil.AtomicWriteFile for crash-safe writes (Phase 1 Wave 1)" (forbidigo)
	_ = os.WriteFile(filepath.Join(dir, "GEMINI.md"), []byte("# x"), 0o644)
	    ^
internal/service/install/adapter_select_test.go:142:19: use of `filepath.Join` forbidden because "use internal/pathsafe.ResolveUnder to prevent path traversal (Phase 1 Wave 1)" (forbidigo)
	_ = os.WriteFile(filepath.Join(dir, "GEMINI.md"), []byte("# x"), 0o644)
	                 ^
internal/service/install/adapters.go:118:10: use of `filepath.Join` forbidden because "use internal/pathsafe.ResolveUnder to prevent path traversal (Phase 1 Wave 1)" (forbidigo)
		src := filepath.Join(projectDir, name)
		       ^
internal/service/install/adapters.go:126:10: use of `filepath.Join` forbidden because "use internal/pathsafe.ResolveUnder to prevent path traversal (Phase 1 Wave 1)" (forbidigo)
		dst := filepath.Join(archiveDir, name+".pre-edit")
		       ^
internal/service/install/adapters.go:161:28: use of `filepath.Join` forbidden because "use internal/pathsafe.ResolveUnder to prevent path traversal (Phase 1 Wave 1)" (forbidigo)
		data, err := os.ReadFile(filepath.Join(projectDir, name))
		                         ^
internal/service/install/adapters.go:191:10: use of `filepath.Join` forbidden because "use internal/pathsafe.ResolveUnder to prevent path traversal (Phase 1 Wave 1)" (forbidigo)
		src := filepath.Join(projectDir, name)
		       ^
internal/service/install/adapters.go:202:10: use of `filepath.Join` forbidden because "use internal/pathsafe.ResolveUnder to prevent path traversal (Phase 1 Wave 1)" (forbidigo)
		dst := filepath.Join(archiveDir, name+".pre-refresh")
		       ^
internal/service/install/adapters.go:232:13: use of `filepath.Join` forbidden because "use internal/pathsafe.ResolveUnder to prevent path traversal (Phase 1 Wave 1)" (forbidigo)
	cfgPath := filepath.Join(projectDir, ".nanite", "config.yaml")
	           ^
internal/service/install/adapters_test.go:13:10: use of `filepath.Join` forbidden because "use internal/pathsafe.ResolveUnder to prevent path traversal (Phase 1 Wave 1)" (forbidigo)
	path := filepath.Join(dir, "config.yaml")
	        ^
internal/service/install/adapters_test.go:14:12: use of `os.WriteFile` forbidden because "use internal/fsutil.AtomicWriteFile for crash-safe writes (Phase 1 Wave 1)" (forbidigo)
	if err := os.WriteFile(path, []byte("nanite_version: 2.3.0\nagents: {}\n"), 0o644); err != nil {
	          ^
internal/service/install/adapters_test.go:27:38: use of `filepath.Join` forbidden because "use internal/pathsafe.ResolveUnder to prevent path traversal (Phase 1 Wave 1)" (forbidigo)
	got, err := extractAgentsFromConfig(filepath.Join(t.TempDir(), "nope.yaml"))
	                                    ^
internal/service/install/adapters_test.go:38:10: use of `filepath.Join` forbidden because "use internal/pathsafe.ResolveUnder to prevent path traversal (Phase 1 Wave 1)" (forbidigo)
	path := filepath.Join(dir, "config.yaml")
	        ^
internal/service/install/adapters_test.go:50:12: use of `os.WriteFile` forbidden because "use internal/fsutil.AtomicWriteFile for crash-safe writes (Phase 1 Wave 1)" (forbidigo)
	if err := os.WriteFile(path, []byte(body), 0o644); err != nil {
	          ^
internal/service/install/adapters_test.go:75:10: use of `filepath.Join` forbidden because "use internal/pathsafe.ResolveUnder to prevent path traversal (Phase 1 Wave 1)" (forbidigo)
	path := filepath.Join(dir, "config.yaml")
	        ^
internal/service/install/adapters_test.go:81:2: use of `os.WriteFile` forbidden because "use internal/fsutil.AtomicWriteFile for crash-safe writes (Phase 1 Wave 1)" (forbidigo)
	os.WriteFile(path, []byte(body), 0o644)
	^
internal/service/install/adapters_test.go:94:13: use of `os.WriteFile` forbidden because "use internal/fsutil.AtomicWriteFile for crash-safe writes (Phase 1 Wave 1)" (forbidigo)
		if err := os.WriteFile(p, []byte(c), 0o644); err != nil {
		          ^
internal/service/install/adapters_test.go:99:9: use of `filepath.Join` forbidden because "use internal/pathsafe.ResolveUnder to prevent path traversal (Phase 1 Wave 1)" (forbidigo)
	mkFile(filepath.Join(project, "CLAUDE.md"), "claude content\n")
	       ^
internal/service/install/adapters_test.go:100:9: use of `filepath.Join` forbidden because "use internal/pathsafe.ResolveUnder to prevent path traversal (Phase 1 Wave 1)" (forbidigo)
	mkFile(filepath.Join(project, "AGENTS.md"), "agents content\n")
	       ^
internal/service/install/adapters_test.go:108:30: use of `filepath.Join` forbidden because "use internal/pathsafe.ResolveUnder to prevent path traversal (Phase 1 Wave 1)" (forbidigo)
	if data, err := os.ReadFile(filepath.Join(archive, "CLAUDE.md.pre-edit")); err != nil {
	                            ^
internal/service/install/adapters_test.go:113:30: use of `filepath.Join` forbidden because "use internal/pathsafe.ResolveUnder to prevent path traversal (Phase 1 Wave 1)" (forbidigo)
	if data, err := os.ReadFile(filepath.Join(archive, "AGENTS.md.pre-edit")); err != nil {
	                            ^
internal/service/install/adapters_test.go:119:23: use of `filepath.Join` forbidden because "use internal/pathsafe.ResolveUnder to prevent path traversal (Phase 1 Wave 1)" (forbidigo)
	if _, err := os.Stat(filepath.Join(archive, "GEMINI.md.pre-edit")); !os.IsNotExist(err) {
	                     ^
internal/service/install/adapters_test.go:122:23: use of `filepath.Join` forbidden because "use internal/pathsafe.ResolveUnder to prevent path traversal (Phase 1 Wave 1)" (forbidigo)
	if _, err := os.Stat(filepath.Join(archive, "OPENCODE.md.pre-edit")); !os.IsNotExist(err) {
	                     ^
internal/service/install/adapters_test.go:132:24: use of `filepath.Join` forbidden because "use internal/pathsafe.ResolveUnder to prevent path traversal (Phase 1 Wave 1)" (forbidigo)
	if err := os.MkdirAll(filepath.Join(project, ".nanite"), 0o755); err != nil {
	                      ^
internal/service/install/adapters_test.go:144:12: use of `os.WriteFile` forbidden because "use internal/fsutil.AtomicWriteFile for crash-safe writes (Phase 1 Wave 1)" (forbidigo)
	if err := os.WriteFile(filepath.Join(project, ".nanite", "config.yaml"), []byte(cfg), 0o644); err != nil {
	          ^
internal/service/install/adapters_test.go:144:25: use of `filepath.Join` forbidden because "use internal/pathsafe.ResolveUnder to prevent path traversal (Phase 1 Wave 1)" (forbidigo)
	if err := os.WriteFile(filepath.Join(project, ".nanite", "config.yaml"), []byte(cfg), 0o644); err != nil {
	                       ^
internal/service/install/adapters_test.go:155:11: use of `filepath.Join` forbidden because "use internal/pathsafe.ResolveUnder to prevent path traversal (Phase 1 Wave 1)" (forbidigo)
		path := filepath.Join(project, name)
		        ^
internal/service/install/adapters_test.go:181:24: use of `filepath.Join` forbidden because "use internal/pathsafe.ResolveUnder to prevent path traversal (Phase 1 Wave 1)" (forbidigo)
	if err := os.MkdirAll(filepath.Join(project, ".nanite"), 0o755); err != nil {
	                      ^
internal/service/install/adapters_test.go:184:12: use of `os.WriteFile` forbidden because "use internal/fsutil.AtomicWriteFile for crash-safe writes (Phase 1 Wave 1)" (forbidigo)
	if err := os.WriteFile(
	          ^
internal/service/install/adapters_test.go:185:3: use of `filepath.Join` forbidden because "use internal/pathsafe.ResolveUnder to prevent path traversal (Phase 1 Wave 1)" (forbidigo)
		filepath.Join(project, ".nanite", "config.yaml"),
		^
internal/service/install/adapters_test.go:199:28: use of `filepath.Join` forbidden because "use internal/pathsafe.ResolveUnder to prevent path traversal (Phase 1 Wave 1)" (forbidigo)
		data, err := os.ReadFile(filepath.Join(project, name))
		                         ^
internal/service/install/adapters_test.go:216:15: use of `filepath.Join` forbidden because "use internal/pathsafe.ResolveUnder to prevent path traversal (Phase 1 Wave 1)" (forbidigo)
	naniteDir := filepath.Join(dir, ".nanite")
	             ^
internal/service/install/adapters_test.go:227:12: use of `os.WriteFile` forbidden because "use internal/fsutil.AtomicWriteFile for crash-safe writes (Phase 1 Wave 1)" (forbidigo)
	if err := os.WriteFile(filepath.Join(naniteDir, "config.yaml"), []byte(cfg), 0o644); err != nil {
	          ^
internal/service/install/adapters_test.go:227:25: use of `filepath.Join` forbidden because "use internal/pathsafe.ResolveUnder to prevent path traversal (Phase 1 Wave 1)" (forbidigo)
	if err := os.WriteFile(filepath.Join(naniteDir, "config.yaml"), []byte(cfg), 0o644); err != nil {
	                       ^
internal/service/install/adapters_test.go:236:23: use of `filepath.Join` forbidden because "use internal/pathsafe.ResolveUnder to prevent path traversal (Phase 1 Wave 1)" (forbidigo)
	if _, err := os.Stat(filepath.Join(dir, "CLAUDE.md")); err != nil {
	                     ^
internal/service/install/adapters_test.go:239:23: use of `filepath.Join` forbidden because "use internal/pathsafe.ResolveUnder to prevent path traversal (Phase 1 Wave 1)" (forbidigo)
	if _, err := os.Stat(filepath.Join(dir, "AGENTS.md")); !os.IsNotExist(err) {
	                     ^
internal/service/install/adapters_test.go:242:23: use of `filepath.Join` forbidden because "use internal/pathsafe.ResolveUnder to prevent path traversal (Phase 1 Wave 1)" (forbidigo)
	if _, err := os.Stat(filepath.Join(dir, "GEMINI.md")); !os.IsNotExist(err) {
	                     ^
internal/service/install/adapters_test.go:249:15: use of `filepath.Join` forbidden because "use internal/pathsafe.ResolveUnder to prevent path traversal (Phase 1 Wave 1)" (forbidigo)
	naniteDir := filepath.Join(dir, ".nanite")
	             ^
internal/service/install/adapters_test.go:253:12: use of `os.WriteFile` forbidden because "use internal/fsutil.AtomicWriteFile for crash-safe writes (Phase 1 Wave 1)" (forbidigo)
	if err := os.WriteFile(filepath.Join(naniteDir, "config.yaml"), []byte("agents: {}\n"), 0o644); err != nil {
	          ^
internal/service/install/adapters_test.go:253:25: use of `filepath.Join` forbidden because "use internal/pathsafe.ResolveUnder to prevent path traversal (Phase 1 Wave 1)" (forbidigo)
	if err := os.WriteFile(filepath.Join(naniteDir, "config.yaml"), []byte("agents: {}\n"), 0o644); err != nil {
	                       ^
internal/service/install/adapters_test.go:261:24: use of `filepath.Join` forbidden because "use internal/pathsafe.ResolveUnder to prevent path traversal (Phase 1 Wave 1)" (forbidigo)
		if _, err := os.Stat(filepath.Join(dir, name)); !os.IsNotExist(err) {
		                     ^
internal/service/install/adopt.go:45:13: use of `filepath.Join` forbidden because "use internal/pathsafe.ResolveUnder to prevent path traversal (Phase 1 Wave 1)" (forbidigo)
	cfgPath := filepath.Join(projectDir, ".nanite", "config.yaml")
	           ^
internal/service/install/archive.go:34:9: use of `filepath.Join` forbidden because "use internal/pathsafe.ResolveUnder to prevent path traversal (Phase 1 Wave 1)" (forbidigo)
	return filepath.Join(home, path[2:]), nil
	       ^
internal/service/install/archive.go:52:15: use of `filepath.Join` forbidden because "use internal/pathsafe.ResolveUnder to prevent path traversal (Phase 1 Wave 1)" (forbidigo)
	candidate := filepath.Join(base, fmt.Sprintf("%s-%s", projectBasename, date))
	             ^
internal/service/install/archive.go:58:14: use of `filepath.Join` forbidden because "use internal/pathsafe.ResolveUnder to prevent path traversal (Phase 1 Wave 1)" (forbidigo)
	candidate = filepath.Join(base, fmt.Sprintf("%s-%s-%s", projectBasename, date, hhmmss))
	            ^
internal/service/install/archive.go:64:8: use of `filepath.Join` forbidden because "use internal/pathsafe.ResolveUnder to prevent path traversal (Phase 1 Wave 1)" (forbidigo)
		c := filepath.Join(base, fmt.Sprintf("%s-%s-%s-%d", projectBasename, date, hhmmss, i))
		     ^
internal/service/install/archive_test.go:25:48: use of `filepath.Join` forbidden because "use internal/pathsafe.ResolveUnder to prevent path traversal (Phase 1 Wave 1)" (forbidigo)
		{"tilde slash", "~/Projects-apps/.archived", filepath.Join(home, "Projects-apps/.archived")},
		                                             ^
internal/service/install/archive_test.go:56:10: use of `filepath.Join` forbidden because "use internal/pathsafe.ResolveUnder to prevent path traversal (Phase 1 Wave 1)" (forbidigo)
	want := filepath.Join(base, "hadron-2026-04-09")
	        ^
internal/service/install/archive_test.go:65:24: use of `filepath.Join` forbidden because "use internal/pathsafe.ResolveUnder to prevent path traversal (Phase 1 Wave 1)" (forbidigo)
	if err := os.MkdirAll(filepath.Join(base, "hadron-2026-04-09"), 0o755); err != nil {
	                      ^
internal/service/install/archive_test.go:72:10: use of `filepath.Join` forbidden because "use internal/pathsafe.ResolveUnder to prevent path traversal (Phase 1 Wave 1)" (forbidigo)
	want := filepath.Join(base, "hadron-2026-04-09-143022")
	        ^
internal/service/install/archive_test.go:81:14: use of `filepath.Join` forbidden because "use internal/pathsafe.ResolveUnder to prevent path traversal (Phase 1 Wave 1)" (forbidigo)
	os.MkdirAll(filepath.Join(base, "hadron-2026-04-09"), 0o755)
	            ^
internal/service/install/archive_test.go:82:14: use of `filepath.Join` forbidden because "use internal/pathsafe.ResolveUnder to prevent path traversal (Phase 1 Wave 1)" (forbidigo)
	os.MkdirAll(filepath.Join(base, "hadron-2026-04-09-143022"), 0o755)
	            ^
internal/service/install/atomicity_test.go:35:12: use of `filepath.Join` forbidden because "use internal/pathsafe.ResolveUnder to prevent path traversal (Phase 1 Wave 1)" (forbidigo)
	target := filepath.Join(dir, "state.json")
	          ^
internal/service/install/atomicity_test.go:39:12: use of `os.WriteFile` forbidden because "use internal/fsutil.AtomicWriteFile for crash-safe writes (Phase 1 Wave 1)" (forbidigo)
	if err := os.WriteFile(filepath.Join(target, "child"), []byte("x"), 0o644); err != nil {
	          ^
internal/service/install/atomicity_test.go:39:25: use of `filepath.Join` forbidden because "use internal/pathsafe.ResolveUnder to prevent path traversal (Phase 1 Wave 1)" (forbidigo)
	if err := os.WriteFile(filepath.Join(target, "child"), []byte("x"), 0o644); err != nil {
	                       ^
internal/service/install/atomicity_test.go:69:25: use of `filepath.Join` forbidden because "use internal/pathsafe.ResolveUnder to prevent path traversal (Phase 1 Wave 1)" (forbidigo)
		if err := os.MkdirAll(filepath.Join(globalHome, sub), 0o755); err != nil {
		                      ^
internal/service/install/atomicity_test.go:75:24: use of `filepath.Join` forbidden because "use internal/pathsafe.ResolveUnder to prevent path traversal (Phase 1 Wave 1)" (forbidigo)
	if err := os.MkdirAll(filepath.Join(project, ".nanite", "agents"), 0o755); err != nil {
	                      ^
internal/service/install/atomicity_test.go:78:12: use of `os.WriteFile` forbidden because "use internal/fsutil.AtomicWriteFile for crash-safe writes (Phase 1 Wave 1)" (forbidigo)
	if err := os.WriteFile(
	          ^
internal/service/install/atomicity_test.go:79:3: use of `filepath.Join` forbidden because "use internal/pathsafe.ResolveUnder to prevent path traversal (Phase 1 Wave 1)" (forbidigo)
		filepath.Join(project, ".nanite", "config.yaml"),
		^
internal/service/install/atomicity_test.go:88:16: use of `filepath.Join` forbidden because "use internal/pathsafe.ResolveUnder to prevent path traversal (Phase 1 Wave 1)" (forbidigo)
	claudePath := filepath.Join(project, "CLAUDE.md")
	              ^
internal/service/install/atomicity_test.go:89:12: use of `os.WriteFile` forbidden because "use internal/fsutil.AtomicWriteFile for crash-safe writes (Phase 1 Wave 1)" (forbidigo)
	if err := os.WriteFile(claudePath, []byte(prior), 0o644); err != nil {
	          ^
internal/service/install/atomicity_test.go:101:14: use of `filepath.Join` forbidden because "use internal/pathsafe.ResolveUnder to prevent path traversal (Phase 1 Wave 1)" (forbidigo)
	snapFile := filepath.Join(snapPath, "CLAUDE.md.pre-refresh")
	            ^
internal/service/install/atomicity_test.go:111:23: use of `filepath.Join` forbidden because "use internal/pathsafe.ResolveUnder to prevent path traversal (Phase 1 Wave 1)" (forbidigo)
	if _, err := os.Stat(filepath.Join(snapPath, "GEMINI.md.pre-refresh")); !os.IsNotExist(err) {
	                     ^
internal/service/install/atomicity_test.go:117:24: use of `filepath.Join` forbidden because "use internal/pathsafe.ResolveUnder to prevent path traversal (Phase 1 Wave 1)" (forbidigo)
	if err := os.MkdirAll(filepath.Join(clean, ".nanite"), 0o755); err != nil {
	                      ^
internal/service/install/atomicity_test.go:137:25: use of `filepath.Join` forbidden because "use internal/pathsafe.ResolveUnder to prevent path traversal (Phase 1 Wave 1)" (forbidigo)
		if err := os.MkdirAll(filepath.Join(globalHome, sub), 0o755); err != nil {
		                      ^
internal/service/install/atomicity_test.go:147:10: use of `filepath.Join` forbidden because "use internal/pathsafe.ResolveUnder to prevent path traversal (Phase 1 Wave 1)" (forbidigo)
	link := filepath.Join(project, ".nanite", "roles")
	        ^
internal/service/install/atomicity_test.go:175:12: use of `filepath.Join` forbidden because "use internal/pathsafe.ResolveUnder to prevent path traversal (Phase 1 Wave 1)" (forbidigo)
	target := filepath.Join(home, ".nanite")
	          ^
internal/service/install/atomicity_test.go:184:14: use of `filepath.Join` forbidden because "use internal/pathsafe.ResolveUnder to prevent path traversal (Phase 1 Wave 1)" (forbidigo)
	sentinel := filepath.Join(target, "user-sentinel.txt")
	            ^
internal/service/install/atomicity_test.go:185:12: use of `os.WriteFile` forbidden because "use internal/fsutil.AtomicWriteFile for crash-safe writes (Phase 1 Wave 1)" (forbidigo)
	if err := os.WriteFile(sentinel, []byte("owned"), 0o644); err != nil {
	          ^
internal/service/install/atomicity_test.go:225:12: use of `filepath.Join` forbidden because "use internal/pathsafe.ResolveUnder to prevent path traversal (Phase 1 Wave 1)" (forbidigo)
	target := filepath.Join(home, ".nanite")
	          ^
internal/service/install/atomicity_test.go:233:23: use of `filepath.Join` forbidden because "use internal/pathsafe.ResolveUnder to prevent path traversal (Phase 1 Wave 1)" (forbidigo)
	if err := os.Symlink(filepath.Join(home, "missing-target-dir"), target); err != nil {
	                     ^
internal/service/install/install.go:69:12: use of `filepath.Join` forbidden because "use internal/pathsafe.ResolveUnder to prevent path traversal (Phase 1 Wave 1)" (forbidigo)
		target = filepath.Join(home, ".nanite")
		         ^
internal/service/install/install.go:90:13: use of `filepath.Join` forbidden because "use internal/pathsafe.ResolveUnder to prevent path traversal (Phase 1 Wave 1)" (forbidigo)
	staging := filepath.Join(parent,
	           ^
internal/service/install/install.go:108:12: use of `filepath.Join` forbidden because "use internal/pathsafe.ResolveUnder to prevent path traversal (Phase 1 Wave 1)" (forbidigo)
	backup := filepath.Join(parent,
	          ^
internal/service/install/install.go:160:13: use of `filepath.Join` forbidden because "use internal/pathsafe.ResolveUnder to prevent path traversal (Phase 1 Wave 1)" (forbidigo)
		target := filepath.Join(dst, rel)
		          ^
internal/service/install/install.go:261:16: use of `filepath.Join` forbidden because "use internal/pathsafe.ResolveUnder to prevent path traversal (Phase 1 Wave 1)" (forbidigo)
		globalHome = filepath.Join(home, ".nanite")
		             ^
internal/service/install/install.go:264:26: use of `filepath.Join` forbidden because "use internal/pathsafe.ResolveUnder to prevent path traversal (Phase 1 Wave 1)" (forbidigo)
	hasAgentrc := dirExists(filepath.Join(projectDir, ".agentrc"))
	                        ^
internal/service/install/install.go:265:28: use of `filepath.Join` forbidden because "use internal/pathsafe.ResolveUnder to prevent path traversal (Phase 1 Wave 1)" (forbidigo)
	hasNaniteDir := dirExists(filepath.Join(projectDir, ".nanite"))
	                          ^
internal/service/install/install.go:290:13: use of `filepath.Join` forbidden because "use internal/pathsafe.ResolveUnder to prevent path traversal (Phase 1 Wave 1)" (forbidigo)
	cfgPath := filepath.Join(projectDir, ".nanite", "config.yaml")
	           ^
internal/service/install/install_test.go:48:12: use of `filepath.Join` forbidden because "use internal/pathsafe.ResolveUnder to prevent path traversal (Phase 1 Wave 1)" (forbidigo)
	target := filepath.Join(home, ".nanite")
	          ^
internal/service/install/install_test.go:60:23: use of `filepath.Join` forbidden because "use internal/pathsafe.ResolveUnder to prevent path traversal (Phase 1 Wave 1)" (forbidigo)
	if _, err := os.Stat(filepath.Join(target, "VERSION")); err != nil {
	                     ^
internal/service/install/install_test.go:90:23: use of `filepath.Join` forbidden because "use internal/pathsafe.ResolveUnder to prevent path traversal (Phase 1 Wave 1)" (forbidigo)
	if _, err := os.Stat(filepath.Join(home, ".nanite", "VERSION")); err != nil {
	                     ^
internal/service/install/runtime_dirs.go:63:14: use of `filepath.Join` forbidden because "use internal/pathsafe.ResolveUnder to prevent path traversal (Phase 1 Wave 1)" (forbidigo)
		dirPath := filepath.Join(naniteHome, rd.name)
		           ^
internal/service/install/runtime_dirs.go:79:17: use of `filepath.Join` forbidden because "use internal/pathsafe.ResolveUnder to prevent path traversal (Phase 1 Wave 1)" (forbidigo)
		readmePath := filepath.Join(dirPath, "README.md")
		              ^
internal/service/install/runtime_dirs.go:91:13: use of `os.WriteFile` forbidden because "use internal/fsutil.AtomicWriteFile for crash-safe writes (Phase 1 Wave 1)" (forbidigo)
		if err := os.WriteFile(readmePath, content, 0o644); err != nil {
		          ^
internal/service/install/runtime_dirs_test.go:36:14: use of `filepath.Join` forbidden because "use internal/pathsafe.ResolveUnder to prevent path traversal (Phase 1 Wave 1)" (forbidigo)
		dirPath := filepath.Join(home, rd.name)
		           ^
internal/service/install/runtime_dirs_test.go:43:17: use of `filepath.Join` forbidden because "use internal/pathsafe.ResolveUnder to prevent path traversal (Phase 1 Wave 1)" (forbidigo)
		readmePath := filepath.Join(dirPath, "README.md")
		              ^
internal/service/install/runtime_dirs_test.go:100:19: use of `filepath.Join` forbidden because "use internal/pathsafe.ResolveUnder to prevent path traversal (Phase 1 Wave 1)" (forbidigo)
	sandboxReadme := filepath.Join(home, "sandboxes", "README.md")
	                 ^
internal/service/install/runtime_dirs_test.go:101:12: use of `os.WriteFile` forbidden because "use internal/fsutil.AtomicWriteFile for crash-safe writes (Phase 1 Wave 1)" (forbidigo)
	if err := os.WriteFile(sandboxReadme, []byte(customContent), 0o644); err != nil {
	          ^
internal/service/install/runtime_dirs_test.go:127:25: use of `filepath.Join` forbidden because "use internal/pathsafe.ResolveUnder to prevent path traversal (Phase 1 Wave 1)" (forbidigo)
		if err := os.MkdirAll(filepath.Join(home, rd.name), 0o755); err != nil {
		                      ^
internal/service/install/runtime_dirs_test.go:153:12: use of `filepath.Join` forbidden because "use internal/pathsafe.ResolveUnder to prevent path traversal (Phase 1 Wave 1)" (forbidigo)
	target := filepath.Join(home, ".nanite")
	          ^
internal/service/install/runtime_dirs_test.go:161:17: use of `filepath.Join` forbidden because "use internal/pathsafe.ResolveUnder to prevent path traversal (Phase 1 Wave 1)" (forbidigo)
		readmePath := filepath.Join(target, rd.name, "README.md")
		              ^
internal/service/install/scaffold.go:34:15: use of `filepath.Join` forbidden because "use internal/pathsafe.ResolveUnder to prevent path traversal (Phase 1 Wave 1)" (forbidigo)
	naniteDir := filepath.Join(projectDir, ".nanite")
	             ^
internal/service/install/scaffold.go:40:13: use of `filepath.Join` forbidden because "use internal/pathsafe.ResolveUnder to prevent path traversal (Phase 1 Wave 1)" (forbidigo)
	cfgPath := filepath.Join(naniteDir, "config.yaml")
	           ^
internal/service/install/scaffold.go:58:24: use of `filepath.Join` forbidden because "use internal/pathsafe.ResolveUnder to prevent path traversal (Phase 1 Wave 1)" (forbidigo)
	if err := os.MkdirAll(filepath.Join(naniteDir, "agents"), 0o755); err != nil {
	                      ^
internal/service/install/scaffold.go:74:11: use of `filepath.Join` forbidden because "use internal/pathsafe.ResolveUnder to prevent path traversal (Phase 1 Wave 1)" (forbidigo)
		link := filepath.Join(naniteDir, sub)
		        ^
internal/service/install/scaffold.go:75:13: use of `filepath.Join` forbidden because "use internal/pathsafe.ResolveUnder to prevent path traversal (Phase 1 Wave 1)" (forbidigo)
		target := filepath.Join(globalHome, sub)
		          ^
internal/service/install/scaffold.go:93:10: use of `filepath.Join` forbidden because "use internal/pathsafe.ResolveUnder to prevent path traversal (Phase 1 Wave 1)" (forbidigo)
	path := filepath.Join(projectDir, "NANITE.md")
	        ^
internal/service/install/scaffold_test.go:15:25: use of `filepath.Join` forbidden because "use internal/pathsafe.ResolveUnder to prevent path traversal (Phase 1 Wave 1)" (forbidigo)
		if err := os.MkdirAll(filepath.Join(globalHome, sub), 0o755); err != nil {
		                      ^
internal/service/install/scaffold_test.go:29:26: use of `filepath.Join` forbidden because "use internal/pathsafe.ResolveUnder to prevent path traversal (Phase 1 Wave 1)" (forbidigo)
	cfg, err := os.ReadFile(filepath.Join(project, ".nanite", "config.yaml"))
	                        ^
internal/service/install/scaffold_test.go:39:11: use of `filepath.Join` forbidden because "use internal/pathsafe.ResolveUnder to prevent path traversal (Phase 1 Wave 1)" (forbidigo)
		link := filepath.Join(project, ".nanite", sub)
		        ^
internal/service/install/scaffold_test.go:54:11: use of `filepath.Join` forbidden because "use internal/pathsafe.ResolveUnder to prevent path traversal (Phase 1 Wave 1)" (forbidigo)
		want := filepath.Join(globalHome, sub)
		        ^
internal/service/install/scaffold_test.go:61:23: use of `filepath.Join` forbidden because "use internal/pathsafe.ResolveUnder to prevent path traversal (Phase 1 Wave 1)" (forbidigo)
	info, err := os.Stat(filepath.Join(project, ".nanite", "agents"))
	                     ^
internal/service/install/scaffold_test.go:73:25: use of `filepath.Join` forbidden because "use internal/pathsafe.ResolveUnder to prevent path traversal (Phase 1 Wave 1)" (forbidigo)
		if err := os.MkdirAll(filepath.Join(globalHome, sub), 0o755); err != nil {
		                      ^
internal/service/install/scaffold_test.go:83:30: use of `filepath.Join` forbidden because "use internal/pathsafe.ResolveUnder to prevent path traversal (Phase 1 Wave 1)" (forbidigo)
	cfgBefore, _ := os.ReadFile(filepath.Join(project, ".nanite", "config.yaml"))
	                            ^
internal/service/install/scaffold_test.go:87:12: use of `os.WriteFile` forbidden because "use internal/fsutil.AtomicWriteFile for crash-safe writes (Phase 1 Wave 1)" (forbidigo)
	if err := os.WriteFile(filepath.Join(project, ".nanite", "config.yaml"), []byte(modified), 0o644); err != nil {
	          ^
internal/service/install/scaffold_test.go:87:25: use of `filepath.Join` forbidden because "use internal/pathsafe.ResolveUnder to prevent path traversal (Phase 1 Wave 1)" (forbidigo)
	if err := os.WriteFile(filepath.Join(project, ".nanite", "config.yaml"), []byte(modified), 0o644); err != nil {
	                       ^
internal/service/install/scaffold_test.go:94:29: use of `filepath.Join` forbidden because "use internal/pathsafe.ResolveUnder to prevent path traversal (Phase 1 Wave 1)" (forbidigo)
	cfgAfter, _ := os.ReadFile(filepath.Join(project, ".nanite", "config.yaml"))
	                           ^
internal/service/install/scaffold_test.go:110:27: use of `filepath.Join` forbidden because "use internal/pathsafe.ResolveUnder to prevent path traversal (Phase 1 Wave 1)" (forbidigo)
	data, err := os.ReadFile(filepath.Join(project, "NANITE.md"))
	                         ^
internal/service/install/scaffold_test.go:128:12: use of `os.WriteFile` forbidden because "use internal/fsutil.AtomicWriteFile for crash-safe writes (Phase 1 Wave 1)" (forbidigo)
	if err := os.WriteFile(filepath.Join(project, "NANITE.md"), []byte(original), 0o644); err != nil {
	          ^
internal/service/install/scaffold_test.go:128:25: use of `filepath.Join` forbidden because "use internal/pathsafe.ResolveUnder to prevent path traversal (Phase 1 Wave 1)" (forbidigo)
	if err := os.WriteFile(filepath.Join(project, "NANITE.md"), []byte(original), 0o644); err != nil {
	                       ^
internal/service/install/scaffold_test.go:135:25: use of `filepath.Join` forbidden because "use internal/pathsafe.ResolveUnder to prevent path traversal (Phase 1 Wave 1)" (forbidigo)
	data, _ := os.ReadFile(filepath.Join(project, "NANITE.md"))
	                       ^
cmd/nanite/main.go:1331:11: G706: Log injection via taint analysis (gosec)
	slog.Info("mcp: registered vanta server",
	         ^
cmd/nanite/mcp_cmd.go:32:15: G304: Potential file inclusion via variable (gosec)
	data, err := os.ReadFile(filePath)
	             ^
cmd/nanite/mcp_cmd.go:32:26: G703: Path traversal via taint analysis (gosec)
	data, err := os.ReadFile(filePath)
	                        ^
cmd/nanite/mcp_cmd.go:102:3: G301: Expect directory permissions to be 0750 or less (gosec)
		os.MkdirAll(dir, 0755)
		^
cmd/nanite/mcp_cmd.go:102:14: G703: Path traversal via taint analysis (gosec)
		os.MkdirAll(dir, 0755)
		           ^
cmd/nanite/mcp_cmd.go:105:12: G306: Expect WriteFile permissions to be 0600 or less (gosec)
	if err := os.WriteFile(outPath, data, 0644); err != nil {
	          ^
cmd/nanite/mcp_cmd.go:105:24: G703: Path traversal via taint analysis (gosec)
	if err := os.WriteFile(outPath, data, 0644); err != nil {
	                      ^
cmd/nanite/plugin_cmd.go:198:9: G204: Subprocess launched with a potential tainted input or cmd arguments (gosec)
	cmd := exec.Command("cerberus", "restart", brand.ServiceName)
	       ^
cmd/nanite/plugin_cmd.go:274:22: G703: Path traversal via taint analysis (gosec)
	info, err := os.Stat(arg)
	                    ^
cmd/nanite/plugin_cmd.go:300:22: G703: Path traversal via taint analysis (gosec)
	if _, err := os.Stat(manifestPath); err != nil {
	                    ^
cmd/nanite/plugin_cmd.go:321:23: G703: Path traversal via taint analysis (gosec)
	if _, err := os.Lstat(target); err == nil {
	                     ^
cmd/nanite/plugin_cmd.go:326:12: G301: Expect directory permissions to be 0750 or less (gosec)
	if err := os.MkdirAll(dir, 0755); err != nil {
	          ^
cmd/nanite/plugin_cmd.go:341:16: G703: Path traversal via taint analysis (gosec)
			os.RemoveAll(target)
			            ^
cmd/nanite/plugin_cmd.go:364:22: G703: Path traversal via taint analysis (gosec)
	if _, err := os.Stat(filepath.Join(target, "plugin.yaml")); err == nil {
	                    ^
cmd/nanite/plugin_cmd.go:390:2: G301: Expect directory permissions to be 0750 or less (gosec)
	os.MkdirAll(dir, 0755)
	^
cmd/nanite/plugin_cmd.go:396:9: G204: Subprocess launched with variable (gosec)
	cmd := exec.Command("git", "clone", "--depth", "1", repoURL, target)
	       ^
cmd/nanite/plugin_cmd.go:396:21: G702: Command injection via taint analysis (gosec)
	cmd := exec.Command("git", "clone", "--depth", "1", repoURL, target)
	                   ^
cmd/nanite/plugin_cmd.go:405:22: G703: Path traversal via taint analysis (gosec)
	if _, err := os.Stat(filepath.Join(target, "plugin.yaml")); err != nil {
	                    ^
cmd/nanite/plugin_cmd.go:407:15: G703: Path traversal via taint analysis (gosec)
		os.RemoveAll(target)
		            ^
cmd/nanite/plugin_cmd.go:415:15: G703: Path traversal via taint analysis (gosec)
		os.RemoveAll(target)
		            ^
cmd/nanite/plugin_cmd.go:444:25: G703: Path traversal via taint analysis (gosec)
	return filepath.WalkDir(src, func(path string, d fs.DirEntry, err error) error {
	                       ^
cmd/nanite/plugin_cmd.go:453:11: G301: Expect directory permissions to be 0750 or less (gosec)
			return os.MkdirAll(dst, 0755)
			       ^
cmd/nanite/plugin_cmd.go:453:22: G703: Path traversal via taint analysis (gosec)
			return os.MkdirAll(dst, 0755)
			                  ^
cmd/nanite/plugin_cmd.go:468:22: G703: Path traversal via taint analysis (gosec)
			return os.MkdirAll(target, info.Mode()&os.ModePerm)
			                  ^
cmd/nanite/plugin_cmd.go:474:21: G122: Filesystem operation in filepath.Walk/WalkDir callback uses race-prone path; consider root-scoped APIs (e.g. os.Root) to prevent symlink TOCTOU traversal (gosec)
			return os.Symlink(link, target)
			                 ^
cmd/nanite/plugin_cmd.go:482:13: G304: Potential file inclusion via variable (gosec)
	in, err := os.Open(src)
	           ^
cmd/nanite/plugin_cmd.go:491:14: G304: Potential file inclusion via variable (gosec)
	out, err := os.OpenFile(dst, os.O_CREATE|os.O_WRONLY|os.O_TRUNC, info.Mode()&os.ModePerm)
	            ^
cmd/nanite/plugin_cmd.go:491:25: G703: Path traversal via taint analysis (gosec)
	out, err := os.OpenFile(dst, os.O_CREATE|os.O_WRONLY|os.O_TRUNC, info.Mode()&os.ModePerm)
	                       ^
cmd/nanite/plugin_cmd.go:511:22: G703: Path traversal via taint analysis (gosec)
	if _, err := os.Stat(manifestPath); err != nil {
	                    ^
cmd/nanite/plugin_cmd.go:512:24: G703: Path traversal via taint analysis (gosec)
		if _, err2 := os.Stat(disabledPath); err2 != nil {
		                     ^
cmd/nanite/plugin_cmd.go:558:24: G703: Path traversal via taint analysis (gosec)
	if err := os.RemoveAll(target); err != nil {
	                      ^
cmd/nanite/plugin_cmd.go:592:22: G703: Path traversal via taint analysis (gosec)
	if _, err := os.Stat(manifestPath); err != nil {
	                    ^
cmd/nanite/plugin_cmd.go:594:29: G703: Path traversal via taint analysis (gosec)
		if _, legacyErr := os.Stat(legacy); legacyErr == nil {
		                          ^
cmd/nanite/plugin_cmd_test.go:120:12: G301: Expect directory permissions to be 0750 or less (gosec)
	if err := os.MkdirAll(filepath.Dir(path), 0755); err != nil {
	          ^
cmd/nanite/plugin_cmd_test.go:123:12: G306: Expect WriteFile permissions to be 0600 or less (gosec)
	if err := os.WriteFile(path, []byte(content), 0644); err != nil {
	          ^
cmd/nanite/plugin_dev_cmd.go:115:22: G703: Path traversal via taint analysis (gosec)
	_ = filepath.WalkDir(root, func(p string, d os.DirEntry, err error) error {
	                    ^
cmd/nanite/plugin_dev_cmd.go:158:22: G703: Path traversal via taint analysis (gosec)
	if _, err := os.Stat(filepath.Join(abs, "Makefile")); err != nil {
	                    ^
cmd/nanite/plugin_logs.go:22:12: G304: Potential file inclusion via variable (gosec)
	f, err := os.Open(logPath)
	          ^
cmd/nanite/plugin_logs.go:22:19: G703: Path traversal via taint analysis (gosec)
	f, err := os.Open(logPath)
	                 ^
cmd/nanite/serve_autostart.go:82:19: G302: Expect file permissions to be 0600 or less (gosec)
	lockFile, err := os.OpenFile(lockPath, os.O_CREATE|os.O_RDWR, 0o644)
	                 ^
cmd/nanite/serve_autostart.go:82:19: G304: Potential file inclusion via variable (gosec)
	lockFile, err := os.OpenFile(lockPath, os.O_CREATE|os.O_RDWR, 0o644)
	                 ^
cmd/nanite/serve_autostart.go:92:11: G115: integer overflow conversion uintptr -> int (gosec)
	fd := int(lockFile.Fd())
	         ^
cmd/nanite/serve_autostart.go:202:18: G302: Expect file permissions to be 0600 or less (gosec)
	logFile, err := os.OpenFile(logPath, os.O_CREATE|os.O_WRONLY|os.O_APPEND, 0o644)
	                ^
cmd/nanite/serve_autostart.go:202:18: G304: Potential file inclusion via variable (gosec)
	logFile, err := os.OpenFile(logPath, os.O_CREATE|os.O_WRONLY|os.O_APPEND, 0o644)
	                ^
cmd/nanite/serve_autostart.go:207:9: G204: Subprocess launched with variable (gosec)
	cmd := exec.Command(exe, "serve", "--port", strconv.Itoa(port))
	       ^
cmd/nanite/serve_autostart.go:245:12: G301: Expect directory permissions to be 0750 or less (gosec)
	if err := os.MkdirAll(dir, 0o755); err != nil {
	          ^
internal/agent/discovery_test.go:52:12: G301: Expect directory permissions to be 0750 or less (gosec)
	if err := os.MkdirAll(dir, 0755); err != nil {
	          ^
internal/agent/discovery_test.go:56:12: G306: Expect WriteFile permissions to be 0600 or less (gosec)
	if err := os.WriteFile(filepath.Join(dir, filename), []byte(content), 0644); err != nil {
	          ^
internal/agent/discovery_test.go:86:12: G306: Expect WriteFile permissions to be 0600 or less (gosec)
	if err := os.WriteFile(cliPath, []byte(content), 0644); err != nil {
	          ^
internal/agent/discovery_test.go:122:12: G306: Expect WriteFile permissions to be 0600 or less (gosec)
	if err := os.WriteFile(cliPath, []byte(content), 0644); err != nil {
	          ^
internal/agent/discovery_test.go:229:12: G301: Expect directory permissions to be 0750 or less (gosec)
	if err := os.MkdirAll(dir, 0755); err != nil {
	          ^
internal/agent/discovery_test.go:237:12: G306: Expect WriteFile permissions to be 0600 or less (gosec)
	if err := os.WriteFile(filepath.Join(dir, "bad.md"), []byte("no frontmatter"), 0644); err != nil {
	          ^
internal/agent/discovery_test.go:242:12: G306: Expect WriteFile permissions to be 0600 or less (gosec)
	if err := os.WriteFile(filepath.Join(dir, "notes.txt"), []byte("not an agent"), 0644); err != nil {
	          ^
internal/agent/loader.go:33:12: G301: Expect directory permissions to be 0750 or less (gosec)
	if err := os.MkdirAll(agentsDir, 0o755); err != nil {
	          ^
internal/agent/loader_test.go:65:12: G301: Expect directory permissions to be 0750 or less (gosec)
	if err := os.MkdirAll(agentsDir, 0o755); err != nil {
	          ^
internal/agent/loader_test.go:75:12: G306: Expect WriteFile permissions to be 0600 or less (gosec)
	if err := os.WriteFile(filepath.Join(agentsDir, "researcher.md"), []byte(content), 0o644); err != nil {
	          ^
internal/agent/managed_files.go:53:13: G301: Expect directory permissions to be 0750 or less (gosec)
		if err := os.MkdirAll(dir, 0o755); err != nil {
		          ^
internal/agent/managed_files.go:68:13: G301: Expect directory permissions to be 0750 or less (gosec)
		if err := os.MkdirAll(dir, 0o755); err != nil {
		          ^
internal/agent/managed_files.go:151:14: G304: Potential file inclusion via variable (gosec)
	raw, err := os.ReadFile(path)
	            ^
internal/agent/managed_files.go:180:14: G304: Potential file inclusion via variable (gosec)
	raw, err := os.ReadFile(path)
	            ^
internal/agent/managed_files.go:209:12: G301: Expect directory permissions to be 0750 or less (gosec)
	if err := os.MkdirAll(dir, 0o755); err != nil {
	          ^
internal/agent/managed_section.go:33:15: G304: Potential file inclusion via variable (gosec)
	data, err := os.ReadFile(path)
	             ^
internal/agent/managed_section.go:87:15: G304: Potential file inclusion via variable (gosec)
	data, err := os.ReadFile(path)
	             ^
internal/agent/managed_section.go:131:15: G304: Potential file inclusion via variable (gosec)
	data, err := os.ReadFile(path)
	             ^
internal/agent/managed_section_atomicity_test.go:32:12: G301: Expect directory permissions to be 0750 or less (gosec)
	if err := os.Mkdir(target, 0o755); err != nil {
	          ^
internal/agent/managed_section_atomicity_test.go:35:12: G306: Expect WriteFile permissions to be 0600 or less (gosec)
	if err := os.WriteFile(filepath.Join(target, "child"), []byte("x"), 0o644); err != nil {
	          ^
internal/agent/managed_section_atomicity_test.go:75:12: G306: Expect WriteFile permissions to be 0600 or less (gosec)
	if err := os.WriteFile(target, []byte(seed), 0o644); err != nil {
	          ^
internal/agent/managed_section_atomicity_test.go:78:12: G302: Expect file permissions to be 0600 or less (gosec)
	if err := os.Chmod(readOnlyDir, 0o555); err != nil {
	          ^
internal/agent/managed_section_atomicity_test.go:81:25: G302: Expect file permissions to be 0600 or less (gosec)
	t.Cleanup(func() { _ = os.Chmod(readOnlyDir, 0o755) })
	                       ^
internal/agent/managed_section_atomicity_test.go:87:19: G304: Potential file inclusion via variable (gosec)
	data, readErr := os.ReadFile(target)
	                 ^
internal/agent/managed_section_atomicity_test.go:113:12: G306: Expect WriteFile permissions to be 0600 or less (gosec)
	if err := os.WriteFile(target, []byte(""), 0o644); err != nil {
	          ^
internal/agent/managed_section_atomicity_test.go:134:16: G304: Potential file inclusion via variable (gosec)
		data, err := os.ReadFile(target)
		             ^
internal/agent/managed_section_test.go:18:15: G304: Potential file inclusion via variable (gosec)
	data, err := os.ReadFile(path)
	             ^
internal/agent/managed_section_test.go:43:12: G306: Expect WriteFile permissions to be 0600 or less (gosec)
	if err := os.WriteFile(path, []byte(userContent), 0o644); err != nil {
	          ^
internal/agent/managed_section_test.go:51:15: G304: Potential file inclusion via variable (gosec)
	data, err := os.ReadFile(path)
	             ^
internal/agent/managed_section_test.go:82:12: G306: Expect WriteFile permissions to be 0600 or less (gosec)
	if err := os.WriteFile(path, []byte(initial), 0o644); err != nil {
	          ^
internal/agent/managed_section_test.go:90:15: G304: Potential file inclusion via variable (gosec)
	data, err := os.ReadFile(path)
	             ^
internal/agent/managed_section_test.go:118:16: G304: Potential file inclusion via variable (gosec)
	first, err := os.ReadFile(path)
	              ^
internal/agent/managed_section_test.go:127:17: G304: Potential file inclusion via variable (gosec)
	second, err := os.ReadFile(path)
	               ^
internal/agent/managed_section_test.go:147:12: G306: Expect WriteFile permissions to be 0600 or less (gosec)
	if err := os.WriteFile(path, []byte(content), 0o644); err != nil {
	          ^
internal/agent/managed_section_test.go:174:12: G306: Expect WriteFile permissions to be 0600 or less (gosec)
	if err := os.WriteFile(path, []byte("# Just user content\n"), 0o644); err != nil {
	          ^
internal/agent/managed_section_test.go:207:12: G306: Expect WriteFile permissions to be 0600 or less (gosec)
	if err := os.WriteFile(path, []byte(original), 0o644); err != nil {
	          ^
internal/agent/managed_section_test.go:220:12: G304: Potential file inclusion via variable (gosec)
	got, _ := os.ReadFile(path)
	          ^
internal/agent/managed_section_test.go:233:17: G304: Potential file inclusion via variable (gosec)
	existing, _ := os.ReadFile(path)
	               ^
internal/agent/managed_section_test.go:235:12: G306: Expect WriteFile permissions to be 0600 or less (gosec)
	if err := os.WriteFile(path, []byte(full), 0o644); err != nil {
	          ^
internal/agent/managed_section_test.go:235:24: G703: Path traversal via taint analysis (gosec)
	if err := os.WriteFile(path, []byte(full), 0o644); err != nil {
	                      ^
internal/agent/managed_section_test.go:248:12: G304: Potential file inclusion via variable (gosec)
	got, _ := os.ReadFile(path)
	          ^
internal/agent/parser.go:175:15: G304: Potential file inclusion via variable (gosec)
	data, err := os.ReadFile(path)
	             ^
internal/agent/parser_test.go:223:12: G306: Expect WriteFile permissions to be 0600 or less (gosec)
	if err := os.WriteFile(path, content, 0644); err != nil {
	          ^
internal/agentworkflow/definition_yaml.go:48:15: G304: Potential file inclusion via variable (gosec)
	data, err := os.ReadFile(path)
	             ^
internal/agentworkflow/registry_test.go:12:12: G306: Expect WriteFile permissions to be 0600 or less (gosec)
	if err := os.WriteFile(filepath.Join(dir, filename), []byte(contents), 0o644); err != nil {
	          ^
internal/agentworkflow/registry_test.go:231:70: G115: integer overflow conversion int -> rune (gosec)
	return "concurrent-register-" + string(rune('a'+i%26)) + string(rune('0'+i/26))
	                                                                    ^
internal/api/agent_managed_test.go:77:14: G304: Potential file inclusion via variable (gosec)
	raw, err := os.ReadFile(path)
	            ^
internal/api/agent_managed_test.go:121:11: G304: Potential file inclusion via variable (gosec)
	raw, _ = os.ReadFile(path)
	         ^
internal/api/agents.go:323:13: G706: Log injection via taint analysis (gosec)
			slog.Warn("agent config warning", "slug", existing.Slug, "warning", w)
			         ^
internal/api/artifacts.go:113:12: G304: Potential file inclusion via variable (gosec)
	f, err := os.Open(resolved)
	          ^
internal/api/artifacts.go:113:19: G703: Path traversal via taint analysis (gosec)
	f, err := os.Open(resolved)
	                 ^
internal/api/artifacts.go:146:32: G120: Parsing form data without limiting request body size can allow memory exhaustion (use http.MaxBytesReader) (gosec)
	if err := r.ParseMultipartForm(32 << 20); err != nil {
	                              ^
internal/api/artifacts.go:151:26: G120: Parsing form data without limiting request body size can allow memory exhaustion (use http.MaxBytesReader) (gosec)
	sessionID := r.FormValue("session_id")
	                        ^
internal/api/artifacts.go:152:26: G120: Parsing form data without limiting request body size can allow memory exhaustion (use http.MaxBytesReader) (gosec)
	messageID := r.FormValue("message_id")
	                        ^
internal/api/artifacts.go:192:12: G301: Expect directory permissions to be 0750 or less (gosec)
	if err := os.MkdirAll(storageDir, 0o755); err != nil {
	          ^
internal/api/artifacts.go:192:23: G703: Path traversal via taint analysis (gosec)
	if err := os.MkdirAll(storageDir, 0o755); err != nil {
	                     ^
internal/api/artifacts.go:205:14: G304: Potential file inclusion via variable (gosec)
	dst, err := os.Create(storagePath)
	            ^
internal/api/artifacts.go:205:23: G703: Path traversal via taint analysis (gosec)
	dst, err := os.Create(storagePath)
	                     ^
internal/api/artifacts_test.go:88:12: G301: Expect directory permissions to be 0750 or less (gosec)
	if err := os.MkdirAll(artifactsRoot, 0o755); err != nil {
	          ^
internal/api/autocomplete.go:55:22: G703: Path traversal via taint analysis (gosec)
	info, err := os.Stat(root)
	                    ^
internal/api/autocomplete.go:63:15: G703: Path traversal via taint analysis (gosec)
	filepath.Walk(root, func(path string, info os.FileInfo, err error) error {
	             ^
internal/api/catalog.go:423:3: G306: Expect WriteFile permissions to be 0600 or less (gosec)
		os.WriteFile(filepath.Join(pluginRoot, ".checksum"), []byte(entry.Checksum), 0644)
		^
internal/api/catalog.go:426:2: G301: Expect directory permissions to be 0750 or less (gosec)
	os.MkdirAll(cs.pluginsDir, 0755)
	^
internal/api/catalog.go:466:12: G304: Potential file inclusion via variable (gosec)
	f, err := os.Open(path)
	          ^
internal/api/envelopes.go:159:11: G706: Log injection via taint analysis (gosec)
	slog.Info("envelope respond",
	         ^
internal/api/loom_curator_wake_test.go:55:15: G304: Potential file inclusion via variable (gosec)
		raw, err := os.ReadFile(src)
		            ^
internal/api/loom_curator_wake_test.go:60:13: G301: Expect directory permissions to be 0750 or less (gosec)
		if err := os.MkdirAll(filepath.Dir(dst), 0o755); err != nil {
		          ^
internal/api/loom_curator_wake_test.go:63:13: G306: Expect WriteFile permissions to be 0600 or less (gosec)
		if err := os.WriteFile(dst, raw, 0o644); err != nil {
		          ^
internal/api/loom_curator_wake_test.go:63:25: G703: Path traversal via taint analysis (gosec)
		if err := os.WriteFile(dst, raw, 0o644); err != nil {
		                      ^
internal/api/plugins.go:344:2: G301: Expect directory permissions to be 0750 or less (gosec)
	os.MkdirAll(pms.pluginsDir, 0755)
	^
internal/api/plugins.go:357:9: G204: Subprocess launched with variable (gosec)
	cmd := exec.Command("git", "clone", "--depth", "1", repoURL, target)
	       ^
internal/api/plugins.go:431:2: G301: Expect directory permissions to be 0750 or less (gosec)
	os.MkdirAll(pms.pluginsDir, 0755)
	^
internal/api/plugins.go:458:32: G120: Parsing form data without limiting request body size can allow memory exhaustion (use http.MaxBytesReader) (gosec)
	if err := r.ParseMultipartForm(32 << 20); err != nil {
	                              ^
internal/api/plugins.go:552:2: G301: Expect directory permissions to be 0750 or less (gosec)
	os.MkdirAll(pms.pluginsDir, 0755)
	^
internal/api/plugins.go:969:13: G304: Potential file inclusion via variable (gosec)
	in, err := os.Open(src)
	           ^
internal/api/plugins.go:980:14: G304: Potential file inclusion via variable (gosec)
	out, err := os.OpenFile(dst, os.O_CREATE|os.O_WRONLY|os.O_TRUNC, info.Mode())
	            ^
internal/api/plugins.go:998:12: G304: Potential file inclusion via variable (gosec)
	f, err := os.Open(archivePath)
	          ^
internal/api/plugins.go:1038:45: G115: integer overflow conversion int64 -> uint32 (gosec)
			if err := os.MkdirAll(target, os.FileMode(hdr.Mode)); err != nil {
			                                         ^
internal/api/plugins.go:1051:14: G301: Expect directory permissions to be 0750 or less (gosec)
			if err := os.MkdirAll(filepath.Dir(target), 0755); err != nil {
			          ^
internal/api/plugins.go:1054:16: G304: Potential file inclusion via variable (gosec)
			out, err := os.OpenFile(target, os.O_CREATE|os.O_WRONLY|os.O_TRUNC, os.FileMode(hdr.Mode))
			            ^
internal/api/plugins.go:1054:83: G115: integer overflow conversion int64 -> uint32 (gosec)
			out, err := os.OpenFile(target, os.O_CREATE|os.O_WRONLY|os.O_TRUNC, os.FileMode(hdr.Mode))
			                                                                               ^
internal/api/plugins.go:1122:13: G301: Expect directory permissions to be 0750 or less (gosec)
		if err := os.MkdirAll(filepath.Dir(target), 0755); err != nil {
		          ^
internal/api/plugins.go:1130:15: G304: Potential file inclusion via variable (gosec)
		out, err := os.OpenFile(target, os.O_CREATE|os.O_WRONLY|os.O_TRUNC, f.Mode())
		            ^
internal/api/plugins_install_test.go:34:2: G301: Expect directory permissions to be 0750 or less (gosec)
	os.MkdirAll(pluginDir, 0755)
	^
internal/api/plugins_install_test.go:39:2: G306: Expect WriteFile permissions to be 0600 or less (gosec)
	os.WriteFile(filepath.Join(pluginDir, "plugin.yaml"), []byte(manifest), 0644)
	^
internal/api/plugins_install_test.go:40:2: G306: Expect WriteFile permissions to be 0600 or less (gosec)
	os.WriteFile(filepath.Join(pluginDir, "README.md"), []byte("# "+name), 0644)
	^
internal/api/plugins_install_test.go:231:2: G301: Expect directory permissions to be 0750 or less (gosec)
	os.MkdirAll(pluginDir, 0755)
	^
internal/api/plugins_install_test.go:232:2: G306: Expect WriteFile permissions to be 0600 or less (gosec)
	os.WriteFile(filepath.Join(pluginDir, "plugin.yaml"),
		[]byte("name: ../../etc/evil\nversion: 1.0.0\n"), 0644)
internal/api/plugins_install_test.go:251:2: G301: Expect directory permissions to be 0750 or less (gosec)
	os.MkdirAll(filepath.Join(src, "sub"), 0755)
	^
internal/api/plugins_install_test.go:252:2: G306: Expect WriteFile permissions to be 0600 or less (gosec)
	os.WriteFile(filepath.Join(src, "a.txt"), []byte("aaa"), 0644)
	^
internal/api/plugins_install_test.go:253:2: G306: Expect WriteFile permissions to be 0600 or less (gosec)
	os.WriteFile(filepath.Join(src, "sub", "b.txt"), []byte("bbb"), 0644)
	^
internal/api/plugins_install_test.go:261:15: G304: Potential file inclusion via variable (gosec)
	data, err := os.ReadFile(filepath.Join(dst, "a.txt"))
	             ^
internal/api/plugins_install_test.go:265:14: G304: Potential file inclusion via variable (gosec)
	data, err = os.ReadFile(filepath.Join(dst, "sub", "b.txt"))
	            ^
internal/api/plugins_install_test.go:325:12: G306: Expect WriteFile permissions to be 0600 or less (gosec)
	if err := os.WriteFile(path, buf.Bytes(), 0644); err != nil {
	          ^
internal/api/plugins_install_test.go:347:12: G301: Expect directory permissions to be 0750 or less (gosec)
	if err := os.MkdirAll(dst, 0755); err != nil {
	          ^
internal/api/plugins_install_test.go:370:12: G301: Expect directory permissions to be 0750 or less (gosec)
	if err := os.MkdirAll(dst, 0755); err != nil {
	          ^
internal/api/plugins_install_test.go:418:12: G306: Expect WriteFile permissions to be 0600 or less (gosec)
	if err := os.WriteFile(archive, buf.Bytes(), 0644); err != nil {
	          ^
internal/api/plugins_install_test.go:423:12: G301: Expect directory permissions to be 0750 or less (gosec)
	if err := os.MkdirAll(dst, 0755); err != nil {
	          ^
internal/api/plugins_install_test.go:450:12: G306: Expect WriteFile permissions to be 0600 or less (gosec)
	if err := os.WriteFile(archive, buf.Bytes(), 0644); err != nil {
	          ^
internal/api/plugins_install_test.go:455:12: G301: Expect directory permissions to be 0750 or less (gosec)
	if err := os.MkdirAll(dst, 0755); err != nil {
	          ^
internal/api/plugins_install_test.go:489:12: G301: Expect directory permissions to be 0750 or less (gosec)
	if err := os.MkdirAll(dst, 0o755); err != nil {
	          ^
internal/api/plugins_install_test.go:527:12: G306: Expect WriteFile permissions to be 0600 or less (gosec)
	if err := os.WriteFile(archive, buf.Bytes(), 0o644); err != nil {
	          ^
internal/api/plugins_install_test.go:532:12: G301: Expect directory permissions to be 0750 or less (gosec)
	if err := os.MkdirAll(dst, 0o755); err != nil {
	          ^
internal/api/plugins_registry_test.go:62:12: G301: Expect directory permissions to be 0750 or less (gosec)
	if err := os.MkdirAll(pluginPath, 0o755); err != nil {
	          ^
internal/api/plugins_registry_test.go:93:12: G306: Expect WriteFile permissions to be 0600 or less (gosec)
	if err := os.WriteFile(filepath.Join(pluginPath, "plugin.yaml"), []byte(manifest), 0o644); err != nil {
	          ^
internal/api/plugins_unload_test.go:58:12: G306: Expect WriteFile permissions to be 0600 or less (gosec)
	if err := os.WriteFile(path, []byte(manifest), 0o644); err != nil {
	          ^
internal/api/sessions.go:484:12: G706: Log injection via taint analysis (gosec)
		slog.Warn("api: compaction pipeline failed", "session_id", sessionID, "err", err)
		         ^
internal/api/sessions.go:527:13: G706: Log injection via taint analysis (gosec)
			slog.Warn("api: slot_changed marshal failed", "session_id", sessionID, "err", emitErr)
			         ^
internal/api/sessions.go:614:13: G706: Log injection via taint analysis (gosec)
			slog.Warn("api: skip malformed plugin-envelope rehydrate row",
			         ^
internal/assets/framework.go:58:12: G301: Expect directory permissions to be 0750 or less (gosec)
	if err := os.MkdirAll(targetDir, 0o755); err != nil {
	          ^
internal/assets/framework.go:77:11: G301: Expect directory permissions to be 0750 or less (gosec)
			return os.MkdirAll(target, 0o755)
			       ^
internal/assets/framework.go:85:24: G304: Potential file inclusion via variable (gosec)
		existing, statErr := os.ReadFile(target)
		                     ^
internal/assets/framework.go:87:14: G306: Expect WriteFile permissions to be 0600 or less (gosec)
			if err := os.WriteFile(target, embedded, 0o644); err != nil {
			          ^
internal/assets/framework.go:103:14: G306: Expect WriteFile permissions to be 0600 or less (gosec)
			if err := os.WriteFile(target, embedded, 0o644); err != nil {
			          ^
internal/assets/framework_test.go:47:20: G304: Potential file inclusion via variable (gosec)
	extracted, err := os.ReadFile(filepath.Join(dir, "VERSION"))
	                  ^
internal/assets/framework_test.go:65:12: G306: Expect WriteFile permissions to be 0600 or less (gosec)
	if err := os.WriteFile(modPath, []byte("99.0.0-custom\n"), 0o644); err != nil {
	          ^
internal/assets/framework_test.go:77:14: G304: Potential file inclusion via variable (gosec)
	after, _ := os.ReadFile(modPath)
	            ^
internal/assets/framework_test.go:89:12: G306: Expect WriteFile permissions to be 0600 or less (gosec)
	if err := os.WriteFile(modPath, []byte("99.0.0-custom\n"), 0o644); err != nil {
	          ^
internal/assets/framework_test.go:96:14: G304: Potential file inclusion via variable (gosec)
	after, _ := os.ReadFile(modPath)
	            ^
internal/background/pty.go:55:9: G204: Subprocess launched with a potential tainted input or cmd arguments (gosec)
	cmd := exec.CommandContext(ctx, "/bin/sh", "-c", req.Task)
	       ^
internal/chat/envelope_sync_test.go:32:23: G304: Potential file inclusion via variable (gosec)
	registryData, err := os.ReadFile(registryPath)
	                     ^
internal/config/appconfig.go:154:15: G304: Potential file inclusion via variable (gosec)
	data, err := os.ReadFile(path)
	             ^
internal/config/config.go:206:15: G304: Potential file inclusion via variable (gosec)
	data, err := os.ReadFile(path)
	             ^
internal/config/config_test.go:28:12: G306: Expect WriteFile permissions to be 0600 or less (gosec)
	if err := os.WriteFile(userFile, []byte(userYAML), 0644); err != nil {
	          ^
internal/config/config_test.go:31:12: G306: Expect WriteFile permissions to be 0600 or less (gosec)
	if err := os.WriteFile(projectFile, []byte(projectYAML), 0644); err != nil {
	          ^
internal/config/config_test.go:169:12: G301: Expect directory permissions to be 0750 or less (gosec)
	if err := os.MkdirAll(cfgDir, 0755); err != nil {
	          ^
internal/config/config_test.go:175:12: G306: Expect WriteFile permissions to be 0600 or less (gosec)
	if err := os.WriteFile(filepath.Join(cfgDir, "config.yaml"), []byte(userYAML), 0644); err != nil {
	          ^
internal/config/config_test.go:235:12: G306: Expect WriteFile permissions to be 0600 or less (gosec)
	if err := os.WriteFile(userFile, []byte(staleYAML), 0644); err != nil {
	          ^
internal/config/config_test.go:238:12: G306: Expect WriteFile permissions to be 0600 or less (gosec)
	if err := os.WriteFile(projectFile, []byte(staleYAML), 0644); err != nil {
	          ^
internal/config/config_test.go:355:12: G306: Expect WriteFile permissions to be 0600 or less (gosec)
	if err := os.WriteFile(userFile, []byte(userYAML), 0644); err != nil {
	          ^
internal/config/config_test.go:358:12: G306: Expect WriteFile permissions to be 0600 or less (gosec)
	if err := os.WriteFile(projectFile, []byte(projectYAML), 0644); err != nil {
	          ^
internal/contextbroker/source_pcc.go:99:19: G304: Potential file inclusion via variable (gosec)
		content, err := os.ReadFile(filePath)
		                ^
internal/contextbroker/source_pcc_test.go:14:12: G301: Expect directory permissions to be 0750 or less (gosec)
	if err := os.MkdirAll(projectDir, 0755); err != nil {
	          ^
internal/contextbroker/source_pcc_test.go:25:13: G306: Expect WriteFile permissions to be 0600 or less (gosec)
		if err := os.WriteFile(filepath.Join(projectDir, name), []byte(content), 0644); err != nil {
		          ^
internal/contextbroker/source_pcc_test.go:52:12: G301: Expect directory permissions to be 0750 or less (gosec)
	if err := os.MkdirAll(projectDir, 0755); err != nil {
	          ^
internal/contextbroker/source_pcc_test.go:55:12: G306: Expect WriteFile permissions to be 0600 or less (gosec)
	if err := os.WriteFile(filepath.Join(projectDir, "00_project.md"), []byte("test"), 0644); err != nil {
	          ^
internal/contextbroker/source_pcc_test.go:73:12: G301: Expect directory permissions to be 0750 or less (gosec)
	if err := os.MkdirAll(projectDir, 0755); err != nil {
	          ^
internal/contextbroker/source_pcc_test.go:82:12: G306: Expect WriteFile permissions to be 0600 or less (gosec)
	if err := os.WriteFile(filepath.Join(projectDir, "00_project.md"), bigContent, 0644); err != nil {
	          ^
internal/contextbroker/source_pcc_test.go:85:12: G306: Expect WriteFile permissions to be 0600 or less (gosec)
	if err := os.WriteFile(filepath.Join(projectDir, "01_conventions.md"), []byte("small"), 0644); err != nil {
	          ^
internal/coordination/badger.go:96:38: G115: integer overflow conversion uint64 -> int64 (gosec)
				entry.ExpiresAt = time.Unix(int64(exp), 0)
				                                 ^
internal/fsutil/fsutil_test.go:32:17: G304: Potential file inclusion via variable (gosec)
				got, err := os.ReadFile(path)
				            ^
internal/fsutil/fsutil_test.go:44:15: G306: Expect WriteFile permissions to be 0600 or less (gosec)
				if err := os.WriteFile(path, []byte("old"), 0o644); err != nil {
				          ^
internal/fsutil/fsutil_test.go:54:15: G304: Potential file inclusion via variable (gosec)
				got, _ := os.ReadFile(path)
				          ^
internal/fsutil/fsutil_test.go:149:14: G304: Potential file inclusion via variable (gosec)
	got, err := os.ReadFile(path)
	            ^
internal/fsutil/fsutil_test.go:225:12: G301: Expect directory permissions to be 0750 or less (gosec)
	if err := os.Mkdir(target, 0o755); err != nil {
	          ^
internal/fsutil/fsutil_test.go:229:12: G306: Expect WriteFile permissions to be 0600 or less (gosec)
	if err := os.WriteFile(filepath.Join(target, "child"), []byte("x"), 0o644); err != nil {
	          ^
internal/fsutil/fsutil_test.go:250:12: G301: Expect directory permissions to be 0750 or less (gosec)
	if err := os.Mkdir(target, 0o755); err != nil {
	          ^
internal/fsutil/fsutil_test.go:253:12: G306: Expect WriteFile permissions to be 0600 or less (gosec)
	if err := os.WriteFile(filepath.Join(target, "child"), []byte("x"), 0o644); err != nil {
	          ^
internal/fsutil/fsutil_test.go:307:14: G304: Potential file inclusion via variable (gosec)
	got, err := os.ReadFile(path)
	            ^
internal/fsutil/fsutil_test.go:331:14: G304: Potential file inclusion via variable (gosec)
	got, err := os.ReadFile(path)
	            ^
internal/fsutil/fsutil_test.go:390:14: G304: Potential file inclusion via variable (gosec)
	got, err := os.ReadFile(path)
	            ^
internal/mcp/code_exec_tools.go:129:12: G306: Expect WriteFile permissions to be 0600 or less (gosec)
	if err := os.WriteFile(scriptPath, []byte(code), 0644); err != nil {
	          ^
internal/mcp/dev_tools.go:654:12: G304: Potential file inclusion via variable (gosec)
	f, err := os.Open(path)
	          ^
internal/mcp/dev_tools.go:779:13: G304: Potential file inclusion via variable (gosec)
		f, err := os.Open(path)
		          ^
internal/mcp/dev_tools.go:779:20: G122: Filesystem operation in filepath.Walk/WalkDir callback uses race-prone path; consider root-scoped APIs (e.g. os.Root) to prevent symlink TOCTOU traversal (gosec)
		f, err := os.Open(path)
		                 ^
internal/mcp/dev_tools.go:919:12: G301: Expect directory permissions to be 0750 or less (gosec)
	if err := os.MkdirAll(dir, 0o755); err != nil {
	          ^
internal/mcp/dev_tools.go:923:12: G306: Expect WriteFile permissions to be 0600 or less (gosec)
	if err := os.WriteFile(path, []byte(content), 0o644); err != nil {
	          ^
internal/mcp/dev_tools.go:949:15: G304: Potential file inclusion via variable (gosec)
	data, err := os.ReadFile(path)
	             ^
internal/mcp/dev_tools.go:972:12: G306: Expect WriteFile permissions to be 0600 or less (gosec)
	if err := os.WriteFile(path, []byte(newContent), 0o644); err != nil {
	          ^
internal/mcp/dev_tools.go:972:24: G703: Path traversal via taint analysis (gosec)
	if err := os.WriteFile(path, []byte(newContent), 0o644); err != nil {
	                      ^
internal/mcp/dev_tools_artifact_test.go:33:12: G301: Expect directory permissions to be 0750 or less (gosec)
	if err := os.MkdirAll(artifactsRoot, 0o755); err != nil {
	          ^
internal/mcp/dev_tools_artifact_test.go:38:12: G306: Expect WriteFile permissions to be 0600 or less (gosec)
	if err := os.WriteFile(storagePath, []byte(body), 0o644); err != nil {
	          ^
internal/mcp/dev_tools_artifact_test.go:139:12: G306: Expect WriteFile permissions to be 0600 or less (gosec)
	if err := os.WriteFile(rogueFile, []byte("secret"), 0o644); err != nil {
	          ^
internal/mcp/dev_tools_artifact_test.go:143:12: G301: Expect directory permissions to be 0750 or less (gosec)
	if err := os.MkdirAll(artifactsRoot, 0o755); err != nil {
	          ^
internal/mcp/dev_tools_path_grants_test.go:40:12: G306: Expect WriteFile permissions to be 0600 or less (gosec)
	if err := os.WriteFile(mentionedFile, []byte("package report\n"), 0o644); err != nil {
	          ^
internal/mcp/dev_tools_path_grants_test.go:74:12: G306: Expect WriteFile permissions to be 0600 or less (gosec)
	if err := os.WriteFile(sibling, []byte("package report\n"), 0o644); err != nil {
	          ^
internal/mcp/dev_tools_path_grants_test.go:88:12: G306: Expect WriteFile permissions to be 0600 or less (gosec)
	if err := os.WriteFile(unrelated, []byte(""), 0o644); err != nil {
	          ^
internal/mcp/dev_tools_path_grants_test.go:318:12: G306: Expect WriteFile permissions to be 0600 or less (gosec)
	if err := os.WriteFile(mentionedFile, []byte("hello\nworld\n"), 0o644); err != nil {
	          ^
internal/mcp/dev_tools_test.go:105:2: G301: Expect directory permissions to be 0750 or less (gosec)
	os.MkdirAll(filepath.Join(dir, "src"), 0o755)
	^
internal/mcp/dev_tools_test.go:106:2: G306: Expect WriteFile permissions to be 0600 or less (gosec)
	os.WriteFile(filepath.Join(dir, "src", "main.go"), []byte("package main"), 0o644)
	^
internal/mcp/dev_tools_test.go:107:2: G306: Expect WriteFile permissions to be 0600 or less (gosec)
	os.WriteFile(filepath.Join(dir, "src", "util.go"), []byte("package main"), 0o644)
	^
internal/mcp/dev_tools_test.go:108:2: G306: Expect WriteFile permissions to be 0600 or less (gosec)
	os.WriteFile(filepath.Join(dir, "readme.md"), []byte("# hi"), 0o644)
	^
internal/mcp/dev_tools_test.go:135:2: G306: Expect WriteFile permissions to be 0600 or less (gosec)
	os.WriteFile(old, []byte("old"), 0o644)
	^
internal/mcp/dev_tools_test.go:137:2: G306: Expect WriteFile permissions to be 0600 or less (gosec)
	os.WriteFile(new, []byte("new"), 0o644)
	^
internal/mcp/dev_tools_test.go:176:2: G306: Expect WriteFile permissions to be 0600 or less (gosec)
	os.WriteFile(path, []byte("hello world\ngoodbye world\n"), 0o644)
	^
internal/mcp/dev_tools_test.go:190:13: G304: Potential file inclusion via variable (gosec)
	data, _ := os.ReadFile(path)
	           ^
internal/mcp/dev_tools_test.go:199:2: G306: Expect WriteFile permissions to be 0600 or less (gosec)
	os.WriteFile(path, []byte("foo bar foo baz foo"), 0o644)
	^
internal/mcp/dev_tools_test.go:217:13: G304: Potential file inclusion via variable (gosec)
	data, _ := os.ReadFile(path)
	           ^
internal/mcp/dev_tools_test.go:226:2: G306: Expect WriteFile permissions to be 0600 or less (gosec)
	os.WriteFile(path, []byte("foo bar foo baz"), 0o644)
	^
internal/mcp/dev_tools_test.go:264:2: G306: Expect WriteFile permissions to be 0600 or less (gosec)
	os.WriteFile(path, []byte("line1\nline2\nline3\n"), 0o644)
	^
internal/mcp/dev_tools_test.go:284:2: G306: Expect WriteFile permissions to be 0600 or less (gosec)
	os.WriteFile(filepath.Join(dir, "test.go"), []byte("package main\nfunc Hello() {}\n"), 0o644)
	^
internal/mcp/dev_tools_test.go:318:15: G304: Potential file inclusion via variable (gosec)
	data, err := os.ReadFile(path)
	             ^
internal/mcp/dev_tools_test.go:385:12: G301: Expect directory permissions to be 0750 or less (gosec)
	if err := os.MkdirAll(filepath.Join(real, "sub"), 0o755); err != nil {
	          ^
internal/mcp/dev_tools_test.go:388:12: G306: Expect WriteFile permissions to be 0600 or less (gosec)
	if err := os.WriteFile(filepath.Join(real, "sub", "file.txt"), []byte("hi"), 0o644); err != nil {
	          ^
internal/mcp/security_regression_test.go:146:12: G304: Potential file inclusion via variable (gosec)
	f, err := os.Create(big)
	          ^
internal/mcp/security_regression_test.go:159:12: G306: Expect WriteFile permissions to be 0600 or less (gosec)
	if err := os.WriteFile(small, []byte("alpha\nneedle here\nomega\n"), 0o644); err != nil {
	          ^
internal/mcp/security_regression_test.go:206:13: G306: Expect WriteFile permissions to be 0600 or less (gosec)
		if err := os.WriteFile(path, []byte("alpha\nneedle\nomega\n"), 0o644); err != nil {
		          ^
internal/mcp/security_regression_test.go:415:12: G306: Expect WriteFile permissions to be 0600 or less (gosec)
	if err := os.WriteFile(allowed, []byte("allowed\n"), 0o644); err != nil {
	          ^
internal/mcp/stdio_transport.go:88:10: G204: Subprocess launched with a potential tainted input or cmd arguments (gosec)
	t.cmd = exec.Command(t.command, t.args...)
	        ^
internal/mcpconfig/mcpconfig_test.go:261:12: G306: Expect WriteFile permissions to be 0600 or less (gosec)
	if err := os.WriteFile(path, data, 0644); err != nil {
	          ^
internal/mcpconfig/mcpconfig_test.go:264:13: G304: Potential file inclusion via variable (gosec)
	read, _ := os.ReadFile(path)
	           ^
internal/messaging/sqlite.go:137:11: G202: SQL string concatenation (gosec)
	query := `SELECT ` + selectColumns + ` FROM agent_messages WHERE ` +
		strings.Join(where, " AND ") + ` ORDER BY priority DESC, created_at ASC`
internal/pathsafe/pathsafe_test.go:26:12: G301: Expect directory permissions to be 0750 or less (gosec)
	if err := os.MkdirAll(filepath.Join(root, "sub"), 0o755); err != nil {
	          ^
internal/pathsafe/pathsafe_test.go:32:12: G301: Expect directory permissions to be 0750 or less (gosec)
	if err := os.MkdirAll(filepath.Join(root, "other"), 0o755); err != nil {
	          ^
internal/permission/path_grants_lineage_test.go:220:12: G301: Expect directory permissions to be 0750 or less (gosec)
	if err := os.MkdirAll(workerDir, 0o755); err != nil { // ensure exists as dir
	          ^
internal/permission/path_grants_test.go:116:12: G301: Expect directory permissions to be 0750 or less (gosec)
	if err := os.MkdirAll(filepath.Dir(subFile), 0o755); err != nil {
	          ^
internal/permission/path_grants_test.go:119:12: G306: Expect WriteFile permissions to be 0600 or less (gosec)
	if err := os.WriteFile(subFile, []byte("x"), 0o644); err != nil {
	          ^
internal/permission/rules.go:158:15: G304: Potential file inclusion via variable (gosec)
	data, err := os.ReadFile(path)
	             ^
internal/permission/rules.go:200:12: G301: Expect directory permissions to be 0750 or less (gosec)
	if err := os.MkdirAll(dir, 0o755); err != nil {
	          ^
internal/permission/rules.go:203:9: G306: Expect WriteFile permissions to be 0600 or less (gosec)
	return os.WriteFile(path, data, 0o644)
	       ^
internal/permission/rules_test.go:68:12: G306: Expect WriteFile permissions to be 0600 or less (gosec)
	if err := os.WriteFile(path, []byte(content), 0o644); err != nil {
	          ^
internal/plugin/agent_profiles.go:164:12: G304: Potential file inclusion via variable (gosec)
	f, err := os.Open(path)
	          ^
internal/plugin/agent_profiles_test.go:59:12: G301: Expect directory permissions to be 0750 or less (gosec)
	if err := os.MkdirAll(filepath.Join(pluginDir, "agents"), 0o755); err != nil {
	          ^
internal/plugin/agent_profiles_test.go:78:12: G306: Expect WriteFile permissions to be 0600 or less (gosec)
	if err := os.WriteFile(filepath.Join(pluginDir, "agents", "curator.yaml"), []byte(profileYAML), 0o644); err != nil {
	          ^
internal/plugin/agent_profiles_test.go:249:12: G301: Expect directory permissions to be 0750 or less (gosec)
	if err := os.MkdirAll(filepath.Join(pluginDir, "agents"), 0o755); err != nil {
	          ^
internal/plugin/agent_profiles_test.go:262:12: G306: Expect WriteFile permissions to be 0600 or less (gosec)
	if err := os.WriteFile(filepath.Join(pluginDir, "agents", "legacy.yaml"), []byte(legacyYAML), 0o644); err != nil {
	          ^
internal/plugin/builtin/adapter-claude/plugin_test.go:16:12: G301: Expect directory permissions to be 0750 or less (gosec)
	if err := os.MkdirAll(agentsDir, 0o755); err != nil {
	          ^
internal/plugin/builtin/adapter-claude/plugin_test.go:20:12: G306: Expect WriteFile permissions to be 0600 or less (gosec)
	if err := os.WriteFile(filepath.Join(agentsDir, "helper.md"), []byte(content), 0o644); err != nil {
	          ^
internal/plugin/builtin/adapter-claude/plugin_test.go:40:15: G304: Potential file inclusion via variable (gosec)
	data, err := os.ReadFile(filepath.Join(dir, "CLAUDE.md"))
	             ^
internal/plugin/builtin/adapter-codex/atomicity_test.go:25:12: G302: Expect file permissions to be 0600 or less (gosec)
	if err := os.Chmod(dir, 0o555); err != nil {
	          ^
internal/plugin/builtin/adapter-codex/atomicity_test.go:28:25: G302: Expect file permissions to be 0600 or less (gosec)
	t.Cleanup(func() { _ = os.Chmod(dir, 0o755) })
	                       ^
internal/plugin/builtin/adapter-codex/plugin_test.go:16:12: G306: Expect WriteFile permissions to be 0600 or less (gosec)
	if err := os.WriteFile(filepath.Join(dir, "AGENTS.md"), []byte(content), 0o644); err != nil {
	          ^
internal/plugin/builtin/adapter-codex/plugin_test.go:36:15: G304: Potential file inclusion via variable (gosec)
	data, err := os.ReadFile(filepath.Join(dir, "AGENTS.md"))
	             ^
internal/plugin/builtin/adapter-gemini/atomicity_test.go:25:12: G302: Expect file permissions to be 0600 or less (gosec)
	if err := os.Chmod(dir, 0o555); err != nil {
	          ^
internal/plugin/builtin/adapter-gemini/atomicity_test.go:28:25: G302: Expect file permissions to be 0600 or less (gosec)
	t.Cleanup(func() { _ = os.Chmod(dir, 0o755) })
	                       ^
internal/plugin/builtin/adapter-gemini/plugin_test.go:16:12: G306: Expect WriteFile permissions to be 0600 or less (gosec)
	if err := os.WriteFile(filepath.Join(dir, "GEMINI.md"), []byte(content), 0o644); err != nil {
	          ^
internal/plugin/builtin/adapter-gemini/plugin_test.go:36:15: G304: Potential file inclusion via variable (gosec)
	data, err := os.ReadFile(filepath.Join(dir, "GEMINI.md"))
	             ^
internal/plugin/builtin/adapter-nanite-native/atomicity_test.go:27:12: G301: Expect directory permissions to be 0750 or less (gosec)
	if err := os.Mkdir(naniteDir, 0o755); err != nil {
	          ^
internal/plugin/builtin/adapter-nanite-native/atomicity_test.go:30:12: G302: Expect file permissions to be 0600 or less (gosec)
	if err := os.Chmod(naniteDir, 0o555); err != nil {
	          ^
internal/plugin/builtin/adapter-nanite-native/atomicity_test.go:33:25: G302: Expect file permissions to be 0600 or less (gosec)
	t.Cleanup(func() { _ = os.Chmod(naniteDir, 0o755) })
	                       ^
internal/plugin/builtin/adapter-nanite-native/plugin.go:212:12: G301: Expect directory permissions to be 0750 or less (gosec)
	if err := os.MkdirAll(naniteDir, 0o755); err != nil {
	          ^
internal/plugin/builtin/adapter-nanite-native/plugin.go:266:20: G304: Potential file inclusion via variable (gosec)
			if data, err := os.ReadFile(ctxPath); err == nil {
			                ^
internal/plugin/builtin/adapter-nanite-native/plugin.go:385:15: G304: Potential file inclusion via variable (gosec)
	data, err := os.ReadFile(path)
	             ^
internal/plugin/builtin/adapter-nanite-native/plugin.go:401:15: G304: Potential file inclusion via variable (gosec)
	data, err := os.ReadFile(path)
	             ^
internal/plugin/builtin/adapter-nanite-native/plugin.go:423:16: G304: Potential file inclusion via variable (gosec)
		data, err := os.ReadFile(rolePath)
		             ^
internal/plugin/builtin/adapter-nanite-native/plugin_test.go:17:2: G301: Expect directory permissions to be 0750 or less (gosec)
	os.MkdirAll(domainDir, 0o755)
	^
internal/plugin/builtin/adapter-nanite-native/plugin_test.go:18:2: G301: Expect directory permissions to be 0750 or less (gosec)
	os.MkdirAll(stackDir, 0o755)
	^
internal/plugin/builtin/adapter-nanite-native/plugin_test.go:20:2: G306: Expect WriteFile permissions to be 0600 or less (gosec)
	os.WriteFile(filepath.Join(domainDir, "backend.md"), []byte("# Role: Backend\nYou are a backend engineer."), 0o644)
	^
internal/plugin/builtin/adapter-nanite-native/plugin_test.go:21:2: G306: Expect WriteFile permissions to be 0600 or less (gosec)
	os.WriteFile(filepath.Join(stackDir, "go.md"), []byte("# Role: Go\nFollow Go conventions."), 0o644)
	^
internal/plugin/builtin/adapter-nanite-native/plugin_test.go:54:1: G306: Expect WriteFile permissions to be 0600 or less (gosec)
os.WriteFile(cfgPath, []byte(`
nanite_version: "2.3.0"
agents:
  test-agent:
    name: Test Agent
    description: A test agent
    roles: [backend]
    skills: [go-build]
    context: agents/test.md
`), 0o644)
internal/plugin/builtin/adapter-nanite-native/plugin_test.go:98:2: G301: Expect directory permissions to be 0750 or less (gosec)
	os.MkdirAll(naniteDir, 0o755)
	^
internal/plugin/builtin/adapter-nanite-native/plugin_test.go:100:2: G306: Expect WriteFile permissions to be 0600 or less (gosec)
	os.WriteFile(filepath.Join(naniteDir, "config.yaml"), []byte(`
agents:
  nanite-agent:
    name: Nanite Agent
`), 0o644)
internal/plugin/builtin/adapter-nanite-native/plugin_test.go:152:12: G301: Expect directory permissions to be 0750 or less (gosec)
	if err := os.MkdirAll(naniteDir, 0o755); err != nil {
	          ^
internal/plugin/builtin/adapter-nanite-native/plugin_test.go:163:12: G306: Expect WriteFile permissions to be 0600 or less (gosec)
	if err := os.WriteFile(filepath.Join(naniteDir, "config.yaml"), []byte(cfg), 0o644); err != nil {
	          ^
internal/plugin/builtin/adapter-opencode/atomicity_test.go:25:12: G302: Expect file permissions to be 0600 or less (gosec)
	if err := os.Chmod(dir, 0o555); err != nil {
	          ^
internal/plugin/builtin/adapter-opencode/atomicity_test.go:28:25: G302: Expect file permissions to be 0600 or less (gosec)
	t.Cleanup(func() { _ = os.Chmod(dir, 0o755) })
	                       ^
internal/plugin/builtin/adapter-opencode/plugin_test.go:16:12: G306: Expect WriteFile permissions to be 0600 or less (gosec)
	if err := os.WriteFile(filepath.Join(dir, "OPENCODE.md"), []byte(content), 0o644); err != nil {
	          ^
internal/plugin/builtin/adapter-opencode/plugin_test.go:36:15: G304: Potential file inclusion via variable (gosec)
	data, err := os.ReadFile(filepath.Join(dir, "OPENCODE.md"))
	             ^
internal/plugin/catalog.go:224:2: G301: Expect directory permissions to be 0750 or less (gosec)
	os.MkdirAll(cf.cacheDir, 0755)
	^
internal/plugin/catalog.go:225:6: G306: Expect WriteFile permissions to be 0600 or less (gosec)
	_ = os.WriteFile(path, data, 0644)
	    ^
internal/plugin/catalog.go:233:15: G304: Potential file inclusion via variable (gosec)
	data, err := os.ReadFile(path)
	             ^
internal/plugin/catalog.go:257:12: G304: Potential file inclusion via variable (gosec)
	f, err := os.Open(filePath)
	          ^
internal/plugin/catalog/fetch.go:130:8: G301: Expect directory permissions to be 0750 or less (gosec)
			_ = os.MkdirAll(f.CacheDir, 0o755)
			    ^
internal/plugin/catalog/fetch.go:137:18: G304: Potential file inclusion via variable (gosec)
		if cy, cerr := os.ReadFile(yp); cerr == nil {
		               ^
internal/plugin/catalog/fetch.go:216:6: G301: Expect directory permissions to be 0750 or less (gosec)
	_ = os.MkdirAll(f.CacheDir, 0o755)
	    ^
internal/plugin/catalog/fetch.go:226:12: G304: Potential file inclusion via variable (gosec)
	y, err := os.ReadFile(yp)
	          ^
internal/plugin/catalog/fetch.go:230:12: G304: Potential file inclusion via variable (gosec)
	s, err := os.ReadFile(sp)
	          ^
internal/plugin/config.go:364:15: G304: Potential file inclusion via variable (gosec)
	data, err := os.ReadFile(manifestPath)
	             ^
internal/plugin/config.go:380:21: G304: Potential file inclusion via variable (gosec)
	if cfgData, err := os.ReadFile(configPath); err == nil {
	                   ^
internal/plugin/config.go:392:15: G304: Potential file inclusion via variable (gosec)
	data, err := os.ReadFile(path)
	             ^
internal/plugin/config_manifest_v1_test.go:238:12: G306: Expect WriteFile permissions to be 0600 or less (gosec)
	if err := os.WriteFile(path, []byte("schema_version: 1\nid: foo\nname: Foo\nversion: 1.0.0\n"), 0o644); err != nil {
	          ^
internal/plugin/envelope_validator.go:81:15: G304: Potential file inclusion via variable (gosec)
	data, err := os.ReadFile(path)
	             ^
internal/plugin/install/download.go:83:14: G304: Potential file inclusion via variable (gosec)
	out, err := os.OpenFile(dest, os.O_CREATE|os.O_EXCL|os.O_WRONLY, 0o600)
	            ^
internal/plugin/install/download_test.go:32:14: G304: Potential file inclusion via variable (gosec)
	got, err := os.ReadFile(path)
	            ^
internal/plugin/install/extract.go:159:14: G301: Expect directory permissions to be 0750 or less (gosec)
			if err := os.MkdirAll(destPath, 0o755); err != nil {
			          ^
internal/plugin/install/extract.go:172:14: G301: Expect directory permissions to be 0750 or less (gosec)
			if err := os.MkdirAll(filepath.Dir(destPath), 0o755); err != nil {
			          ^
internal/plugin/install/extract.go:176:16: G304: Potential file inclusion via variable (gosec)
			out, err := os.OpenFile(destPath, os.O_CREATE|os.O_EXCL|os.O_WRONLY, mode)
			            ^
internal/plugin/install/extract.go:219:20: G115: integer overflow conversion int64 -> uint32 (gosec)
	return os.FileMode(mode) & 0o777
	                  ^
internal/plugin/install/extract.go:266:11: G301: Expect directory permissions to be 0750 or less (gosec)
			return os.MkdirAll(dest, 0o755)
			       ^
internal/plugin/install/extract.go:268:14: G301: Expect directory permissions to be 0750 or less (gosec)
			if err := os.MkdirAll(filepath.Dir(dest), 0o755); err != nil {
			          ^
internal/plugin/install/extract.go:279:13: G304: Potential file inclusion via variable (gosec)
	in, err := os.Open(src)
	           ^
internal/plugin/install/extract.go:284:14: G304: Potential file inclusion via variable (gosec)
	out, err := os.OpenFile(dst, os.O_CREATE|os.O_EXCL|os.O_WRONLY, mode)
	            ^
internal/plugin/install/extract_test.go:253:12: G301: Expect directory permissions to be 0750 or less (gosec)
	if err := os.Mkdir(filepath.Join(src, "bin"), 0o755); err != nil {
	          ^
internal/plugin/install/extract_test.go:256:12: G306: Expect WriteFile permissions to be 0600 or less (gosec)
	if err := os.WriteFile(filepath.Join(src, "bin", "run"), []byte("ok"), 0o755); err != nil {
	          ^
internal/plugin/install/staging.go:38:12: G301: Expect directory permissions to be 0750 or less (gosec)
	if err := os.MkdirAll(s.StagingRoot, 0o755); err != nil {
	          ^
internal/plugin/install/staging.go:41:12: G301: Expect directory permissions to be 0750 or less (gosec)
	if err := os.MkdirAll(s.PluginsRoot, 0o755); err != nil {
	          ^
internal/plugin/install/staging.go:46:15: G304: Potential file inclusion via variable (gosec)
	lock, err := os.OpenFile(lockPath, os.O_CREATE|os.O_EXCL|os.O_WRONLY, 0o600)
	             ^
internal/plugin/install/staging_test.go:86:12: G301: Expect directory permissions to be 0750 or less (gosec)
	if err := os.MkdirAll(oldDir, 0o755); err != nil {
	          ^
internal/plugin/install/validate.go:125:15: G304: Potential file inclusion via variable (gosec)
	data, err := os.ReadFile(manifestPath)
	             ^
internal/plugin/install/validate_test.go:12:12: G301: Expect directory permissions to be 0750 or less (gosec)
	if err := os.MkdirAll(filepath.Dir(path), 0o755); err != nil {
	          ^
internal/plugin/install/validate_test.go:15:12: G306: Expect WriteFile permissions to be 0600 or less (gosec)
	if err := os.WriteFile(path, []byte(content), 0o644); err != nil {
	          ^
internal/plugin/loader_disable_test.go:117:12: G301: Expect directory permissions to be 0750 or less (gosec)
	if err := os.MkdirAll(dir, 0o755); err != nil {
	          ^
internal/plugin/loader_disable_test.go:129:12: G306: Expect WriteFile permissions to be 0600 or less (gosec)
	if err := os.WriteFile(filepath.Join(dir, "plugin.yaml"), []byte(manifest), 0o644); err != nil {
	          ^
internal/plugin/manage_test.go:120:12: G301: Expect directory permissions to be 0750 or less (gosec)
	if err := os.MkdirAll(dir, 0o755); err != nil {
	          ^
internal/plugin/manage_test.go:132:12: G306: Expect WriteFile permissions to be 0600 or less (gosec)
	if err := os.WriteFile(filepath.Join(dir, "plugin.yaml"), []byte(manifest), 0o644); err != nil {
	          ^
internal/plugin/manage_test.go:173:12: G301: Expect directory permissions to be 0750 or less (gosec)
	if err := os.MkdirAll(dir, 0o755); err != nil {
	          ^
internal/plugin/manage_test.go:185:12: G306: Expect WriteFile permissions to be 0600 or less (gosec)
	if err := os.WriteFile(filepath.Join(dir, "plugin.yaml.disabled"), []byte(manifest), 0o644); err != nil {
	          ^
internal/plugin/repos.go:25:15: G304: Potential file inclusion via variable (gosec)
	data, err := os.ReadFile(path)
	             ^
internal/plugin/scaffold/scaffold.go:171:11: G301: Expect directory permissions to be 0750 or less (gosec)
			return os.MkdirAll(dst, 0o755)
			       ^
internal/plugin/scaffold/scaffold.go:180:11: G301: Expect directory permissions to be 0750 or less (gosec)
			return os.MkdirAll(target, 0o755)
			       ^
internal/plugin/scaffold/scaffold.go:198:13: G301: Expect directory permissions to be 0750 or less (gosec)
		if err := os.MkdirAll(filepath.Dir(outPath), 0o755); err != nil {
		          ^
internal/plugin/scaffold/scaffold.go:207:14: G304: Potential file inclusion via variable (gosec)
			f, err := os.Create(outPath)
			          ^
internal/plugin/scaffold/scaffold.go:219:14: G306: Expect WriteFile permissions to be 0600 or less (gosec)
			if err := os.WriteFile(outPath, content, 0o644); err != nil {
			          ^
internal/plugin/scaffold/scaffold_test.go:73:20: G304: Potential file inclusion via variable (gosec)
	yamlBytes, err := os.ReadFile(filepath.Join(out, "plugin.yaml"))
	                  ^
internal/plugin/scaffold/scaffold_test.go:120:15: G304: Potential file inclusion via variable (gosec)
	vite, err := os.ReadFile(filepath.Join(out, "ui", "vite.config.ts"))
	             ^
internal/plugin/scaffold/scaffold_test.go:148:13: G304: Potential file inclusion via variable (gosec)
	mk, err := os.ReadFile(filepath.Join(out, "Makefile"))
	           ^
internal/plugin/scaffold/scaffold_test.go:169:15: G304: Potential file inclusion via variable (gosec)
	main, err := os.ReadFile(filepath.Join(out, "main.go"))
	             ^
internal/plugin/scaffold/scaffold_test.go:187:16: G304: Potential file inclusion via variable (gosec)
	gomod, err := os.ReadFile(filepath.Join(out, "go.mod"))
	              ^
internal/plugin/scaffold/scaffold_test.go:212:16: G304: Potential file inclusion via variable (gosec)
	goSrc, err := os.ReadFile(filepath.Join(out, "plugin.go"))
	              ^
internal/plugin/scaffold/scaffold_test.go:227:20: G304: Potential file inclusion via variable (gosec)
	yamlBytes, err := os.ReadFile(filepath.Join(out, "plugin.yaml"))
	                  ^
internal/plugin/scaffold/scaffold_test.go:250:12: G301: Expect directory permissions to be 0750 or less (gosec)
	if err := os.MkdirAll(out, 0o755); err != nil {
	          ^
internal/plugin/scaffold/scaffold_test.go:253:12: G306: Expect WriteFile permissions to be 0600 or less (gosec)
	if err := os.WriteFile(filepath.Join(out, "plugin.yaml"), []byte("name: existing"), 0o644); err != nil {
	          ^
internal/plugin/signature.go:86:12: G304: Potential file inclusion via variable (gosec)
	f, err := os.Open(path)
	          ^
internal/plugin/signature_test.go:89:2: G306: Expect WriteFile permissions to be 0600 or less (gosec)
	os.WriteFile(f.Name(), []byte("tampered content"), 0644)
	^
internal/plugin/subprocess/manager.go:127:9: G204: Subprocess launched with a potential tainted input or cmd arguments (gosec)
	cmd := exec.Command(m.cfg.Command, m.cfg.Args...)
	       ^
internal/plugin/subprocess/plugin.go:291:13: G301: Expect directory permissions to be 0750 or less (gosec)
		if err := os.MkdirAll(dataDir, 0o755); err != nil {
		          ^
internal/plugin/subprocess/plugin.go:300:13: G301: Expect directory permissions to be 0750 or less (gosec)
		if err := os.MkdirAll(cacheDir, 0o755); err != nil {
		          ^
internal/runtime/agent/agent.go:380:13: G301: Expect directory permissions to be 0750 or less (gosec)
		if err := os.MkdirAll(opts.Workdir, 0o755); err != nil {
		          ^
internal/runtime/agent/agent_acp.go:159:2: G118: Goroutine uses context.Background/TODO while request-scoped context is available (gosec)
	go func() {
	^
internal/runtime/agent/boot_test.go:284:12: G306: Expect WriteFile permissions to be 0600 or less (gosec)
	if err := os.WriteFile(sentinel, []byte("preserve me"), 0o644); err != nil {
	          ^
internal/runtime/agent/boot_test.go:310:15: G304: Potential file inclusion via variable (gosec)
	body, err := os.ReadFile(sentinel)
	             ^
internal/runtime/agent/bootdir_claude_test.go:63:16: G304: Potential file inclusion via variable (gosec)
		body, err := os.ReadFile(filepath.Join(bootDir, c.path))
		             ^
internal/runtime/agent/bootdir_claude_test.go:117:15: G304: Potential file inclusion via variable (gosec)
	body, err := os.ReadFile(filepath.Join(bootDir, ".claude/settings.json"))
	             ^
internal/runtime/agent/bootdir_claude_test.go:152:15: G304: Potential file inclusion via variable (gosec)
	body, err := os.ReadFile(filepath.Join(bootDir, ".claude/settings.json"))
	             ^
internal/runtime/agent/bootdir_claude_test.go:187:19: G304: Potential file inclusion via variable (gosec)
	bareBody, err := os.ReadFile(filepath.Join(bareDir, ".claude/settings.json"))
	                 ^
internal/runtime/agent/bootdir_codex_test.go:40:15: G304: Potential file inclusion via variable (gosec)
	body, err := os.ReadFile(filepath.Join(bootDir, "AGENTS.md"))
	             ^
internal/runtime/agent/bootdir_codex_test.go:81:15: G304: Potential file inclusion via variable (gosec)
	body, err := os.ReadFile(filepath.Join(bootDir, "config.toml"))
	             ^
internal/runtime/agent/bootdir_codex_test.go:125:15: G304: Potential file inclusion via variable (gosec)
	body, err := os.ReadFile(filepath.Join(bootDir, "config.toml"))
	             ^
internal/runtime/agent/bootdir_codex_test.go:145:19: G304: Potential file inclusion via variable (gosec)
	bareBody, err := os.ReadFile(filepath.Join(bareDir, "config.toml"))
	                 ^
internal/runtime/agent/bootdir_opencode_test.go:43:15: G304: Potential file inclusion via variable (gosec)
	body, err := os.ReadFile(agentMDPath)
	             ^
internal/runtime/agent/bootdir_opencode_test.go:55:25: G304: Potential file inclusion via variable (gosec)
	agentsJSONBody, err := os.ReadFile(filepath.Join(bootDir, "agents.json"))
	                       ^
internal/runtime/agent/bootdir_opencode_test.go:78:27: G304: Potential file inclusion via variable (gosec)
	opencodeJSONBody, err := os.ReadFile(filepath.Join(bootDir, "opencode.json"))
	                         ^
internal/runtime/agent/bootdir_plant.go:88:12: G301: Expect directory permissions to be 0750 or less (gosec)
	if err := os.MkdirAll(filepath.Dir(path), 0o755); err != nil {
	          ^
internal/runtime/agent/bootdir_plant_test.go:47:16: G304: Potential file inclusion via variable (gosec)
		body, err := os.ReadFile(filepath.Join(bootDir, filepath.FromSlash(c.path)))
		             ^
internal/runtime/agent/workspace.go:52:13: G301: Expect directory permissions to be 0750 or less (gosec)
		if err := os.MkdirAll(dir, 0o755); err != nil {
		          ^
internal/runtime/agent/workspace_test.go:56:12: G306: Expect WriteFile permissions to be 0600 or less (gosec)
	if err := os.WriteFile(canary, []byte("present"), 0o644); err != nil {
	          ^
internal/runtime/agent/workspace_test.go:63:18: G304: Potential file inclusion via variable (gosec)
	if data, err := os.ReadFile(canary); err != nil || string(data) != "present" {
	                ^
internal/runtime/agent/wrapper_adapter.go:253:12: G301: Expect directory permissions to be 0750 or less (gosec)
	if err := os.MkdirAll(dir, 0o755); err != nil {
	          ^
internal/runtime/agent/wrapper_adapter.go:274:12: G306: Expect WriteFile permissions to be 0600 or less (gosec)
	if err := os.WriteFile(scriptPath, []byte(b.String()), 0o700); err != nil {
	          ^
internal/runtime/agent/wrapper_lifecycle_test.go:64:12: G306: Expect WriteFile permissions to be 0600 or less (gosec)
	if err := os.WriteFile(scriptPath, []byte(fakeClaudeStreamJSONScript), 0o755); err != nil {
	          ^
internal/runtime/agent/wrapper_lifecycle_test.go:242:12: G306: Expect WriteFile permissions to be 0600 or less (gosec)
	if err := os.WriteFile(scriptPath, []byte(fakeClaudeLongLivedScript), 0o755); err != nil {
	          ^
internal/runtime/agent/wrapper_lifecycle_test.go:333:12: G306: Expect WriteFile permissions to be 0600 or less (gosec)
	if err := os.WriteFile(scriptPath, []byte(fakeCodexExecScript), 0o755); err != nil {
	          ^
internal/runtime/agent/wrapper_lifecycle_test.go:411:15: G304: Potential file inclusion via variable (gosec)
	seen, err := os.ReadFile(probeFile)
	             ^
internal/runtime/agent/wrapper_lifecycle_test.go:460:12: G306: Expect WriteFile permissions to be 0600 or less (gosec)
	if err := os.WriteFile(scriptPath, []byte(fakeOpencodeRunScript), 0o755); err != nil {
	          ^
internal/runtime/agent/wrapper_lifecycle_test.go:545:15: G304: Potential file inclusion via variable (gosec)
	seen, err := os.ReadFile(probeFile)
	             ^
internal/sandbox/exec.go:143:9: G204: Subprocess launched with a potential tainted input or cmd arguments (gosec)
	cmd := exec.CommandContext(ctx, opts.Command, opts.Args...)
	       ^
internal/sandbox/exec.go:195:9: G204: Subprocess launched with a potential tainted input or cmd arguments (gosec)
	cmd := exec.CommandContext(ctx, opts.Command, opts.Args...)
	       ^
internal/sandbox/exec_group_test.go:81:14: G304: Potential file inclusion via variable (gosec)
	raw, err := os.ReadFile(pidFile)
	            ^
internal/sandbox/exec_group_test.go:88:15: G304: Potential file inclusion via variable (gosec)
			raw, err = os.ReadFile(pidFile)
			           ^
internal/sandbox/exec_test.go:319:12: G306: Expect WriteFile permissions to be 0600 or less (gosec)
	if err := os.WriteFile(fixturePath, []byte("hi from workdir\n"), 0o644); err != nil {
	          ^
internal/sandbox/proxy.go:156:14: G112: Potential Slowloris Attack because ReadHeaderTimeout is not configured in the http.Server (gosec)
	p.server = &http.Server{
		Handler: http.HandlerFunc(p.handleRequest),
	}
internal/sandbox/proxy.go:325:12: G706: Log injection via taint analysis (gosec)
		slog.Warn("proxy: denied CONNECT (port not in TLS allowlist)", "host", r.Host, "port", port)
		         ^
internal/sandbox/proxy.go:331:12: G706: Log injection via taint analysis (gosec)
		slog.Warn("proxy: denied CONNECT", "host", r.Host)
		         ^
internal/sandbox/proxy.go:340:12: G706: Log injection via taint analysis (gosec)
		slog.Warn("proxy: blocked CONNECT", "host", r.Host, "err", err)
		         ^
internal/sandbox/proxy.go:459:12: G706: Log injection via taint analysis (gosec)
		slog.Warn("proxy: denied", "method", r.Method, "host", r.URL.Host)
		         ^
internal/sandbox/proxy.go:487:43: G704: SSRF via taint analysis (gosec)
	outReq, err := http.NewRequestWithContext(r.Context(), r.Method, r.URL.String(), r.Body)
	                                         ^
internal/sandbox/proxy.go:515:24: G704: SSRF via taint analysis (gosec)
	resp, err := client.Do(outReq)
	                      ^
internal/sandbox/proxy_test.go:143:23: G402: TLS InsecureSkipVerify set to true. (gosec)
		InsecureSkipVerify: true,
		                    ^
internal/sandbox/sandbox.go:40:12: G301: Expect directory permissions to be 0750 or less (gosec)
	if err := os.MkdirAll(base, 0755); err != nil {
	          ^
internal/sandbox/sandbox.go:51:12: G301: Expect directory permissions to be 0750 or less (gosec)
	if err := os.MkdirAll(subDir, 0755); err != nil {
	          ^
internal/sandbox/sandbox.go:74:12: G301: Expect directory permissions to be 0750 or less (gosec)
	if err := os.MkdirAll(subDir, 0755); err != nil {
	          ^
internal/selftools/self_tools_python.go:283:9: G204: Subprocess launched with variable (gosec)
	cmd := exec.CommandContext(runCtx, py3, "-IBES", "-c", pythonPreamble)
	       ^
internal/selftools/self_tools_subagent_envelope_test.go:61:29: G115: integer overflow conversion int -> rune (gosec)
	return "env-" + string(rune('0'+e.count)), nil
	                           ^
internal/server/server.go:362:12: G706: Log injection via taint analysis (gosec)
		slog.Info("http request", "method", r.Method, "path", r.URL.Path, "duration", time.Since(start).String())
		         ^
internal/server/server.go:385:14: G706: Log injection via taint analysis (gosec)
			slog.Error("http handler panic",
			          ^
internal/service/agent_bootdir_adapter_test.go:153:12: G306: Expect WriteFile permissions to be 0600 or less (gosec)
	if err := os.WriteFile(stalePath, []byte("STALE-PLACEHOLDER"), 0o644); err != nil {
	          ^
internal/service/agent_bootdir_adapter_test.go:173:15: G304: Potential file inclusion via variable (gosec)
	body, err := os.ReadFile(stalePath)
	             ^
internal/service/agent_bootdir_adapter_test.go:213:12: G306: Expect WriteFile permissions to be 0600 or less (gosec)
	if err := os.WriteFile(contextPath, []byte(sentinel), 0o644); err != nil {
	          ^
internal/service/agent_bootdir_adapter_test.go:219:12: G306: Expect WriteFile permissions to be 0600 or less (gosec)
	if err := os.WriteFile(claudePath, []byte("PLACEHOLDER-FOR-MTIME"), 0o644); err != nil {
	          ^
internal/service/agent_bootdir_adapter_test.go:228:21: G304: Potential file inclusion via variable (gosec)
	claudeBody, err := os.ReadFile(claudePath)
	                   ^
internal/service/agent_bootdir_adapter_test.go:241:22: G304: Potential file inclusion via variable (gosec)
	contextBody, err := os.ReadFile(contextPath)
	                    ^
internal/service/agent_bootdir_adapter_test.go:365:12: G301: Expect directory permissions to be 0750 or less (gosec)
	if err := os.MkdirAll(bootDir, 0o755); err != nil {
	          ^
internal/service/agent_bootdir_adapter_test.go:419:12: G306: Expect WriteFile permissions to be 0600 or less (gosec)
	if err := os.WriteFile(contextPath, []byte(sentinel), 0o644); err != nil {
	          ^
internal/service/agent_bootdir_adapter_test.go:433:15: G304: Potential file inclusion via variable (gosec)
	body, err := os.ReadFile(contextPath)
	             ^
internal/service/agent_config_test.go:28:12: G301: Expect directory permissions to be 0750 or less (gosec)
	if err := os.MkdirAll(dir, 0o755); err != nil {
	          ^
internal/service/agent_config_test.go:32:12: G306: Expect WriteFile permissions to be 0600 or less (gosec)
	if err := os.WriteFile(path, []byte(body), 0o644); err != nil {
	          ^
internal/service/agent_config_test.go:64:12: G304: Potential file inclusion via variable (gosec)
	raw, _ := os.ReadFile(path)
	          ^
internal/service/agent_config_test.go:233:12: G306: Expect WriteFile permissions to be 0600 or less (gosec)
	if err := os.WriteFile(created.Profile.SourceRef, []byte("---\nid: "+created.Profile.ID+"\nname: Atlas\nslug: atlas\n---\nhand edit\n"), 0o644); err != nil {
	          ^
internal/service/chat_boot_drive.go:193:3: G118: Goroutine uses context.Background/TODO while request-scoped context is available (gosec)
		go s.observeSessionForRecovery(bootedSession, sessionID, bootedProfile, bootedProvider, bootedWorkdir, bootedAt, usedResume)
		^
internal/service/chat_boot_drive_context_resolver_test.go:155:12: G301: Expect directory permissions to be 0750 or less (gosec)
	if err := os.MkdirAll(filepath.Join(bootDir, ".sandbox"), 0o755); err != nil {
	          ^
internal/service/chat_boot_drive_context_resolver_test.go:162:19: G304: Potential file inclusion via variable (gosec)
	claudeMD, err := os.ReadFile(filepath.Join(bootDir, "CLAUDE.md"))
	                 ^
internal/service/chat_boot_drive_test.go:214:12: G301: Expect directory permissions to be 0750 or less (gosec)
	if err := os.MkdirAll(filepath.Join(bootDir, ".sandbox"), 0o755); err != nil {
	          ^
internal/service/chat_boot_drive_test.go:224:17: G304: Potential file inclusion via variable (gosec)
	claude, err := os.ReadFile(filepath.Join(bootDir, "CLAUDE.md"))
	               ^
internal/service/chat_boot_drive_test.go:232:18: G304: Potential file inclusion via variable (gosec)
	ctxFile, err := os.ReadFile(filepath.Join(bootDir, ".sandbox", "agent-context.md"))
	                ^
internal/service/chat_boot_drive_test.go:257:12: G301: Expect directory permissions to be 0750 or less (gosec)
	if err := os.MkdirAll(filepath.Join(bootDir, ".sandbox"), 0o755); err != nil {
	          ^
internal/service/chat_path_grants_e2e_test.go:71:12: G306: Expect WriteFile permissions to be 0600 or less (gosec)
	if err := os.WriteFile(filepath.Join(tmpDir, "hello.md"), []byte("hi\n"), 0o644); err != nil {
	          ^
internal/service/chat_path_grants_e2e_test.go:180:12: G306: Expect WriteFile permissions to be 0600 or less (gosec)
	if err := os.WriteFile(filepath.Join(tmpDir, "hello.md"), []byte("hi\n"), 0o644); err != nil {
	          ^
internal/service/container.go:1162:45: G118: context cancellation function returned by WithCancel/WithTimeout/WithDeadline is not called (gosec)
	reaperCtx, stopReaper := context.WithCancel(context.Background())
	                                           ^
internal/service/container.go:1182:59: G118: context cancellation function returned by WithCancel/WithTimeout/WithDeadline is not called (gosec)
	runtimeReaperCtx, stopRuntimeReaper := context.WithCancel(context.Background())
	                                                         ^
internal/service/context_workspace_slot_test.go:21:12: G301: Expect directory permissions to be 0750 or less (gosec)
	if err := os.MkdirAll(filepath.Dir(path), 0o755); err != nil {
	          ^
internal/service/context_workspace_slot_test.go:24:12: G306: Expect WriteFile permissions to be 0600 or less (gosec)
	if err := os.WriteFile(path, []byte(content), 0o644); err != nil {
	          ^
internal/service/context_workspace_slot_test.go:31:12: G301: Expect directory permissions to be 0750 or less (gosec)
	if err := os.MkdirAll(filepath.Join(dir, ".git"), 0o755); err != nil {
	          ^
internal/service/context_workspace_slot_test.go:182:12: G306: Expect WriteFile permissions to be 0600 or less (gosec)
	if err := os.WriteFile(agentsMD, []byte("RULES-V2"), 0o644); err != nil {
	          ^
internal/service/durable_agent_recipes.go:1118:15: G304: Potential file inclusion via variable (gosec)
	data, err := os.ReadFile(path)
	             ^
internal/service/durable_agent_recipes_test.go:75:12: G306: Expect WriteFile permissions to be 0600 or less (gosec)
	if err := os.WriteFile(path, []byte(`[
		{
			"id": "project-advisor",
			"schema_version": 1,
			"kind": "project_advisor",
			"name": "Catalog Advisor",
			"description": "Configured override",
			"lifecycle_class": "advisor",
			"profile_rule": "operator_selected",
			"provider": "openai",
			"model": "gpt-4.1",
			"runtime_kind": "api",
			"launch_source_type": "durable_advisor",
			"wake_defaults": {"reason": "manual"},
			"inputs": [
				{"id": "name", "label": "Name", "type": "string", "required": true, "maps_to": "durable_agent.name"}
			]
		}
	]`), 0o644); err != nil {
internal/service/durable_agent_recipes_test.go:109:12: G306: Expect WriteFile permissions to be 0600 or less (gosec)
	if err := os.WriteFile(path, []byte(`
recipes:
  - id: architect-proxima
    schema_version: 1
    kind: project_advisor
    name: Architect Proxima
    description: Durable architect agent
    lifecycle_class: advisor
    profile_rule: operator_selected
    provider: anthropic
    model: claude-sonnet-4
    runtime_kind: api
    launch_source_type: durable_advisor
    wake_defaults:
      reason: manual
    inputs:
      - id: name
        label: Name
        type: string
        required: true
        maps_to: durable_agent.name
      - id: provider
        label: Provider
        type: provider
        default: anthropic
        maps_to: durable_agent.provider
`), 0o644); err != nil {
internal/service/durable_agent_recipes_test.go:151:12: G306: Expect WriteFile permissions to be 0600 or less (gosec)
	if err := os.WriteFile(path, []byte(`
recipes:
  - id: broken
    schema_version: 1
    kind: project_advisor
    name: Broken
    lifecycle_class: advisor
    provider: anthropic
    model: claude-sonnet-4
    runtime_kind: api
    launch_source_type: durable_advisor
    wake_defaults:
      reason: manual
    inputs:
      - id: mode
        label: Mode
        type: select
`), 0o644); err != nil {
internal/service/durable_agent_recipes_test.go:179:12: G306: Expect WriteFile permissions to be 0600 or less (gosec)
	if err := os.WriteFile(filepath.Join(dir, "a.json"), []byte(`[
		{"id":"web-chat-agent","schema_version":1,"kind":"project_advisor","name":"A","description":"A","lifecycle_class":"advisor","provider":"anthropic","model":"claude-sonnet-4","runtime_kind":"api","launch_source_type":"durable_advisor","wake_defaults":{"reason":"manual"},"inputs":[{"id":"name","label":"Name","type":"string","required":true,"maps_to":"durable_agent.name"}]}
	]`), 0o644); err != nil {
internal/service/durable_agent_recipes_test.go:184:12: G306: Expect WriteFile permissions to be 0600 or less (gosec)
	if err := os.WriteFile(filepath.Join(dir, "b.json"), []byte(`[
		{"id":"web-chat-agent","schema_version":1,"kind":"project_advisor","name":"B","description":"B","lifecycle_class":"advisor","provider":"anthropic","model":"claude-sonnet-4","runtime_kind":"api","launch_source_type":"durable_advisor","wake_defaults":{"reason":"manual"},"inputs":[{"id":"name","label":"Name","type":"string","required":true,"maps_to":"durable_agent.name"}]}
	]`), 0o644); err != nil {
internal/service/durable_agent_recipes_test.go:397:12: G306: Expect WriteFile permissions to be 0600 or less (gosec)
	if err := os.WriteFile(path, []byte(`[
		{
			"id": "metadata-driven",
			"schema_version": 1,
			"kind": "project_advisor",
			"name": "Metadata Driven",
			"description": "Requires mapped metadata inputs.",
			"lifecycle_class": "advisor",
			"profile_id": "profile-fixed",
			"provider": "anthropic",
			"model": "claude-sonnet-4",
			"runtime_kind": "api",
			"launch_source_type": "durable_advisor",
			"wake_defaults": {"reason": "manual"},
			"inputs": [
				{"id": "external_id", "label": "External ID", "type": "string", "required": true, "maps_to": "metadata.external_id"},
				{"id": "project", "label": "Project", "type": "string", "required": true, "maps_to": "wake_payload.facts.project"}
			]
		}
	]`), 0o644); err != nil {
internal/service/install/adapter_cleanup_test.go:30:17: G304: Potential file inclusion via variable (gosec)
	existing, _ := os.ReadFile(path)
	               ^
internal/service/install/adapter_cleanup_test.go:32:12: G306: Expect WriteFile permissions to be 0600 or less (gosec)
	if err := os.WriteFile(path, []byte(combined), 0o644); err != nil {
	          ^
internal/service/install/adapter_cleanup_test.go:32:24: G703: Path traversal via taint analysis (gosec)
	if err := os.WriteFile(path, []byte(combined), 0o644); err != nil {
	                      ^
internal/service/install/adapter_cleanup_test.go:52:12: G304: Potential file inclusion via variable (gosec)
	got, _ := os.ReadFile(path)
	          ^
internal/service/install/adapter_detect_test.go:25:9: G306: Expect WriteFile permissions to be 0600 or less (gosec)
				_ = os.WriteFile(filepath.Join(dir, "CLAUDE.md"), []byte("# hi"), 0o644)
				    ^
internal/service/install/adapter_detect_test.go:32:9: G301: Expect directory permissions to be 0750 or less (gosec)
				_ = os.MkdirAll(filepath.Join(dir, ".claude"), 0o755)
				    ^
internal/service/install/adapter_detect_test.go:40:10: G306: Expect WriteFile permissions to be 0600 or less (gosec)
					_ = os.WriteFile(filepath.Join(dir, f), []byte("# hi"), 0o644)
					    ^
internal/service/install/adapter_detect_test.go:48:9: G306: Expect WriteFile permissions to be 0600 or less (gosec)
				_ = os.WriteFile(filepath.Join(dir, "AGENTS.md"), []byte("# hi"), 0o644)
				    ^
internal/service/install/adapter_detect_test.go:49:9: G301: Expect directory permissions to be 0750 or less (gosec)
				_ = os.MkdirAll(filepath.Join(dir, ".gemini"), 0o755)
				    ^
internal/service/install/adapter_detect_test.go:56:9: G306: Expect WriteFile permissions to be 0600 or less (gosec)
				_ = os.WriteFile(filepath.Join(dir, "OPENCODE.md"), []byte("# hi"), 0o644)
				    ^
internal/service/install/adapter_detect_test.go:57:9: G301: Expect directory permissions to be 0750 or less (gosec)
				_ = os.MkdirAll(filepath.Join(dir, ".opencode"), 0o755)
				    ^
internal/service/install/adapter_persist.go:22:15: G304: Potential file inclusion via variable (gosec)
	data, err := os.ReadFile(path)
	             ^
internal/service/install/adapter_persist.go:47:15: G304: Potential file inclusion via variable (gosec)
	data, err := os.ReadFile(path)
	             ^
internal/service/install/adapter_persist_test.go:41:14: G306: Expect WriteFile permissions to be 0600 or less (gosec)
			if err := os.WriteFile(path, []byte(tc.yaml), 0o644); err != nil {
			          ^
internal/service/install/adapter_persist_test.go:89:12: G306: Expect WriteFile permissions to be 0600 or less (gosec)
	if err := os.WriteFile(path, []byte("adapters: [claude\n"), 0o644); err != nil {
	          ^
internal/service/install/adapter_persist_test.go:111:12: G306: Expect WriteFile permissions to be 0600 or less (gosec)
	if err := os.WriteFile(path, []byte(original), 0o644); err != nil {
	          ^
internal/service/install/adapter_persist_test.go:119:12: G304: Potential file inclusion via variable (gosec)
	got, _ := os.ReadFile(path)
	          ^
internal/service/install/adapter_persist_test.go:158:12: G306: Expect WriteFile permissions to be 0600 or less (gosec)
	if err := os.WriteFile(path, []byte(original), 0o644); err != nil {
	          ^
internal/service/install/adapter_persist_test.go:187:12: G306: Expect WriteFile permissions to be 0600 or less (gosec)
	if err := os.WriteFile(path, []byte(original), 0o644); err != nil {
	          ^
internal/service/install/adapter_select_test.go:65:6: G306: Expect WriteFile permissions to be 0600 or less (gosec)
	_ = os.WriteFile(filepath.Join(dir, "CLAUDE.md"), []byte("# x"), 0o644)
	    ^
internal/service/install/adapter_select_test.go:81:6: G306: Expect WriteFile permissions to be 0600 or less (gosec)
	_ = os.WriteFile(filepath.Join(dir, "CLAUDE.md"), []byte("# x"), 0o644)
	    ^
internal/service/install/adapter_select_test.go:82:6: G306: Expect WriteFile permissions to be 0600 or less (gosec)
	_ = os.WriteFile(filepath.Join(dir, "AGENTS.md"), []byte("# x"), 0o644)
	    ^
internal/service/install/adapter_select_test.go:108:6: G306: Expect WriteFile permissions to be 0600 or less (gosec)
	_ = os.WriteFile(filepath.Join(dir, "GEMINI.md"), []byte("# x"), 0o644)
	    ^
internal/service/install/adapter_select_test.go:123:6: G306: Expect WriteFile permissions to be 0600 or less (gosec)
	_ = os.WriteFile(filepath.Join(dir, "CLAUDE.md"), []byte("# x"), 0o644)
	    ^
internal/service/install/adapter_select_test.go:142:6: G306: Expect WriteFile permissions to be 0600 or less (gosec)
	_ = os.WriteFile(filepath.Join(dir, "GEMINI.md"), []byte("# x"), 0o644)
	    ^
internal/service/install/adapters.go:81:15: G304: Potential file inclusion via variable (gosec)
	data, err := os.ReadFile(path)
	             ^
internal/service/install/adapters.go:119:16: G304: Potential file inclusion via variable (gosec)
		data, err := os.ReadFile(src)
		             ^
internal/service/install/adapters.go:161:16: G304: Potential file inclusion via variable (gosec)
		data, err := os.ReadFile(filepath.Join(projectDir, name))
		             ^
internal/service/install/adapters.go:186:12: G301: Expect directory permissions to be 0750 or less (gosec)
	if err := os.MkdirAll(archiveDir, 0o755); err != nil {
	          ^
internal/service/install/adapters.go:192:16: G304: Potential file inclusion via variable (gosec)
		data, err := os.ReadFile(src)
		             ^
internal/service/install/adapters_test.go:14:12: G306: Expect WriteFile permissions to be 0600 or less (gosec)
	if err := os.WriteFile(path, []byte("nanite_version: 2.3.0\nagents: {}\n"), 0o644); err != nil {
	          ^
internal/service/install/adapters_test.go:50:12: G306: Expect WriteFile permissions to be 0600 or less (gosec)
	if err := os.WriteFile(path, []byte(body), 0o644); err != nil {
	          ^
internal/service/install/adapters_test.go:81:2: G306: Expect WriteFile permissions to be 0600 or less (gosec)
	os.WriteFile(path, []byte(body), 0o644)
	^
internal/service/install/adapters_test.go:94:13: G306: Expect WriteFile permissions to be 0600 or less (gosec)
		if err := os.WriteFile(p, []byte(c), 0o644); err != nil {
		          ^
internal/service/install/adapters_test.go:108:18: G304: Potential file inclusion via variable (gosec)
	if data, err := os.ReadFile(filepath.Join(archive, "CLAUDE.md.pre-edit")); err != nil {
	                ^
internal/service/install/adapters_test.go:113:18: G304: Potential file inclusion via variable (gosec)
	if data, err := os.ReadFile(filepath.Join(archive, "AGENTS.md.pre-edit")); err != nil {
	                ^
internal/service/install/adapters_test.go:132:12: G301: Expect directory permissions to be 0750 or less (gosec)
	if err := os.MkdirAll(filepath.Join(project, ".nanite"), 0o755); err != nil {
	          ^
internal/service/install/adapters_test.go:144:12: G306: Expect WriteFile permissions to be 0600 or less (gosec)
	if err := os.WriteFile(filepath.Join(project, ".nanite", "config.yaml"), []byte(cfg), 0o644); err != nil {
	          ^
internal/service/install/adapters_test.go:156:16: G304: Potential file inclusion via variable (gosec)
		data, err := os.ReadFile(path)
		             ^
internal/service/install/adapters_test.go:181:12: G301: Expect directory permissions to be 0750 or less (gosec)
	if err := os.MkdirAll(filepath.Join(project, ".nanite"), 0o755); err != nil {
	          ^
internal/service/install/adapters_test.go:184:12: G306: Expect WriteFile permissions to be 0600 or less (gosec)
	if err := os.WriteFile(
		filepath.Join(project, ".nanite", "config.yaml"),
		[]byte("nanite_version: 2.3.0\nagents: {}\n"),
		0o644,
	); err != nil {
internal/service/install/adapters_test.go:199:16: G304: Potential file inclusion via variable (gosec)
		data, err := os.ReadFile(filepath.Join(project, name))
		             ^
internal/service/install/adapters_test.go:217:12: G301: Expect directory permissions to be 0750 or less (gosec)
	if err := os.MkdirAll(naniteDir, 0o755); err != nil {
	          ^
internal/service/install/adapters_test.go:227:12: G306: Expect WriteFile permissions to be 0600 or less (gosec)
	if err := os.WriteFile(filepath.Join(naniteDir, "config.yaml"), []byte(cfg), 0o644); err != nil {
	          ^
internal/service/install/adapters_test.go:250:12: G301: Expect directory permissions to be 0750 or less (gosec)
	if err := os.MkdirAll(naniteDir, 0o755); err != nil {
	          ^
internal/service/install/adapters_test.go:253:12: G306: Expect WriteFile permissions to be 0600 or less (gosec)
	if err := os.WriteFile(filepath.Join(naniteDir, "config.yaml"), []byte("agents: {}\n"), 0o644); err != nil {
	          ^
internal/service/install/archive_test.go:65:12: G301: Expect directory permissions to be 0750 or less (gosec)
	if err := os.MkdirAll(filepath.Join(base, "hadron-2026-04-09"), 0o755); err != nil {
	          ^
internal/service/install/archive_test.go:81:2: G301: Expect directory permissions to be 0750 or less (gosec)
	os.MkdirAll(filepath.Join(base, "hadron-2026-04-09"), 0o755)
	^
internal/service/install/archive_test.go:82:2: G301: Expect directory permissions to be 0750 or less (gosec)
	os.MkdirAll(filepath.Join(base, "hadron-2026-04-09-143022"), 0o755)
	^
internal/service/install/atomicity_test.go:36:12: G301: Expect directory permissions to be 0750 or less (gosec)
	if err := os.Mkdir(target, 0o755); err != nil {
	          ^
internal/service/install/atomicity_test.go:39:12: G306: Expect WriteFile permissions to be 0600 or less (gosec)
	if err := os.WriteFile(filepath.Join(target, "child"), []byte("x"), 0o644); err != nil {
	          ^
internal/service/install/atomicity_test.go:69:13: G301: Expect directory permissions to be 0750 or less (gosec)
		if err := os.MkdirAll(filepath.Join(globalHome, sub), 0o755); err != nil {
		          ^
internal/service/install/atomicity_test.go:75:12: G301: Expect directory permissions to be 0750 or less (gosec)
	if err := os.MkdirAll(filepath.Join(project, ".nanite", "agents"), 0o755); err != nil {
	          ^
internal/service/install/atomicity_test.go:78:12: G306: Expect WriteFile permissions to be 0600 or less (gosec)
	if err := os.WriteFile(
		filepath.Join(project, ".nanite", "config.yaml"),
		[]byte("nanite_version: 2.3.0\nadapters: [claude]\nagents: {}\n"),
		0o644,
	); err != nil {
internal/service/install/atomicity_test.go:89:12: G306: Expect WriteFile permissions to be 0600 or less (gosec)
	if err := os.WriteFile(claudePath, []byte(prior), 0o644); err != nil {
	          ^
internal/service/install/atomicity_test.go:102:14: G304: Potential file inclusion via variable (gosec)
	got, err := os.ReadFile(snapFile)
	            ^
internal/service/install/atomicity_test.go:117:12: G301: Expect directory permissions to be 0750 or less (gosec)
	if err := os.MkdirAll(filepath.Join(clean, ".nanite"), 0o755); err != nil {
	          ^
internal/service/install/atomicity_test.go:137:13: G301: Expect directory permissions to be 0750 or less (gosec)
		if err := os.MkdirAll(filepath.Join(globalHome, sub), 0o755); err != nil {
		          ^
internal/service/install/atomicity_test.go:185:12: G306: Expect WriteFile permissions to be 0600 or less (gosec)
	if err := os.WriteFile(sentinel, []byte("owned"), 0o644); err != nil {
	          ^
internal/service/install/atomicity_test.go:195:14: G304: Potential file inclusion via variable (gosec)
	got, err := os.ReadFile(sentinel)
	            ^
internal/service/install/install.go:146:12: G301: Expect directory permissions to be 0750 or less (gosec)
	if err := os.MkdirAll(dst, 0o755); err != nil {
	          ^
internal/service/install/install.go:168:14: G301: Expect directory permissions to be 0750 or less (gosec)
			if err := os.MkdirAll(filepath.Dir(target), 0o755); err != nil {
			          ^
internal/service/install/install.go:171:24: G122: Filesystem operation in filepath.Walk/WalkDir callback uses race-prone path; consider root-scoped APIs (e.g. os.Root) to prevent symlink TOCTOU traversal (gosec)
			if err := os.Symlink(link, target); err != nil {
			                    ^
internal/service/install/install.go:180:16: G304: Potential file inclusion via variable (gosec)
		data, err := os.ReadFile(path)
		             ^
internal/service/install/install.go:180:27: G122: Filesystem operation in filepath.Walk/WalkDir callback uses race-prone path; consider root-scoped APIs (e.g. os.Root) to prevent symlink TOCTOU traversal (gosec)
		data, err := os.ReadFile(path)
		                        ^
internal/service/install/install.go:184:13: G301: Expect directory permissions to be 0750 or less (gosec)
		if err := os.MkdirAll(filepath.Dir(target), 0o755); err != nil {
		          ^
internal/service/install/install.go:187:25: G703: Path traversal via taint analysis (gosec)
		if err := os.WriteFile(target, data, info.Mode()); err != nil { //nolint:forbidigo // staging seed copy, atomic rename applied at tree level
		                      ^
internal/service/install/runtime_dirs.go:70:16: G301: Expect directory permissions to be 0750 or less (gosec)
			if mkErr := os.MkdirAll(dirPath, 0o755); mkErr != nil {
			            ^
internal/service/install/runtime_dirs.go:91:13: G306: Expect WriteFile permissions to be 0600 or less (gosec)
		if err := os.WriteFile(readmePath, content, 0o644); err != nil {
		          ^
internal/service/install/runtime_dirs_test.go:44:16: G304: Potential file inclusion via variable (gosec)
		data, err := os.ReadFile(readmePath)
		             ^
internal/service/install/runtime_dirs_test.go:101:12: G306: Expect WriteFile permissions to be 0600 or less (gosec)
	if err := os.WriteFile(sandboxReadme, []byte(customContent), 0o644); err != nil {
	          ^
internal/service/install/runtime_dirs_test.go:110:16: G304: Potential file inclusion via variable (gosec)
	after, err := os.ReadFile(sandboxReadme)
	              ^
internal/service/install/runtime_dirs_test.go:127:13: G301: Expect directory permissions to be 0750 or less (gosec)
		if err := os.MkdirAll(filepath.Join(home, rd.name), 0o755); err != nil {
		          ^
internal/service/install/scaffold.go:35:12: G301: Expect directory permissions to be 0750 or less (gosec)
	if err := os.MkdirAll(naniteDir, 0o755); err != nil {
	          ^
internal/service/install/scaffold.go:58:12: G301: Expect directory permissions to be 0750 or less (gosec)
	if err := os.MkdirAll(filepath.Join(naniteDir, "agents"), 0o755); err != nil {
	          ^
internal/service/install/scaffold_test.go:15:13: G301: Expect directory permissions to be 0750 or less (gosec)
		if err := os.MkdirAll(filepath.Join(globalHome, sub), 0o755); err != nil {
		          ^
internal/service/install/scaffold_test.go:29:14: G304: Potential file inclusion via variable (gosec)
	cfg, err := os.ReadFile(filepath.Join(project, ".nanite", "config.yaml"))
	            ^
internal/service/install/scaffold_test.go:73:13: G301: Expect directory permissions to be 0750 or less (gosec)
		if err := os.MkdirAll(filepath.Join(globalHome, sub), 0o755); err != nil {
		          ^
internal/service/install/scaffold_test.go:83:18: G304: Potential file inclusion via variable (gosec)
	cfgBefore, _ := os.ReadFile(filepath.Join(project, ".nanite", "config.yaml"))
	                ^
internal/service/install/scaffold_test.go:87:12: G306: Expect WriteFile permissions to be 0600 or less (gosec)
	if err := os.WriteFile(filepath.Join(project, ".nanite", "config.yaml"), []byte(modified), 0o644); err != nil {
	          ^
internal/service/install/scaffold_test.go:94:17: G304: Potential file inclusion via variable (gosec)
	cfgAfter, _ := os.ReadFile(filepath.Join(project, ".nanite", "config.yaml"))
	               ^
internal/service/install/scaffold_test.go:110:15: G304: Potential file inclusion via variable (gosec)
	data, err := os.ReadFile(filepath.Join(project, "NANITE.md"))
	             ^
internal/service/install/scaffold_test.go:128:12: G306: Expect WriteFile permissions to be 0600 or less (gosec)
	if err := os.WriteFile(filepath.Join(project, "NANITE.md"), []byte(original), 0o644); err != nil {
	          ^
internal/service/install/scaffold_test.go:135:13: G304: Potential file inclusion via variable (gosec)
	data, _ := os.ReadFile(filepath.Join(project, "NANITE.md"))
	           ^
internal/service/managed_durable_configs.go:97:12: G301: Expect directory permissions to be 0750 or less (gosec)
	if err := os.MkdirAll(filepath.Dir(path), 0o755); err != nil {
	          ^
internal/service/managed_durable_configs.go:100:12: G306: Expect WriteFile permissions to be 0600 or less (gosec)
	if err := os.WriteFile(path, raw, 0o644); err != nil {
	          ^
internal/service/managed_durable_configs.go:339:16: G304: Potential file inclusion via variable (gosec)
			raw, err := os.ReadFile(path)
			            ^
internal/service/provider_stream_inactivity_test.go:168:12: G304: Potential file inclusion via variable (gosec)
	b, err := os.ReadFile(filepath.Join(cwd, "chat_generate.go"))
	          ^
internal/service/recovery_pack_glue.go:87:13: G306: Expect WriteFile permissions to be 0600 or less (gosec)
		if err := os.WriteFile(packPath, []byte(built+"\n"), 0o644); err != nil {
		          ^
internal/service/slot_stash.go:155:12: G301: Expect directory permissions to be 0750 or less (gosec)
	if err := os.MkdirAll(sessionDir, 0o755); err != nil {
	          ^
internal/service/slot_stash.go:345:12: G304: Potential file inclusion via variable (gosec)
	f, err := os.OpenFile(path, os.O_WRONLY|os.O_CREATE|os.O_TRUNC, 0o644)
	          ^
internal/service/slot_stash.go:345:12: G302: Expect file permissions to be 0600 or less (gosec)
	f, err := os.OpenFile(path, os.O_WRONLY|os.O_CREATE|os.O_TRUNC, 0o644)
	          ^
internal/service/slot_stash_e2e_test.go:51:12: G301: Expect directory permissions to be 0750 or less (gosec)
	if err := os.MkdirAll(artifactsRoot, 0o755); err != nil {
	          ^
internal/service/slot_stash_test.go:30:12: G301: Expect directory permissions to be 0750 or less (gosec)
	if err := os.MkdirAll(artifactsRoot, 0o755); err != nil {
	          ^
internal/service/slot_stash_test.go:284:12: G306: Expect WriteFile permissions to be 0600 or less (gosec)
	if err := os.WriteFile(blockerFile, []byte("blocker"), 0o644); err != nil {
	          ^
internal/service/slot_stash_test.go:401:25: G302: Expect file permissions to be 0600 or less (gosec)
	t.Cleanup(func() { _ = os.Chmod(sessionDir, 0o755) })
	                       ^
internal/service/team_compiler_test.go:82:15: G602: slice index out of range (gosec)
		if a[i] != b[i] {
		            ^
internal/service/workflow_external_engine_test.go:28:12: G306: Expect WriteFile permissions to be 0600 or less (gosec)
	if err := os.WriteFile(path, []byte(body), 0o755); err != nil {
	          ^
internal/shell/exec.go:51:9: G204: Subprocess launched with variable (gosec)
	cmd := exec.CommandContext(ctx, shell, "-c", command)
	       ^
internal/shell/exec.go:51:28: G702: Command injection via taint analysis (gosec)
	cmd := exec.CommandContext(ctx, shell, "-c", command)
	                          ^
internal/skill/loader.go:28:12: G301: Expect directory permissions to be 0750 or less (gosec)
	if err := os.MkdirAll(skillsDir, 0o755); err != nil {
	          ^
internal/skill/loader.go:70:12: G301: Expect directory permissions to be 0750 or less (gosec)
	if err := os.MkdirAll(dir, 0o755); err != nil {
	          ^
internal/skill/loader.go:74:12: G306: Expect WriteFile permissions to be 0600 or less (gosec)
	if err := os.WriteFile(target, []byte(body), 0o644); err != nil {
	          ^
internal/skill/parser.go:73:15: G304: Potential file inclusion via variable (gosec)
	data, err := os.ReadFile(path)
	             ^
internal/skill/parser_test.go:117:12: G306: Expect WriteFile permissions to be 0600 or less (gosec)
	if err := os.WriteFile(path, []byte(content), 0644); err != nil {
	          ^
internal/skillvendor/address.go:138:20: G304: Potential file inclusion via variable (gosec)
		data, readErr := os.ReadFile(p)
		                 ^
internal/skillvendor/address.go:138:31: G122: Filesystem operation in filepath.Walk/WalkDir callback uses race-prone path; consider root-scoped APIs (e.g. os.Root) to prevent symlink TOCTOU traversal (gosec)
		data, readErr := os.ReadFile(p)
		                            ^
internal/skillvendor/store.go:48:12: G301: Expect directory permissions to be 0750 or less (gosec)
	if err := os.MkdirAll(root, 0o755); err != nil {
	          ^
internal/skillvendor/store.go:148:12: G301: Expect directory permissions to be 0750 or less (gosec)
	if err := os.MkdirAll(stagingRoot, 0o755); err != nil {
	          ^
internal/skillvendor/store.go:158:13: G301: Expect directory permissions to be 0750 or less (gosec)
		if err := os.MkdirAll(filepath.Dir(target), 0o755); err != nil {
		          ^
internal/skillvendor/store_test.go:147:15: G304: Potential file inclusion via variable (gosec)
		got, err := os.ReadFile(filepath.Join(dir, filepath.FromSlash(relPath)))
		            ^
internal/skillvendor/store_test.go:390:12: G306: Expect WriteFile permissions to be 0600 or less (gosec)
	if err := os.WriteFile(filepath.Join(dir, "SKILL.md"), []byte("tampered content"), 0o644); err != nil {
	          ^
internal/skillvendor/store_test.go:419:12: G306: Expect WriteFile permissions to be 0600 or less (gosec)
	if err := os.WriteFile(filepath.Join(dir, "SKILL.md"), []byte("tampered"), 0o644); err != nil {
	          ^
internal/skillvendor/store_test.go:459:15: G304: Potential file inclusion via variable (gosec)
	got1, err := os.ReadFile(filepath.Join(dir1, "SKILL.md"))
	             ^
internal/store/agents.go:808:11: G202: SQL string concatenation (gosec)
	query := "UPDATE agent_profiles SET " + strings.Join(sets, ", ") + " WHERE id = ?"
	         ^
internal/store/agents.go:874:11: G202: SQL string concatenation (gosec)
	query := "UPDATE agent_profiles SET " + strings.Join(sets, ", ") + " WHERE id = ?"
	         ^
internal/store/agents.go:1192:3: G202: SQL string concatenation (gosec)
		query += " WHERE " + strings.Join(clauses, " AND ")
		^
internal/store/store_test.go:73:13: G304: Potential file inclusion via variable (gosec)
	in, err := os.Open(src)
	           ^
internal/store/store_test.go:78:14: G304: Potential file inclusion via variable (gosec)
	out, err := os.Create(dst)
	            ^
internal/subagent/service.go:97:12: G706: Log injection via taint analysis (gosec)
		slog.Warn("subagent: ignoring non-integer timeout override env var",
		         ^
internal/subagent/service.go:158:12: G706: Log injection via taint analysis (gosec)
		slog.Warn("subagent: ignoring non-integer heartbeat override env var",
		         ^
internal/subagent/service.go:894:44: G118: context cancellation function returned by WithCancel/WithTimeout/WithDeadline is not called (gosec)
		execCtx, execCancel := context.WithCancel(context.Background())
		                                         ^
internal/subagent/service.go:912:42: G118: context cancellation function returned by WithCancel/WithTimeout/WithDeadline is not called (gosec)
		runCtx, runCancel := context.WithCancel(context.Background())
		                                       ^
internal/subagent/service.go:1115:41: G118: context cancellation function returned by WithCancel/WithTimeout/WithDeadline is not called (gosec)
	runCtx, runCancel := context.WithCancel(context.Background())
	                                       ^
internal/subagent/service_fanout_test.go:91:43: G115: integer overflow conversion int -> rune (gosec)
				Prompt:          "task " + string(rune('A'+i)),
				                                      ^
internal/tool/yaml_loader.go:93:15: G304: Potential file inclusion via variable (gosec)
	data, err := os.ReadFile(path)
	             ^
internal/tool/yaml_loader.go:180:10: G204: Subprocess launched with variable (gosec)
		cmd := exec.CommandContext(ctx, "sh", "-c", rendered)
		       ^
internal/tool/yaml_loader.go:233:10: G204: Subprocess launched with variable (gosec)
		cmd := exec.CommandContext(ctx, "hadron", args...)
		       ^
internal/tool/yaml_loader_test.go:190:12: G301: Expect directory permissions to be 0750 or less (gosec)
	if err := os.MkdirAll(toolsDir, 0o755); err != nil {
	          ^
internal/tool/yaml_loader_test.go:195:12: G306: Expect WriteFile permissions to be 0600 or less (gosec)
	if err := os.WriteFile(filepath.Join(toolsDir, "lint.yaml"), []byte(testYAMLShell), 0o644); err != nil {
	          ^
internal/tool/yaml_loader_test.go:198:12: G306: Expect WriteFile permissions to be 0600 or less (gosec)
	if err := os.WriteFile(filepath.Join(toolsDir, "minimal.yaml"), []byte(testYAMLMinimal), 0o644); err != nil {
	          ^
internal/tool/yaml_loader_test.go:201:12: G306: Expect WriteFile permissions to be 0600 or less (gosec)
	if err := os.WriteFile(filepath.Join(toolsDir, "bad.yaml"), []byte(testYAMLInvalid_NoName), 0o644); err != nil {
	          ^
internal/tool/yaml_loader_test.go:205:12: G306: Expect WriteFile permissions to be 0600 or less (gosec)
	if err := os.WriteFile(filepath.Join(toolsDir, "readme.txt"), []byte("not a tool"), 0o644); err != nil {
	          ^
internal/toolclient/skills.go:158:15: G304: Potential file inclusion via variable (gosec)
	data, err := os.ReadFile(path)
	             ^
internal/toolclient/skills_test.go:112:12: G306: Expect WriteFile permissions to be 0600 or less (gosec)
	if err := os.WriteFile(path, []byte("no frontmatter here\n"), 0o644); err != nil {
	          ^
internal/truncate/truncate.go:112:2: G301: Expect directory permissions to be 0750 or less (gosec)
	os.MkdirAll(dir, 0755)
	^
internal/truncate/truncate.go:191:12: G306: Expect WriteFile permissions to be 0600 or less (gosec)
	if err := os.WriteFile(outPath, []byte(text), 0644); err != nil {
	          ^
internal/workflow/loader.go:55:15: G304: Potential file inclusion via variable (gosec)
	data, err := os.ReadFile(path)
	             ^
internal/workflowrunner/launch.go:207:19: G301: Expect directory permissions to be 0750 or less (gosec)
	} else if err := os.MkdirAll(workDir, 0o755); err != nil {
	                 ^
internal/workflowrunner/launch.go:232:9: G204: Subprocess launched with a potential tainted input or cmd arguments (gosec)
	cmd := exec.CommandContext(runCtx, cfg.PythonPath, argv...)
	       ^
internal/workflowrunner/launch_test.go:46:12: G306: Expect WriteFile permissions to be 0600 or less (gosec)
	if err := os.WriteFile(path, []byte(body), 0o755); err != nil {
	          ^
internal/workflowrunner/launch_test.go:207:9: G204: Subprocess launched with a potential tainted input or cmd arguments (gosec)
	err := exec.Command("sh", "-c", fmt.Sprintf("exit %d", code)).Run()
	       ^
internal/workflowrunner/scripts.go:33:12: G301: Expect directory permissions to be 0750 or less (gosec)
	if err := os.MkdirAll(dir, 0o755); err != nil {
	          ^
internal/workflowrunner/scripts.go:52:13: G306: Expect WriteFile permissions to be 0600 or less (gosec)
		if err := os.WriteFile(dest, data, 0o644); err != nil {
		          ^
internal/workflowrunner/scripts_test.go:29:16: G304: Potential file inclusion via variable (gosec)
		data, err := os.ReadFile(path)
		             ^
internal/workflowrunner/scripts_test.go:46:12: G306: Expect WriteFile permissions to be 0600 or less (gosec)
	if err := os.WriteFile(stalePath, []byte("stale content from a prior version"), 0o644); err != nil {
	          ^
internal/workspace/walkup.go:265:12: G304: Potential file inclusion via variable (gosec)
	f, err := os.Open(path)
	          ^
internal/workspace/walkup_test.go:14:12: G301: Expect directory permissions to be 0750 or less (gosec)
	if err := os.MkdirAll(filepath.Join(dir, ".git"), 0o755); err != nil {
	          ^
internal/workspace/walkup_test.go:21:12: G301: Expect directory permissions to be 0750 or less (gosec)
	if err := os.MkdirAll(filepath.Dir(path), 0o755); err != nil {
	          ^
internal/workspace/walkup_test.go:24:12: G306: Expect WriteFile permissions to be 0600 or less (gosec)
	if err := os.WriteFile(path, []byte(content), 0o644); err != nil {
	          ^
internal/workspace/walkup_test.go:122:12: G301: Expect directory permissions to be 0750 or less (gosec)
	if err := os.MkdirAll(leaf, 0o755); err != nil {
	          ^
internal/workspace/walkup_test.go:211:12: G306: Expect WriteFile permissions to be 0600 or less (gosec)
	if err := os.WriteFile(realFile, []byte("SECRET-DO-NOT-LEAK"), 0o644); err != nil {
	          ^
internal/workspace/walkup_test.go:237:12: G301: Expect directory permissions to be 0750 or less (gosec)
	if err := os.MkdirAll(leaf, 0o755); err != nil {
	          ^
internal/workspace/walkup_test.go:321:12: G306: Expect WriteFile permissions to be 0600 or less (gosec)
	if err := os.WriteFile(path, []byte("V2-but-mtime-restored"), 0o644); err != nil {
	          ^
internal/workspace/walkup_test.go:360:12: G306: Expect WriteFile permissions to be 0600 or less (gosec)
	if err := os.WriteFile(path, []byte("V2"), 0o644); err != nil {
	          ^
internal/worktree/manager.go:66:12: G301: Expect directory permissions to be 0750 or less (gosec)
	if err := os.MkdirAll(absBase, 0o755); err != nil {
	          ^
internal/worktree/manager.go:90:9: G204: Subprocess launched with variable (gosec)
	cmd := exec.Command("git", "worktree", "add", wtPath, "-b", branch)
	       ^
internal/worktree/manager.go:120:9: G204: Subprocess launched with a potential tainted input or cmd arguments (gosec)
	cmd := exec.Command("git", "worktree", "remove", wt.Path, "--force")
	       ^
internal/worktree/manager.go:129:8: G204: Subprocess launched with a potential tainted input or cmd arguments (gosec)
	cmd = exec.Command("git", "branch", "-D", wt.Branch)
	      ^
internal/worktree/manager.go:173:10: G204: Subprocess launched with variable (gosec)
		cmd := exec.Command("git", "worktree", "remove", wtPath, "--force")
		       ^
internal/worktree/manager.go:181:9: G204: Subprocess launched with variable (gosec)
		cmd = exec.Command("git", "branch", "-D", branch)
		      ^
internal/worktree/manager_test.go:21:10: G204: Subprocess launched with a potential tainted input or cmd arguments (gosec)
		cmd := exec.Command(args[0], args[1:]...)
		       ^
internal/worktree/manager_test.go:30:2: G306: Expect WriteFile permissions to be 0600 or less (gosec)
	os.WriteFile(f, []byte("test"), 0o644)
	^
scripts/verify-catalog/main.go:61:29: G704: SSRF via taint analysis (gosec)
	resp, err := httpClient.Get(rawURL)
	                           ^
cmd/nanite/main.go:182:5: shadow: declaration of "err" shadows declaration at line 175 (govet)
	if err := s.Seed(); err != nil {
	   ^
cmd/nanite/main.go:185:5: shadow: declaration of "err" shadows declaration at line 175 (govet)
	if err := s.SeedProviders(); err != nil {
	   ^
cmd/nanite/main.go:216:8: shadow: declaration of "err" shadows declaration at line 175 (govet)
	if n, err := envelope.RegisterOrphans(envReg); err != nil {
	      ^
cmd/nanite/main.go:239:15: shadow: declaration of "err" shadows declaration at line 175 (govet)
	if settings, err := s.GetUserSettings(); err != nil {
	             ^
cmd/nanite/main.go:274:15: shadow: declaration of "err" shadows declaration at line 175 (govet)
	if settings, err := s.GetUserSettings(); err == nil {
	             ^
cmd/nanite/main.go:279:14: shadow: declaration of "err" shadows declaration at line 175 (govet)
		if rp, rm, err := s.ResolveProviderAndModel(utilityProvider, utilityModel); err == nil {
		           ^
cmd/nanite/main.go:288:9: shadow: declaration of "err" shadows declaration at line 175 (govet)
		if n, err := strconv.Atoi(maxProcs); err == nil && n >= 0 {
		      ^
cmd/nanite/plugin_cmd.go:300:8: shadow: declaration of "err" shadows declaration at line 294 (govet)
	if _, err := os.Stat(manifestPath); err != nil {
	      ^
internal/a2a/a2a_test.go:65:9: unusedwrite: unused write to field Method (govet)
		Method:  "task.submit",
		      ^
internal/a2a/a2a_test.go:66:9: unusedwrite: unused write to field Params (govet)
		Params: map[string]any{
		      ^
internal/a2a/a2a_test.go:70:5: unusedwrite: unused write to field ID (govet)
		ID: "req_123",
		  ^
internal/a2a/a2a_test.go:79:10: unusedwrite: unused write to field JSONRPC (govet)
		JSONRPC: a2a.JSONRPCVersion,
		       ^
internal/a2a/a2a_test.go:80:9: unusedwrite: unused write to field Result (govet)
		Result: map[string]any{
		      ^
internal/a2a/a2a_test.go:84:5: unusedwrite: unused write to field ID (govet)
		ID: "req_123",
		  ^
internal/a2a/a2a_test.go:93:10: unusedwrite: unused write to field JSONRPC (govet)
		JSONRPC: a2a.JSONRPCVersion,
		       ^
internal/a2a/a2a_test.go:98:5: unusedwrite: unused write to field ID (govet)
		ID: "req_123",
		  ^
internal/a2a/a2a_test.go:109:14: unusedwrite: unused write to field Description (govet)
		Description: "AI agent harness",
		           ^
internal/a2a/a2a_test.go:110:6: unusedwrite: unused write to field URL (govet)
		URL:         "http://localhost:8090",
		   ^
internal/a2a/a2a_test.go:114:10: unusedwrite: unused write to field Version (govet)
		Version: "0.1.0",
		       ^
internal/a2a/a2a_test.go:119:31: unusedwrite: unused write to field DefaultInputModes (govet)
		DefaultInputModes:  []string{"text"},
		                            ^
internal/a2a/a2a_test.go:120:31: unusedwrite: unused write to field DefaultOutputModes (govet)
		DefaultOutputModes: []string{"text", "json"},
		                            ^
internal/agent/managed_section_test.go:123:5: shadow: declaration of "err" shadows declaration at line 118 (govet)
	if err := WriteManagedSection(path, "same content"); err != nil {
	   ^
internal/agent/reflexes/loom_pilot_seeds_test.go:103:5: shadow: declaration of "err" shadows declaration at line 56 (govet)
	if err := st.BumpAgentReflexFired(ctx, fired.ID, now); err != nil {
	   ^
internal/agent/reflexes/opt_out_test.go:55:5: shadow: declaration of "err" shadows declaration at line 41 (govet)
	if err := st.SetAgentReflexOptOut(ctx, "agent-required-probe", requiredID); err != nil {
	   ^
internal/agent/reflexes/opt_out_test.go:92:5: shadow: declaration of "err" shadows declaration at line 80 (govet)
	if err := st.SetAgentReflexOptOut(ctx, "agent-permissive-probe", permissiveID); err != nil {
	   ^
internal/agent/reflexes/opt_out_test.go:129:5: shadow: declaration of "err" shadows declaration at line 117 (govet)
	if err := st.SetAgentReflexOptOut(ctx, "agent-clear-probe", permissiveID); err != nil {
	   ^
internal/agent/reflexes/opt_out_test.go:132:5: shadow: declaration of "err" shadows declaration at line 117 (govet)
	if err := st.ClearAgentReflexOptOut(ctx, "agent-clear-probe", permissiveID); err != nil {
	   ^
internal/agent/reflexes/opt_out_test.go:170:5: shadow: declaration of "err" shadows declaration at line 158 (govet)
	if err := st.SetAgentReflexOptOut(ctx, "agent-a", permissiveID); err != nil {
	   ^
internal/agent/reflexes/recurrence_test.go:240:5: shadow: declaration of "err" shadows declaration at line 197 (govet)
	if err := st.UpdateAgentReflex(ctx, *row); err != nil {
	   ^
internal/agent/reflexes/state.go:62:9: shadow: declaration of "err" shadows declaration at line 31 (govet)
		if n, err := sc.Store.ToolCallsForMessage(m.ID); err == nil {
		      ^
internal/api/agent_capabilities.go:111:5: shadow: declaration of "err" shadows declaration at line 101 (govet)
	if err := a.decode(r, &req); err != nil {
	   ^
internal/api/agent_capabilities.go:134:5: shadow: declaration of "err" shadows declaration at line 101 (govet)
	if err := a.Services.Store.InsertAgentKnownTool(r.Context(), row); err != nil {
	   ^
internal/api/agent_capabilities.go:266:5: shadow: declaration of "err" shadows declaration at line 256 (govet)
	if err := a.decode(r, &req); err != nil {
	   ^
internal/api/agent_capabilities.go:288:5: shadow: declaration of "err" shadows declaration at line 256 (govet)
	if err := a.Services.Store.InsertAgentKnownSkill(r.Context(), row); err != nil {
	   ^
internal/api/agent_capabilities.go:541:5: shadow: declaration of "err" shadows declaration at line 529 (govet)
	if err := a.Services.Store.InsertAgentKnowledgeSeed(r.Context(), row); err != nil {
	   ^
internal/api/agent_capabilities.go:573:5: shadow: declaration of "err" shadows declaration at line 563 (govet)
	if err := a.decode(r, &req); err != nil {
	   ^
internal/api/agent_capabilities.go:599:5: shadow: declaration of "err" shadows declaration at line 563 (govet)
	if err := a.Services.Store.InsertAgentKnowledgeSeed(r.Context(), row); err != nil {
	   ^
internal/api/agent_context_resolvers.go:125:5: shadow: declaration of "err" shadows declaration at line 110 (govet)
	if err := a.decode(r, &req); err != nil {
	   ^
internal/api/agent_context_resolvers.go:162:5: shadow: declaration of "err" shadows declaration at line 110 (govet)
	if err := a.Services.Store.UpdateAgentContextResolver(r.Context(), updated); err != nil {
	   ^
internal/api/agent_tools.go:77:5: shadow: declaration of "err" shadows declaration at line 52 (govet)
	if err := a.Services.Store.GrantAgentTool(r.Context(), agent.ID, tool.ID, grantedVia); err != nil {
	   ^
internal/api/agent_tools_test.go:72:5: shadow: declaration of "err" shadows declaration at line 55 (govet)
	if err := json.NewDecoder(w.Body).Decode(&grantResp); err != nil {
	   ^
internal/api/agents.go:232:5: shadow: declaration of "err" shadows declaration at line 212 (govet)
	if err := a.decode(r, &req); err != nil {
	   ^
internal/api/agents.go:331:11: shadow: declaration of "err" shadows declaration at line 212 (govet)
		if def, err := agentpkg.ParseMDFile(original.SourceRef); err == nil {
		        ^
internal/api/artifacts.go:192:5: shadow: declaration of "err" shadows declaration at line 158 (govet)
	if err := os.MkdirAll(storageDir, 0o755); err != nil {
	   ^
internal/api/artifacts_test.go:88:5: shadow: declaration of "err" shadows declaration at line 81 (govet)
	if err := os.MkdirAll(artifactsRoot, 0o755); err != nil {
	   ^
internal/api/bookmarks.go:97:6: shadow: declaration of "err" shadows declaration at line 89 (govet)
		if err := a.Services.Store.DeleteBookmark(existing.ID); err != nil {
		   ^
internal/api/catalog.go:348:8: shadow: declaration of "err" shadows declaration at line 268 (govet)
	if _, err := io.Copy(tmpFile, limited); err != nil {
	      ^
internal/api/catalog.go:358:5: shadow: declaration of "err" shadows declaration at line 268 (govet)
	if err := naniteplugin.VerifyChecksum(tmpPath, entry.Checksum); err != nil {
	   ^
internal/api/catalog.go:367:6: shadow: declaration of "err" shadows declaration at line 268 (govet)
		if err := naniteplugin.VerifySignature(tmpPath, sourcePublicKey, entry.Signature); err != nil {
		   ^
internal/api/context_breakdown.go:72:12: shadow: declaration of "err" shadows declaration at line 43 (govet)
		session, err := a.Services.Store.GetSession(sessionID)
		         ^
internal/api/envelopes.go:91:5: shadow: declaration of "err" shadows declaration at line 34 (govet)
	if err := a.Services.Store.ClaimEnvelopeForResponse(envelopeID); err != nil {
	   ^
internal/api/envelopes_table_card_e2e_test.go:78:5: shadow: declaration of "err" shadows declaration at line 69 (govet)
	if err := a.Services.Store.CreateEnvelopeInstance(inst); err != nil {
	   ^
internal/api/envelopes_table_card_e2e_test.go:100:5: shadow: declaration of "err" shadows declaration at line 69 (govet)
	if err := json.Unmarshal(w.Body.Bytes(), &ack); err != nil {
	   ^
internal/api/loom_curator_wake_test.go:55:8: shadow: declaration of "err" shadows declaration at line 48 (govet)
		raw, err := os.ReadFile(src)
		     ^
internal/api/loom_curator_wake_test.go:82:5: shadow: declaration of "err" shadows declaration at line 48 (govet)
	if err := s.Seed(); err != nil {
	   ^
internal/api/loom_curator_wake_test.go:96:5: shadow: declaration of "err" shadows declaration at line 48 (govet)
	if err := service.IngestAgentDefinition(s, def); err != nil {
	   ^
internal/api/memories.go:287:5: shadow: declaration of "err" shadows declaration at line 280 (govet)
	if err := a.decode(r, &req); err != nil {
	   ^
internal/api/memories.go:320:5: shadow: declaration of "err" shadows declaration at line 280 (govet)
	if err := a.Services.Memory.Store(r.Context(), updated); err != nil {
	   ^
internal/api/memories.go:422:6: shadow: declaration of "err" shadows declaration at line 410 (govet)
		if err := a.Services.Memory.Deprecate(r.Context(), current.RevisionID); err != nil {
		   ^
internal/api/memories.go:448:5: shadow: declaration of "err" shadows declaration at line 410 (govet)
	if err := a.Services.Memory.Store(r.Context(), updated); err != nil {
	   ^
internal/api/plugin_config.go:86:8: shadow: declaration of "err" shadows declaration at line 66 (govet)
				if err := secrets.Set(keychainKey, val); err != nil {
				   ^
internal/api/plugin_config.go:97:5: shadow: declaration of "err" shadows declaration at line 66 (govet)
	if err := a.Services.Store.UpsertPluginSettings(pluginID, dbSettings); err != nil {
	   ^
internal/api/plugins.go:339:8: shadow: declaration of "err" shadows declaration at line 327 (govet)
	if _, err := os.Stat(filepath.Join(target, "plugin.yaml")); err == nil {
	      ^
internal/api/plugins.go:348:12: shadow: declaration of "err" shadows declaration at line 327 (govet)
	if repos, err := naniteplugin.LoadRepos(pms.reposPath); err == nil {
	          ^
internal/api/plugins.go:479:8: shadow: declaration of "err" shadows declaration at line 463 (govet)
	if _, err := io.Copy(tmpFile, file); err != nil {
	      ^
internal/api/plugins.go:942:5: shadow: declaration of "err" shadows declaration at line 938 (govet)
	if err := os.MkdirAll(dst, srcInfo.Mode()); err != nil {
	   ^
internal/api/plugins.go:1103:7: shadow: declaration of "err" shadows declaration at line 1097 (govet)
			if err := os.MkdirAll(target, f.Mode()); err != nil {
			   ^
internal/api/plugins.go:1122:6: shadow: declaration of "err" shadows declaration at line 1097 (govet)
		if err := os.MkdirAll(filepath.Dir(target), 0755); err != nil {
		   ^
internal/api/plugins_install_test.go:447:5: shadow: declaration of "err" shadows declaration at line 442 (govet)
	if err := zw.Close(); err != nil {
	   ^
internal/api/plugins_install_test.go:450:5: shadow: declaration of "err" shadows declaration at line 442 (govet)
	if err := os.WriteFile(archive, buf.Bytes(), 0644); err != nil {
	   ^
internal/api/plugins_install_test.go:455:5: shadow: declaration of "err" shadows declaration at line 442 (govet)
	if err := os.MkdirAll(dst, 0755); err != nil {
	   ^
internal/api/reflexes.go:160:5: shadow: declaration of "err" shadows declaration at line 135 (govet)
	if err := a.decode(r, &req); err != nil {
	   ^
internal/api/reflexes.go:199:5: shadow: declaration of "err" shadows declaration at line 135 (govet)
	if err := a.Services.Store.UpdateAgentReflex(r.Context(), updated); err != nil {
	   ^
internal/api/schedules.go:452:5: shadow: declaration of "err" shadows declaration at line 441 (govet)
	if err := a.decode(r, &req); err != nil {
	   ^
internal/api/schedules.go:472:7: shadow: declaration of "err" shadows declaration at line 441 (govet)
			if err := validateCronSpec(*req.ScheduleSpec); err != nil {
			   ^
internal/api/schedules.go:491:6: shadow: declaration of "err" shadows declaration at line 441 (govet)
		if err := validateScheduleStatus(*req.Status); err != nil {
		   ^
internal/api/schedules.go:501:6: shadow: declaration of "err" shadows declaration at line 441 (govet)
		if err := validateExpiresAt(*req.ExpiresAt); err != nil {
		   ^
internal/api/schedules.go:515:6: shadow: declaration of "err" shadows declaration at line 441 (govet)
		if err := validateOnFailPolicy(*req.OnFail); err != nil {
		   ^
internal/api/schedules.go:522:6: shadow: declaration of "err" shadows declaration at line 441 (govet)
		if err := validateJobPayload(*req.JobPayload); err != nil {
		   ^
internal/api/schedules.go:543:5: shadow: declaration of "err" shadows declaration at line 441 (govet)
	if err := a.Services.Store.InsertAgentSchedule(r.Context(), updated); err != nil {
	   ^
internal/api/settings.go:73:5: shadow: declaration of "err" shadows declaration at line 65 (govet)
	if err := a.decode(r, &raw); err != nil {
	   ^
internal/api/settings.go:80:6: shadow: declaration of "err" shadows declaration at line 65 (govet)
		if err := json.Unmarshal(v, &existing.DefaultProvider); err != nil {
		   ^
internal/api/settings.go:86:6: shadow: declaration of "err" shadows declaration at line 65 (govet)
		if err := json.Unmarshal(v, &existing.DefaultModel); err != nil {
		   ^
internal/api/settings.go:92:6: shadow: declaration of "err" shadows declaration at line 65 (govet)
		if err := json.Unmarshal(v, &existing.DefaultAgent); err != nil {
		   ^
internal/api/settings.go:98:6: shadow: declaration of "err" shadows declaration at line 65 (govet)
		if err := json.Unmarshal(v, &existing.UtilityProvider); err != nil {
		   ^
internal/api/settings.go:104:6: shadow: declaration of "err" shadows declaration at line 65 (govet)
		if err := json.Unmarshal(v, &existing.UtilityModel); err != nil {
		   ^
internal/api/settings.go:110:6: shadow: declaration of "err" shadows declaration at line 65 (govet)
		if err := json.Unmarshal(v, &existing.ToolCallDisplayMode); err != nil {
		   ^
internal/api/settings.go:116:6: shadow: declaration of "err" shadows declaration at line 65 (govet)
		if err := json.Unmarshal(v, &existing.ProviderFallbackChain); err != nil {
		   ^
internal/api/settings.go:122:6: shadow: declaration of "err" shadows declaration at line 65 (govet)
		if err := json.Unmarshal(v, &existing.DeveloperMode); err != nil {
		   ^
internal/api/settings.go:128:6: shadow: declaration of "err" shadows declaration at line 65 (govet)
		if err := json.Unmarshal(v, &existing.RecoverMode); err != nil {
		   ^
internal/api/settings.go:134:6: shadow: declaration of "err" shadows declaration at line 65 (govet)
		if err := json.Unmarshal(v, &existing.ToolStreamBehavior); err != nil {
		   ^
internal/api/settings.go:147:6: shadow: declaration of "err" shadows declaration at line 65 (govet)
		if err := json.Unmarshal(v, &existing.ToolDrawerRetention); err != nil {
		   ^
internal/api/settings.go:160:6: shadow: declaration of "err" shadows declaration at line 65 (govet)
		if err := json.Unmarshal(v, &existing.EmbeddingProvider); err != nil {
		   ^
internal/api/settings.go:170:6: shadow: declaration of "err" shadows declaration at line 65 (govet)
		if err := json.Unmarshal(v, &existing.EmbeddingModel); err != nil {
		   ^
internal/api/settings.go:176:6: shadow: declaration of "err" shadows declaration at line 65 (govet)
		if err := json.Unmarshal(v, &existing.EmbeddingMode); err != nil {
		   ^
internal/api/settings.go:193:6: shadow: declaration of "err" shadows declaration at line 65 (govet)
		if err := json.Unmarshal(v, &existing.AllowUnsignedPlugins); err != nil {
		   ^
internal/api/settings.go:200:6: shadow: declaration of "err" shadows declaration at line 65 (govet)
		if err := json.Unmarshal(v, &ext); err != nil {
		   ^
internal/api/settings.go:213:5: shadow: declaration of "err" shadows declaration at line 65 (govet)
	if err := a.Services.Store.UpdateUserSettings(existing); err != nil {
	   ^
internal/api/skills.go:198:5: shadow: declaration of "err" shadows declaration at line 192 (govet)
	if err := a.Services.Store.AssignSkillToAgent(agentID, req.SkillID, req.Config); err != nil {
	   ^
internal/api/skills.go:269:5: shadow: declaration of "err" shadows declaration at line 258 (govet)
	if err := a.decode(r, &req); err != nil {
	   ^
internal/api/teams.go:263:5: shadow: declaration of "err" shadows declaration at line 252 (govet)
	if err := a.decode(r, &req); err != nil {
	   ^
internal/api/teams.go:292:5: shadow: declaration of "err" shadows declaration at line 252 (govet)
	if err := a.Services.Store.UpdateTeam(r.Context(), &updated); err != nil {
	   ^
internal/api/teams_test.go:83:5: shadow: declaration of "err" shadows declaration at line 48 (govet)
	if err := json.NewDecoder(w.Body).Decode(&fetched); err != nil {
	   ^
internal/api/teams_test.go:98:5: shadow: declaration of "err" shadows declaration at line 48 (govet)
	if err := json.NewDecoder(w.Body).Decode(&list); err != nil {
	   ^
internal/api/teams_test.go:117:5: shadow: declaration of "err" shadows declaration at line 48 (govet)
	if err := json.NewDecoder(w.Body).Decode(&patched); err != nil {
	   ^
internal/builders/builder_test.go:39:5: shadow: declaration of "err" shadows declaration at line 31 (govet)
	if err := json.Unmarshal([]byte(out), &start); err != nil {
	   ^
internal/builders/builder_test.go:65:8: shadow: declaration of "err" shadows declaration at line 31 (govet)
		out, err := HandleBuilderStep(reg, sm, sessionKey, map[string]any{
		     ^
internal/builders/builder_test.go:131:5: shadow: declaration of "err" shadows declaration at line 123 (govet)
	if err := json.Unmarshal([]byte(out), &start); err != nil {
	   ^
internal/builders/builder_test.go:153:8: shadow: declaration of "err" shadows declaration at line 123 (govet)
		out, err := HandleBuilderStep(reg, sm, sessionKey, map[string]any{
		     ^
internal/builders/builder_test.go:240:5: shadow: declaration of "err" shadows declaration at line 222 (govet)
	if err := json.Unmarshal([]byte(out), &result); err != nil {
	   ^
internal/chat/context_client_test.go:144:5: shadow: declaration of "err" shadows declaration at line 132 (govet)
	if err := s.CreateMessage(&store.Message{SessionID: sess.ID, Role: "assistant", Content: assistantContent}); err != nil {
	   ^
internal/config/config_test.go:145:5: shadow: declaration of "err" shadows declaration at line 140 (govet)
	if err := os.Chdir(tmpCwd); err != nil {
	   ^
internal/config/config_test.go:184:5: shadow: declaration of "err" shadows declaration at line 179 (govet)
	if err := os.Chdir(tmpCwd); err != nil {
	   ^
internal/coordination/badger_test.go:179:5: shadow: declaration of "err" shadows declaration at line 175 (govet)
	if err := s.Delete("k"); err != nil {
	   ^
internal/envelope/validator.go:481:5: shadow: declaration of "err" shadows declaration at line 475 (govet)
	if err := compiler.AddResource(uri, any(normalised)); err != nil {
	   ^
internal/fsutil/fsutil_test.go:142:9: shadow: declaration of "err" shadows declaration at line 137 (govet)
		if _, err := w.Write([]byte(chunk)); err != nil {
		      ^
internal/fsutil/fsutil_test.go:146:5: shadow: declaration of "err" shadows declaration at line 137 (govet)
	if err := w.Close(); err != nil {
	   ^
internal/fsutil/fsutil_test.go:325:8: shadow: declaration of "err" shadows declaration at line 321 (govet)
	if _, err := w.Write([]byte("durable-stream")); err != nil {
	      ^
internal/fsutil/fsutil_test.go:328:5: shadow: declaration of "err" shadows declaration at line 321 (govet)
	if err := w.Close(); err != nil {
	   ^
internal/mcp/autodiscover_skills_test.go:61:5: shadow: declaration of "err" shadows declaration at line 51 (govet)
	if err := mgr.AddServer("srv", &fakeTieredTransport{tools: tools}, TierThirdPartyHTTP); err != nil {
	   ^
internal/mcp/code_exec_tools.go:129:5: shadow: declaration of "err" shadows declaration at line 121 (govet)
	if err := os.WriteFile(scriptPath, []byte(code), 0644); err != nil {
	   ^
internal/mcp/dev_tools.go:741:6: shadow: declaration of "err" shadows declaration at line 699 (govet)
		if err := ctx.Err(); err != nil {
		   ^
internal/mcp/dev_tools.go:779:6: shadow: declaration of "err" shadows declaration at line 699 (govet)
		f, err := os.Open(path)
		   ^
internal/mcp/dev_tools.go:1017:6: shadow: declaration of "err" shadows declaration at line 999 (govet)
		if err := ctx.Err(); err != nil {
		   ^
internal/mcp/dev_tools.go:1031:12: shadow: declaration of "err" shadows declaration at line 999 (govet)
		relPath, err := filepath.Rel(dir, path)
		         ^
internal/mcp/dev_tools.go:1203:8: shadow: declaration of "err" shadows declaration at line 1171 (govet)
		res, err := execFn(sandbox.AgentExecOpts{
		     ^
internal/mcp/dev_tools_path_grants_test.go:40:5: shadow: declaration of "err" shadows declaration at line 29 (govet)
	if err := os.WriteFile(mentionedFile, []byte("package report\n"), 0o644); err != nil {
	   ^
internal/mcp/dev_tools_path_grants_test.go:48:8: shadow: declaration of "err" shadows declaration at line 29 (govet)
	if _, err := dt.resolveAllowed(context.Background(), mentionedFile); err == nil {
	      ^
internal/mcp/dev_tools_path_grants_test.go:74:5: shadow: declaration of "err" shadows declaration at line 29 (govet)
	if err := os.WriteFile(sibling, []byte("package report\n"), 0o644); err != nil {
	   ^
internal/mcp/dev_tools_path_grants_test.go:77:8: shadow: declaration of "err" shadows declaration at line 29 (govet)
	if _, err := dt.resolveAllowed(ctx, sibling); err != nil {
	      ^
internal/mcp/dev_tools_path_grants_test.go:318:5: shadow: declaration of "err" shadows declaration at line 309 (govet)
	if err := os.WriteFile(mentionedFile, []byte("hello\nworld\n"), 0o644); err != nil {
	   ^
internal/mcp/dev_tools_test.go:385:5: shadow: declaration of "err" shadows declaration at line 369 (govet)
	if err := os.MkdirAll(filepath.Join(real, "sub"), 0o755); err != nil {
	   ^
internal/mcp/dev_tools_test.go:388:5: shadow: declaration of "err" shadows declaration at line 369 (govet)
	if err := os.WriteFile(filepath.Join(real, "sub", "file.txt"), []byte("hi"), 0o644); err != nil {
	   ^
internal/mcp/plugin_transport_test.go:145:5: shadow: declaration of "err" shadows declaration at line 135 (govet)
	if err := mgr.DiscoverTools(ctx); err != nil {
	   ^
internal/mcp/security_regression_test.go:152:9: shadow: declaration of "err" shadows declaration at line 146 (govet)
		if _, err := f.WriteString(block); err != nil {
		      ^
internal/mcp/security_regression_test.go:159:5: shadow: declaration of "err" shadows declaration at line 146 (govet)
	if err := os.WriteFile(small, []byte("alpha\nneedle here\nomega\n"), 0o644); err != nil {
	   ^
internal/messaging/events_test.go:66:5: shadow: declaration of "err" shadows declaration at line 57 (govet)
	if err := svc.Ack(ctx, "sess-1", "file-backend", seeded.ID); err != nil {
	   ^
internal/messaging/events_test.go:100:5: shadow: declaration of "err" shadows declaration at line 91 (govet)
	if err := svc.Resolve(ctx, "sess-1", "file-backend", seeded.ID); err != nil {
	   ^
internal/messaging/handoff_test.go:40:5: shadow: declaration of "err" shadows declaration at line 32 (govet)
	if err := svc.ApproveHandoff(context.Background(), handoffID); err != nil {
	   ^
internal/messaging/handoff_test.go:84:5: shadow: declaration of "err" shadows declaration at line 75 (govet)
	if err := svc.ApproveHandoff(context.Background(), h1); err != nil {
	   ^
internal/messaging/handoff_test.go:129:5: shadow: declaration of "err" shadows declaration at line 125 (govet)
	if err := svc.RejectHandoff(context.Background(), h, "test"); err != nil {
	   ^
internal/messaging/handoff_test.go:157:5: shadow: declaration of "err" shadows declaration at line 149 (govet)
	if err := svc.ApproveHandoff(context.Background(), handoffID); err != nil {
	   ^
internal/messaging/integration_test.go:61:5: shadow: declaration of "err" shadows declaration at line 52 (govet)
	if err := svc.ApproveHandoff(ctx, handoffID); err != nil {
	   ^
internal/messaging/integration_test.go:75:8: shadow: declaration of "err" shadows declaration at line 52 (govet)
	if _, err := svc.SendMessage(ctx, SendInput{
	      ^
internal/messaging/service.go:142:6: shadow: declaration of "err" shadows declaration at line 133 (govet)
		if err := ValidateAgentID(ctx, svc.resolver, input.FromAgentID); err != nil {
		   ^
internal/messaging/service.go:146:5: shadow: declaration of "err" shadows declaration at line 133 (govet)
	if err := ValidateAgentID(ctx, svc.resolver, input.ToAgentID); err != nil {
	   ^
internal/messaging/service_test.go:322:5: shadow: declaration of "err" shadows declaration at line 311 (govet)
	if err := svc.Ack(context.Background(), "sess-1", "file-backend", seeded.ID); err != nil {
	   ^
internal/messaging/service_test.go:365:5: shadow: declaration of "err" shadows declaration at line 354 (govet)
	if err := svc.Resolve(context.Background(), "sess-1", "file-backend", seeded.ID); err != nil {
	   ^
internal/messaging/sqlite_test.go:102:8: shadow: declaration of "err" shadows declaration at line 94 (govet)
	if _, err := s.Send(ctx, SendInput{
	      ^
internal/messaging/sqlite_test.go:110:5: shadow: declaration of "err" shadows declaration at line 94 (govet)
	if err := s.Ack(ctx, m1.ID); err != nil {
	   ^
internal/permission/resolve_test.go:163:5: shadow: declaration of "err" shadows declaration at line 156 (govet)
	if err := os.Symlink(realCanonical, linkPath); err != nil {
	   ^
internal/plugin/agent_profiles.go:286:7: shadow: declaration of "err" shadows declaration at line 280 (govet)
			if err := st.DeleteAgentByID(a.ID); err != nil {
			   ^
internal/plugin/agent_profiles_test.go:51:5: shadow: declaration of "err" shadows declaration at line 43 (govet)
	if err := st.CreateSkill(skill); err != nil {
	   ^
internal/plugin/agent_profiles_test.go:59:5: shadow: declaration of "err" shadows declaration at line 43 (govet)
	if err := os.MkdirAll(filepath.Join(pluginDir, "agents"), 0o755); err != nil {
	   ^
internal/plugin/agent_profiles_test.go:78:5: shadow: declaration of "err" shadows declaration at line 43 (govet)
	if err := os.WriteFile(filepath.Join(pluginDir, "agents", "curator.yaml"), []byte(profileYAML), 0o644); err != nil {
	   ^
internal/plugin/agent_profiles_test.go:100:5: shadow: declaration of "err" shadows declaration at line 43 (govet)
	if err := host.LoadPlugin(p); err != nil {
	   ^
internal/plugin/agent_profiles_test.go:103:5: shadow: declaration of "err" shadows declaration at line 43 (govet)
	if err := applyManifestRegistrations(host, manifest, p, pluginDir); err != nil {
	   ^
internal/plugin/agent_profiles_test.go:182:5: shadow: declaration of "err" shadows declaration at line 43 (govet)
	if err := applyManifestRegistrations(host, manifest, p, pluginDir); err != nil {
	   ^
internal/plugin/agent_profiles_test.go:249:5: shadow: declaration of "err" shadows declaration at line 242 (govet)
	if err := os.MkdirAll(filepath.Join(pluginDir, "agents"), 0o755); err != nil {
	   ^
internal/plugin/agent_profiles_test.go:262:5: shadow: declaration of "err" shadows declaration at line 242 (govet)
	if err := os.WriteFile(filepath.Join(pluginDir, "agents", "legacy.yaml"), []byte(legacyYAML), 0o644); err != nil {
	   ^
internal/plugin/cardrules_test.go:106:5: shadow: declaration of "err" shadows declaration at line 99 (govet)
	if err := host.RegisterCardRule(r1); err != nil {
	   ^
internal/plugin/install/install.go:208:6: shadow: declaration of "err" shadows declaration at line 175 (govet)
		if err := i.Verifier.Verify(ctx, handle); err != nil {
		   ^
internal/plugin/install/install.go:220:5: shadow: declaration of "err" shadows declaration at line 175 (govet)
	if err := i.Extractor.Extract(ctx, handle, stagingDir, i.Emit); err != nil {
	   ^
internal/plugin/install/install.go:227:5: shadow: declaration of "err" shadows declaration at line 175 (govet)
	if err := i.Validator.Validate(ctx, stagingDir); err != nil {
	   ^
internal/plugin/install/staging.go:96:6: shadow: declaration of "err" shadows declaration at line 94 (govet)
		if err := os.Rename(finalDir, backup); err != nil {
		   ^
internal/plugin/install/staging_test.go:33:5: shadow: declaration of "err" shadows declaration at line 25 (govet)
	if err := os.WriteFile(filepath.Join(dir, "plugin.yaml"), []byte("ok"), 0o600); err != nil {
	   ^
internal/plugin/install/staging_test.go:97:5: shadow: declaration of "err" shadows declaration at line 93 (govet)
	if err := os.WriteFile(filepath.Join(dir, "NEW"), []byte("v2"), 0o600); err != nil {
	   ^
internal/plugin/install/validate.go:225:5: shadow: declaration of "err" shadows declaration at line 219 (govet)
	if err := json.Unmarshal(jsonBytes, &jsonDoc); err != nil {
	   ^
internal/plugin/manage.go:184:6: shadow: declaration of "err" shadows declaration at line 174 (govet)
		if err := db.EnsurePluginSeeded(ctx, id.Slug, id.Kind, false); err != nil {
		   ^
internal/plugin/manage.go:217:6: shadow: declaration of "err" shadows declaration at line 204 (govet)
		if err := db.EnsurePluginSeeded(ctx, id.Slug, id.Kind, false); err != nil {
		   ^
internal/plugin/scaffold/scaffold_test.go:80:5: shadow: declaration of "err" shadows declaration at line 73 (govet)
	if err := yaml.Unmarshal(yamlBytes, &raw); err != nil {
	   ^
internal/plugin/scaffold/scaffold_test.go:88:5: shadow: declaration of "err" shadows declaration at line 73 (govet)
	if err := json.NewDecoder(bytes.NewReader(jsonBytes)).Decode(&doc); err != nil {
	   ^
internal/plugin/scaffold/scaffold_test.go:232:5: shadow: declaration of "err" shadows declaration at line 212 (govet)
	if err := yaml.Unmarshal(yamlBytes, &raw); err != nil {
	   ^
internal/plugin/subprocess/plugin.go:210:5: shadow: declaration of "err" shadows declaration at line 186 (govet)
	if err := checkProtocolVersion(initResult.Protocol); err != nil {
	   ^
internal/plugin/subprocess/plugin.go:291:6: shadow: declaration of "err" shadows declaration at line 287 (govet)
		if err := os.MkdirAll(dataDir, 0o755); err != nil {
		   ^
internal/plugin/unload_sweep_test.go:177:5: shadow: declaration of "err" shadows declaration at line 161 (govet)
	if err := host.RegisterEnvelope(EnvelopeRegistryEntry{
	   ^
internal/plugin/unload_sweep_test.go:184:5: shadow: declaration of "err" shadows declaration at line 161 (govet)
	if err := host.RegisterUIComponent(goplugin.UIComponent{
	   ^
internal/plugin/unload_sweep_test.go:191:5: shadow: declaration of "err" shadows declaration at line 161 (govet)
	if err := host.RegisterSlot(UISlotEntry{
	   ^
internal/plugin/unload_sweep_test.go:198:5: shadow: declaration of "err" shadows declaration at line 161 (govet)
	if err := host.RegisterKeybinding(KeybindingDef{
	   ^
internal/plugin/unload_sweep_test.go:205:5: shadow: declaration of "err" shadows declaration at line 161 (govet)
	if err := host.RegisterFilter("alpha-filter", 50, func(_ interface{}, _ FilterContext) (interface{}, error) {
	   ^
internal/plugin/unload_sweep_test.go:212:5: shadow: declaration of "err" shadows declaration at line 161 (govet)
	if err := host.RegisterConnector("alpha-conn", nil); err != nil {
	   ^
internal/plugin/unload_sweep_test.go:220:5: shadow: declaration of "err" shadows declaration at line 161 (govet)
	if err := host.RegisterCLIAdapter("alpha-cli", struct{}{}); err != nil {
	   ^
internal/plugin/unload_sweep_test.go:225:5: shadow: declaration of "err" shadows declaration at line 161 (govet)
	if err := mcp.AddPluginServer(pluginID, "alpha-mcp", nil); err != nil {
	   ^
internal/plugin/unload_sweep_test.go:235:5: shadow: declaration of "err" shadows declaration at line 161 (govet)
	if err := host.RegisterCRUDHandler("alpha-resource", stubCRUDHandler{}); err != nil {
	   ^
internal/plugin/unload_sweep_test.go:240:5: shadow: declaration of "err" shadows declaration at line 161 (govet)
	if err := host.RegisterCommand(SlashCommandDef{
	   ^
internal/plugin/unload_sweep_test.go:247:5: shadow: declaration of "err" shadows declaration at line 161 (govet)
	if err := host.RegisterTaskBackend("alpha-backend", &dummyTaskBackend{}); err != nil {
	   ^
internal/plugin/unload_sweep_test.go:252:5: shadow: declaration of "err" shadows declaration at line 161 (govet)
	if err := host.RegisterConfigSchema([]goplugin.ConfigFieldDef{
	   ^
internal/plugin/unload_sweep_test.go:260:5: shadow: declaration of "err" shadows declaration at line 161 (govet)
	if err := host.RegisterEventHook([]string{"alpha.ping"}, hook); err != nil {
	   ^
internal/plugin/unload_sweep_test.go:265:5: shadow: declaration of "err" shadows declaration at line 161 (govet)
	if err := host.RegisterProvider("alpha-provider", struct{}{}); err != nil {
	   ^
internal/plugin/unload_sweep_test.go:292:5: shadow: declaration of "err" shadows declaration at line 161 (govet)
	if err := host.UnloadPlugin(pluginID); err != nil {
	   ^
internal/reminders/engine_test.go:91:10: shadow: declaration of "err" shadows declaration at line 78 (govet)
		fired, err := eng.EvalTurn(sessionID, turn)
		       ^
internal/runtime/agent/agent.go:375:13: shadow: declaration of "err" shadows declaration at line 343 (govet)
		expanded, err := expandUserHome(opts.Workdir)
		          ^
internal/runtime/agent/agent.go:461:6: shadow: declaration of "err" shadows declaration at line 343 (govet)
		if err := deps.Store.CreateRuntimeRow(&RuntimeRow{
		   ^
internal/runtime/agent/agent.go:483:7: shadow: declaration of "err" shadows declaration at line 343 (govet)
		cp, err := deps.Store.GetCheckpoint(opts.ResumeFromCheckpoint)
		    ^
internal/runtime/agent/boot_test.go:364:5: shadow: declaration of "err" shadows declaration at line 360 (govet)
	if err := os.Chdir(cwdJail); err != nil {
	   ^
internal/runtime/agent/bootdir_claude_test.go:162:5: shadow: declaration of "err" shadows declaration at line 142 (govet)
	if err := json.Unmarshal(body, &parsed); err != nil {
	   ^
internal/runtime/agent/bootdir_opencode_test.go:66:5: shadow: declaration of "err" shadows declaration at line 23 (govet)
	if err := json.Unmarshal(agentsJSONBody, &agentsJSON); err != nil {
	   ^
internal/runtime/agent/wrapper_lifecycle_test.go:401:5: shadow: declaration of "err" shadows declaration at line 358 (govet)
	if err := sess.Stop(stopCtx); err != nil {
	   ^
internal/runtime/agent/wrapper_lifecycle_test.go:407:5: shadow: declaration of "err" shadows declaration at line 358 (govet)
	if err := sess.Wait(waitCtx); err != nil {
	   ^
internal/runtime/agent/wrapper_lifecycle_test.go:520:5: shadow: declaration of "err" shadows declaration at line 485 (govet)
	if err := sess.Stop(stopCtx); err != nil {
	   ^
internal/runtime/agent/wrapper_lifecycle_test.go:526:5: shadow: declaration of "err" shadows declaration at line 485 (govet)
	if err := sess.Wait(waitCtx); err != nil {
	   ^
internal/sandbox/exec.go:122:6: shadow: declaration of "err" shadows declaration at line 110 (govet)
		if err := proxy.Start(); err != nil {
		   ^
internal/sandbox/os_darwin.go:73:5: shadow: declaration of "err" shadows declaration at line 69 (govet)
	if err := validateSeatbeltLiteral("sandboxDir", absDir); err != nil {
	   ^
internal/sandbox/proxy.go:473:11: shadow: declaration of "err" shadows declaration at line 452 (govet)
		pinned, err := p.resolveAndPin(ctx, dialHost)
		        ^
internal/sandbox/proxy_stop_test.go:38:7: shadow: declaration of "err" shadows declaration at line 30 (govet)
			c, err := stalled.Accept()
			   ^
internal/sandbox/proxy_stop_test.go:61:5: shadow: declaration of "err" shadows declaration at line 30 (govet)
	if err := proxy.Start(); err != nil {
	   ^
internal/sandbox/proxy_test.go:149:5: shadow: declaration of "err" shadows declaration at line 124 (govet)
	if err := req.Write(tlsConn); err != nil {
	   ^
internal/sandbox/proxy_test.go:235:5: shadow: declaration of "err" shadows declaration at line 228 (govet)
	if err := proxy.Stop(); err != nil {
	   ^
internal/sandbox/sandbox.go:40:5: shadow: declaration of "err" shadows declaration at line 35 (govet)
	if err := os.MkdirAll(base, 0755); err != nil {
	   ^
internal/scheduler/store_adapter_test.go:629:5: shadow: declaration of "err" shadows declaration at line 596 (govet)
	if err := adapter.DisableSchedule(ctx, oneShot.ID); err != nil {
	   ^
internal/selftools/self_tools_handoff.go:155:5: shadow: declaration of "err" shadows declaration at line 150 (govet)
	if err := st.Store.UpsertHandoffStash(store.HandoffStash{
	   ^
internal/selftools/self_tools_handoff_test.go:112:5: shadow: declaration of "err" shadows declaration at line 102 (govet)
	if err := json.Unmarshal([]byte(stash.Content[0].Text), &resp); err != nil {
	   ^
internal/selftools/self_tools_list_test.go:119:5: shadow: declaration of "err" shadows declaration at line 103 (govet)
	if err := json.Unmarshal([]byte(res.Content[0].Text), &out); err != nil {
	   ^
internal/selftools/self_tools_list_test.go:539:5: shadow: declaration of "err" shadows declaration at line 522 (govet)
	if err := json.Unmarshal([]byte(res.Content[0].Text), &out); err != nil {
	   ^
internal/selftools/self_tools_list_test.go:567:5: shadow: declaration of "err" shadows declaration at line 522 (govet)
	if err := json.Unmarshal([]byte(resFiltered.Content[0].Text), &outFiltered); err != nil {
	   ^
internal/selftools/self_tools_subagent_envelope_test.go:530:5: unusedwrite: unused write to field ID (govet)
		ID:             "run-fault",
		  ^
internal/selftools/self_tools_subagent_envelope_test.go:531:7: unusedwrite: unused write to field Role (govet)
		Role:           "researcher",
		    ^
internal/selftools/self_tools_subagent_envelope_test.go:532:17: unusedwrite: unused write to field ChildSessionID (govet)
		ChildSessionID: "child-sess-2",
		              ^
internal/selftools/self_tools_subagent_envelope_test.go:533:9: unusedwrite: unused write to field Status (govet)
		Status:         subagent.StatusCompleted,
		      ^
internal/selftools/self_tools_task_update_report_test.go:69:5: shadow: declaration of "err" shadows declaration at line 47 (govet)
	if err := s.InsertSelftoolReaction(ctx, store.SelftoolReaction{
	   ^
internal/selftools/self_tools_task_update_report_test.go:77:5: shadow: declaration of "err" shadows declaration at line 47 (govet)
	if err := s.InsertSelftoolReaction(ctx, store.SelftoolReaction{
	   ^
internal/selftools/self_tools_task_update_report_test.go:122:5: shadow: declaration of "err" shadows declaration at line 47 (govet)
	if err := json.Unmarshal([]byte(envJSON), &env); err != nil {
	   ^
internal/selftools/self_tools_task_update_report_test.go:351:8: shadow: declaration of "err" shadows declaration at line 338 (govet)
	if _, err := s.DB.ExecContext(ctx, `UPDATE selftool_reactions SET enabled = 0 WHERE id = ?`, renderCardID); err != nil {
	      ^
internal/selftools/self_tools_task_update_report_test.go:355:8: shadow: declaration of "err" shadows declaration at line 338 (govet)
	if _, err := SeedTaskUpdateReportReactions(ctx, s, "http://127.0.0.1:9999", nil); err != nil {
	      ^
internal/service/a2a_push_notifier.go:130:5: shadow: declaration of "err" shadows declaration at line 106 (govet)
	if err := json.Unmarshal([]byte(task.PushNotificationConfig.String), &config); err != nil {
	   ^
internal/service/a2a_push_notifier_test.go:47:6: shadow: declaration of "err" shadows declaration at line 30 (govet)
		if err := json.Unmarshal(body, &notification); err != nil {
		   ^
internal/service/a2a_push_notifier_test.go:74:5: shadow: declaration of "err" shadows declaration at line 30 (govet)
	if err := s.CreateA2ATask(task); err != nil {
	   ^
internal/service/a2a_push_notifier_test.go:83:5: shadow: declaration of "err" shadows declaration at line 30 (govet)
	if err := notifier.EnqueueDelivery(task.ID, newState); err != nil {
	   ^
internal/service/a2a_push_notifier_test.go:103:5: shadow: declaration of "err" shadows declaration at line 30 (govet)
	if err := notifier.ProcessPendingDeliveries(ctx); err != nil {
	   ^
internal/service/a2a_push_notifier_test.go:168:5: shadow: declaration of "err" shadows declaration at line 134 (govet)
	if err := s.CreateA2ATask(task); err != nil {
	   ^
internal/service/a2a_push_notifier_test.go:175:5: shadow: declaration of "err" shadows declaration at line 134 (govet)
	if err := notifier.EnqueueDelivery(task.ID, a2a.TaskStateWorking); err != nil {
	   ^
internal/service/a2a_push_notifier_test.go:180:5: shadow: declaration of "err" shadows declaration at line 134 (govet)
	if err := notifier.ProcessPendingDeliveries(ctx); err != nil {
	   ^
internal/service/a2a_push_notifier_test.go:198:5: shadow: declaration of "err" shadows declaration at line 134 (govet)
	if err := s.UpdateA2APushDelivery(deliveries[0]); err != nil {
	   ^
internal/service/a2a_push_notifier_test.go:203:5: shadow: declaration of "err" shadows declaration at line 134 (govet)
	if err := notifier.ProcessPendingDeliveries(ctx); err != nil {
	   ^
internal/service/a2a_push_notifier_test.go:220:5: shadow: declaration of "err" shadows declaration at line 134 (govet)
	if err := s.UpdateA2APushDelivery(deliveries[0]); err != nil {
	   ^
internal/service/a2a_push_notifier_test.go:225:5: shadow: declaration of "err" shadows declaration at line 134 (govet)
	if err := notifier.ProcessPendingDeliveries(ctx); err != nil {
	   ^
internal/service/a2a_push_notifier_test.go:341:6: shadow: declaration of "err" shadows declaration at line 331 (govet)
		if err := json.Unmarshal(body, &n); err != nil {
		   ^
internal/service/a2a_push_notifier_test.go:355:5: shadow: declaration of "err" shadows declaration at line 331 (govet)
	if err := st.CreateAgent(profile); err != nil {
	   ^
internal/service/a2a_push_notifier_test.go:366:5: shadow: declaration of "err" shadows declaration at line 331 (govet)
	if err := st.CreateDurableAgentInstance(inst); err != nil {
	   ^
internal/service/a2a_push_notifier_test.go:384:5: shadow: declaration of "err" shadows declaration at line 331 (govet)
	if err := st.CreateA2ATask(task); err != nil {
	   ^
internal/service/a2a_push_notifier_test.go:393:8: shadow: declaration of "err" shadows declaration at line 331 (govet)
	if _, err := tm.CancelTask(ctx, task.ID); err != nil {
	      ^
internal/service/a2a_push_notifier_test.go:409:5: shadow: declaration of "err" shadows declaration at line 331 (govet)
	if err := tm.PushNotifier().ProcessPendingDeliveries(ctx); err != nil {
	   ^
internal/service/a2a_task_manager.go:130:15: shadow: declaration of "err" shadows declaration at line 111 (govet)
		configJSON, err := json.Marshal(req.PushNotificationConfig)
		            ^
internal/service/a2a_task_manager.go:137:5: shadow: declaration of "err" shadows declaration at line 111 (govet)
	if err := tm.store.CreateA2ATask(task); err != nil {
	   ^
internal/service/a2a_task_manager.go:144:6: shadow: declaration of "err" shadows declaration at line 111 (govet)
		if err := tm.submitWorkflowTask(ctx, task, req); err != nil {
		   ^
internal/service/a2a_task_manager.go:149:6: shadow: declaration of "err" shadows declaration at line 111 (govet)
		if err := tm.submitInstanceTask(ctx, task, req); err != nil {
		   ^
internal/service/a2a_task_manager.go:156:3: shadow: declaration of "err" shadows declaration at line 111 (govet)
		err := fmt.Errorf("unknown target_kind: %s", targetKind)
		^
internal/service/agent_bootdir_adapter_test.go:170:5: shadow: declaration of "err" shadows declaration at line 159 (govet)
	if err := a.Repopulate(context.Background(), sessID); err != nil {
	   ^
internal/service/agent_bootdir_adapter_test.go:206:5: shadow: declaration of "err" shadows declaration at line 196 (govet)
	if err := a.Repopulate(context.Background(), sessID); err != nil {
	   ^
internal/service/agent_bootdir_adapter_test.go:213:5: shadow: declaration of "err" shadows declaration at line 196 (govet)
	if err := os.WriteFile(contextPath, []byte(sentinel), 0o644); err != nil {
	   ^
internal/service/agent_bootdir_adapter_test.go:219:5: shadow: declaration of "err" shadows declaration at line 196 (govet)
	if err := os.WriteFile(claudePath, []byte("PLACEHOLDER-FOR-MTIME"), 0o644); err != nil {
	   ^
internal/service/agent_bootdir_adapter_test.go:223:5: shadow: declaration of "err" shadows declaration at line 196 (govet)
	if err := a.RegenerateCLAUDEMD(context.Background(), sessID); err != nil {
	   ^
internal/service/agent_bootdir_adapter_test.go:411:5: shadow: declaration of "err" shadows declaration at line 401 (govet)
	if err := a.Repopulate(context.Background(), sessID); err != nil {
	   ^
internal/service/agent_bootdir_adapter_test.go:419:5: shadow: declaration of "err" shadows declaration at line 401 (govet)
	if err := os.WriteFile(contextPath, []byte(sentinel), 0o644); err != nil {
	   ^
internal/service/agent_bootdir_adapter_test.go:429:5: shadow: declaration of "err" shadows declaration at line 401 (govet)
	if err := b.Remediate(context.Background(), ev, classification); err != nil {
	   ^
internal/service/agent_config.go:291:5: shadow: declaration of "err" shadows declaration at line 282 (govet)
	if err := IngestAgentDefinition(s.store, def); err != nil {
	   ^
internal/service/agent_config_test.go:130:8: shadow: declaration of "err" shadows declaration at line 122 (govet)
	if _, err := st.InsertAgentReflex(context.Background(), store.AgentReflex{
	      ^
internal/service/agent_config_test.go:155:8: shadow: declaration of "err" shadows declaration at line 122 (govet)
	if _, err := os.Stat(oldPath); !os.IsNotExist(err) {
	      ^
internal/service/agent_config_test.go:158:8: shadow: declaration of "err" shadows declaration at line 122 (govet)
	if _, err := os.Stat(filepath.Join(root, "agents", "atlas-curator.md")); err != nil {
	      ^
internal/service/agent_config_test.go:233:5: shadow: declaration of "err" shadows declaration at line 228 (govet)
	if err := os.WriteFile(created.Profile.SourceRef, []byte("---\nid: "+created.Profile.ID+"\nname: Atlas\nslug: atlas\n---\nhand edit\n"), 0o644); err != nil {
	   ^
internal/service/chat_boot_drive_context_resolver_test.go:79:5: shadow: declaration of "err" shadows declaration at line 66 (govet)
	if err := st.CreateAgent(otherAgent); err != nil {
	   ^
internal/service/chat_boot_drive_context_resolver_test.go:155:5: shadow: declaration of "err" shadows declaration at line 143 (govet)
	if err := os.MkdirAll(filepath.Join(bootDir, ".sandbox"), 0o755); err != nil {
	   ^
internal/service/chat_boot_drive_context_resolver_test.go:158:5: shadow: declaration of "err" shadows declaration at line 143 (govet)
	if err := s.regenerateBootDirSlots(sessionID, bootDir, agent); err != nil {
	   ^
internal/service/chat_generate.go:448:16: shadow: declaration of "err" shadows declaration at line 194 (govet)
		if filtered, err := s.pluginHost.ApplyFilter(pluginpkg.FilterSystemPrompt, extraSystemPrefix, fctx); err != nil {
		             ^
internal/service/chat_generate.go:457:16: shadow: declaration of "err" shadows declaration at line 194 (govet)
		if filtered, err := s.pluginHost.ApplyFilter(pluginpkg.FilterUserMessage, userContent, fctx); err != nil {
		             ^
internal/service/chat_generate.go:731:9: shadow: declaration of "err" shadows declaration at line 194 (govet)
	if us, err := s.store.GetUserSettings(); err == nil && us.ToolPerTurnCap > 0 {
	       ^
internal/service/chat_generate.go:934:17: shadow: declaration of "err" shadows declaration at line 194 (govet)
			if filtered, err := s.pluginHost.ApplyFilter(pluginpkg.FilterContextWindow, chatMessages, fctx); err != nil {
			             ^
internal/service/chat_generate_halt_turn_test.go:149:5: shadow: declaration of "err" shadows declaration at line 133 (govet)
	if err := st.CreateSession(sess); err != nil {
	   ^
internal/service/chat_generate_halt_turn_test.go:176:8: shadow: declaration of "err" shadows declaration at line 133 (govet)
	if _, err := st.InsertAgentReflex(ctx, store.AgentReflex{
	      ^
internal/service/chat_generate_halt_turn_test.go:275:5: shadow: declaration of "err" shadows declaration at line 265 (govet)
	if err := st.CreateSession(sess); err != nil {
	   ^
internal/service/chat_generate_halt_turn_test.go:290:8: shadow: declaration of "err" shadows declaration at line 265 (govet)
	if _, err := st.InsertAgentReflex(ctx, store.AgentReflex{
	      ^
internal/service/chat_generate_no_max_time_seconds_test.go:79:8: shadow: declaration of "err" shadows declaration at line 74 (govet)
	if _, err := os.Stat(path); err != nil {
	      ^
internal/service/chat_generate_test.go:411:33: unusedwrite: unused write to field events (govet)
		events: []llmtypes.StreamEvent{
		                              ^
internal/service/chat_generate_test.go:430:42: unusedwrite: unused write to field Type (govet)
	evtThinking := llmtypes.StreamEvent{Type: "thinking", ThinkingBlock: thinkBlock}
	                                        ^
internal/service/chat_generate_test.go:437:7: unusedwrite: unused write to field Type (govet)
		Type:    "delta",
		    ^
internal/service/chat_reflex_dispatch_generic_pass_leak_test.go:53:8: shadow: declaration of "err" shadows declaration at line 45 (govet)
	if _, err := reflexes.SeedBaseReflexes(ctx, st, nil); err != nil {
	      ^
internal/service/chat_reflex_dispatch_generic_pass_leak_test.go:74:5: shadow: declaration of "err" shadows declaration at line 45 (govet)
	if err := st.CreateAgent(agent); err != nil {
	   ^
internal/service/chat_reflex_dispatch_generic_pass_leak_test.go:78:5: shadow: declaration of "err" shadows declaration at line 45 (govet)
	if err := st.CreateSession(session); err != nil {
	   ^
internal/service/chat_reflex_dispatch_generic_pass_leak_test.go:85:5: shadow: declaration of "err" shadows declaration at line 45 (govet)
	if err := st.CreateMessage(&store.Message{
	   ^
internal/service/chat_reflex_dispatch_integration_test.go:89:8: shadow: declaration of "err" shadows declaration at line 80 (govet)
	if _, err := reflexes.SeedBaseReflexes(context.Background(), st, nil); err != nil {
	      ^
internal/service/chat_reflex_dispatch_integration_test.go:279:8: shadow: declaration of "err" shadows declaration at line 273 (govet)
	if _, err := reflexes.SeedBaseReflexes(context.Background(), st, nil); err != nil {
	      ^
internal/service/chat_subagent_inbox_test.go:67:5: shadow: declaration of "err" shadows declaration at line 60 (govet)
	if err := s.CreateSession(sess); err != nil {
	   ^
internal/service/compaction_event_writer_wiring_test.go:56:5: shadow: declaration of "err" shadows declaration at line 50 (govet)
	if err := s.CreateSession(sess); err != nil {
	   ^
internal/service/compaction_event_writer_wiring_test.go:71:6: shadow: declaration of "err" shadows declaration at line 50 (govet)
		if err := s.CreateMessage(&store.Message{
		   ^
internal/service/container.go:496:8: shadow: declaration of "err" shadows declaration at line 395 (govet)
	if n, err := BackfillAgentToolsFromLegacyColumns(context.Background(), cfg.Store); err != nil {
	      ^
internal/service/container.go:548:5: shadow: declaration of "err" shadows declaration at line 395 (govet)
	if err := skill.EnsureHomeDirs(""); err != nil {
	   ^
internal/service/container.go:578:9: shadow: declaration of "err" shadows declaration at line 395 (govet)
				us, err := cfg.Store.GetUserSettings()
				    ^
internal/service/container.go:706:15: shadow: declaration of "err" shadows declaration at line 395 (govet)
			if loaded, err := toolclient.LoadSkillsFromDir(skillsDir); err == nil && len(loaded) > 0 {
			           ^
internal/service/container.go:774:12: shadow: declaration of "err" shadows declaration at line 395 (govet)
		project, err := cfg.Store.GetProject(session.ProjectID)
		         ^
internal/service/container.go:810:10: shadow: declaration of "err" shadows declaration at line 395 (govet)
			msgs, err := cfg.Store.ListMessages(sessionID, limit)
			      ^
internal/service/container.go:854:8: shadow: declaration of "err" shadows declaration at line 395 (govet)
			us, err := cfg.Store.GetUserSettings()
			    ^
internal/service/container.go:883:9: shadow: declaration of "err" shadows declaration at line 395 (govet)
	if us, err := cfg.Store.GetUserSettings(); err == nil && us.DeveloperMode {
	       ^
internal/service/container.go:910:9: shadow: declaration of "err" shadows declaration at line 395 (govet)
	if us, err := cfg.Store.GetUserSettings(); err == nil && us.DeveloperMode {
	       ^
internal/service/container.go:937:6: shadow: declaration of "err" shadows declaration at line 395 (govet)
		if err := cfg.Store.MarkSessionHalted(sessionID, reason); err != nil {
		   ^
internal/service/container.go:956:8: shadow: declaration of "err" shadows declaration at line 395 (govet)
	if n, err := reflexes.SeedBaseReflexes(context.Background(), cfg.Store, slog.Default()); err != nil {
	      ^
internal/service/container.go:970:8: shadow: declaration of "err" shadows declaration at line 395 (govet)
	if n, err := reflexes.SeedAgentReflexesBySlug(context.Background(), cfg.Store, reflexes.LoomPilotReflexSeeds(), slog.Default()); err != nil {
	      ^
internal/service/container.go:1162:2: lostcancel: the stopReaper function is not used on all paths (possible context leak) (govet)
	reaperCtx, stopReaper := context.WithCancel(context.Background())
	^
internal/service/container.go:1182:2: lostcancel: the stopRuntimeReaper function is not used on all paths (possible context leak) (govet)
	runtimeReaperCtx, stopRuntimeReaper := context.WithCancel(context.Background())
	^
internal/service/container.go:1242:3: lostcancel: this return statement may be reached without using the stopReaper var defined on line 1162 (govet)
		return nil, fmt.Errorf("service container: durable agent recipes: %w", err)
		^
internal/service/container.go:1242:3: lostcancel: this return statement may be reached without using the stopRuntimeReaper var defined on line 1182 (govet)
		return nil, fmt.Errorf("service container: durable agent recipes: %w", err)
		^
internal/service/context_broker_assembly_test.go:30:5: shadow: declaration of "err" shadows declaration at line 22 (govet)
	if err := s.CreateSession(sess); err != nil {
	   ^
internal/service/context_broker_assembly_test.go:33:5: shadow: declaration of "err" shadows declaration at line 22 (govet)
	if err := s.CreateMessage(&store.Message{
	   ^
internal/service/context_broker_assembly_test.go:71:5: shadow: declaration of "err" shadows declaration at line 63 (govet)
	if err := s.CreateSession(sess); err != nil {
	   ^
internal/service/context_broker_assembly_test.go:77:5: shadow: declaration of "err" shadows declaration at line 63 (govet)
	if err := s.CreateMessage(&store.Message{ID: "t1", SessionID: sess.ID, Role: "user", Content: "write a new helper function"}); err != nil {
	   ^
internal/service/context_broker_assembly_test.go:86:5: shadow: declaration of "err" shadows declaration at line 63 (govet)
	if err := s.CreateMessage(&store.Message{ID: "t2", SessionID: sess.ID, Role: "user", Content: "review our session history"}); err != nil {
	   ^
internal/service/context_broker_assembly_test.go:225:5: shadow: declaration of "err" shadows declaration at line 217 (govet)
	if err := s.CreateSession(sess); err != nil {
	   ^
internal/service/context_broker_assembly_test.go:303:5: shadow: declaration of "err" shadows declaration at line 295 (govet)
	if err := s.CreateSession(sess); err != nil {
	   ^
internal/service/context_broker_assembly_test.go:306:5: shadow: declaration of "err" shadows declaration at line 295 (govet)
	if err := s.CreateMessage(&store.Message{ID: "c1", SessionID: sess.ID, Role: "user", Content: "hi"}); err != nil {
	   ^
internal/service/context_slot_fill_test.go:30:5: shadow: declaration of "err" shadows declaration at line 21 (govet)
	if err := s.CreateSession(sess); err != nil {
	   ^
internal/service/context_slot_fill_test.go:33:5: shadow: declaration of "err" shadows declaration at line 21 (govet)
	if err := s.CreateMessage(&store.Message{
	   ^
internal/service/context_slot_fill_test.go:143:5: shadow: declaration of "err" shadows declaration at line 135 (govet)
	if err := s.CreateSession(sess); err != nil {
	   ^
internal/service/context_test.go:41:5: shadow: declaration of "err" shadows declaration at line 32 (govet)
	if err := s.CreateSession(sess); err != nil {
	   ^
internal/service/context_test.go:44:5: shadow: declaration of "err" shadows declaration at line 32 (govet)
	if err := s.CreateMessage(&store.Message{
	   ^
internal/service/context_workspace_slot_test.go:53:5: shadow: declaration of "err" shadows declaration at line 48 (govet)
	if err := s.CreateSession(sess); err != nil {
	   ^
internal/service/context_workspace_slot_test.go:109:5: shadow: declaration of "err" shadows declaration at line 104 (govet)
	if err := s.CreateSession(sess); err != nil {
	   ^
internal/service/context_workspace_slot_test.go:158:5: shadow: declaration of "err" shadows declaration at line 153 (govet)
	if err := s.CreateSession(sess); err != nil {
	   ^
internal/service/context_workspace_slot_test.go:182:5: shadow: declaration of "err" shadows declaration at line 153 (govet)
	if err := os.WriteFile(agentsMD, []byte("RULES-V2"), 0o644); err != nil {
	   ^
internal/service/context_workspace_slot_test.go:186:5: shadow: declaration of "err" shadows declaration at line 153 (govet)
	if err := os.Chtimes(agentsMD, future, future); err != nil {
	   ^
internal/service/delegation.go:328:6: shadow: declaration of "err" shadows declaration at line 310 (govet)
		if err := s.tasks.Create(ctx, parentTask); err != nil {
		   ^
internal/service/delegation.go:362:9: shadow: declaration of "err" shadows declaration at line 310 (govet)
				wr, err := s.workers.SpawnFull(ctx, worker.SpawnRequest{
				    ^
internal/service/durable_agents.go:363:5: shadow: declaration of "err" shadows declaration at line 331 (govet)
	if err := s.store.AttachDurableAgentInstanceSession(inst.ID, session.ID, policy.AttachmentRelation); err != nil {
	   ^
internal/service/durable_agents.go:428:5: shadow: declaration of "err" shadows declaration at line 392 (govet)
	if err := s.store.AttachDurableAgentInstanceSession(inst.ID, session.ID, policy.AttachmentRelation); err != nil {
	   ^
internal/service/durable_agents.go:526:6: shadow: declaration of "err" shadows declaration at line 510 (govet)
		if err := s.runtime.StopSession(ctx, inst.CurrentSessionID); err != nil {
		   ^
internal/service/durable_wake.go:274:9: unusedwrite: unused write to field Prompt (govet)
		Prompt:     req.WakePayload.Prompt,
		      ^
internal/service/envelope_emit_test.go:24:8: shadow: declaration of "err" shadows declaration at line 16 (govet)
	if _, err := s.DB.Exec(
	      ^
internal/service/install/adopt.go:69:5: shadow: declaration of "err" shadows declaration at line 46 (govet)
	if err := persistAdapterList(cfgPath, resolved); err != nil {
	   ^
internal/service/install/atomicity_test.go:111:8: shadow: declaration of "err" shadows declaration at line 93 (govet)
	if _, err := os.Stat(filepath.Join(snapPath, "GEMINI.md.pre-refresh")); !os.IsNotExist(err) {
	      ^
internal/service/install/atomicity_test.go:117:5: shadow: declaration of "err" shadows declaration at line 93 (govet)
	if err := os.MkdirAll(filepath.Join(clean, ".nanite"), 0o755); err != nil {
	   ^
internal/service/install/atomicity_test.go:154:5: shadow: declaration of "err" shadows declaration at line 148 (govet)
	if err := ScaffoldNaniteDir(project, globalHome, src); err != nil {
	   ^
internal/service/install/install.go:74:11: shadow: declaration of "err" shadows declaration at line 73 (govet)
		report, err := assets.ExtractTo(target, assets.ExtractOptions{Force: opts.Force})
		        ^
internal/service/install/install.go:164:10: shadow: declaration of "err" shadows declaration at line 149 (govet)
			link, err := os.Readlink(path)
			      ^
internal/service/install/install_test.go:60:8: shadow: declaration of "err" shadows declaration at line 51 (govet)
	if _, err := os.Stat(filepath.Join(target, "VERSION")); err != nil {
	      ^
internal/service/install/scaffold.go:42:14: shadow: declaration of "err" shadows declaration at line 41 (govet)
		tmplBytes, err := assets.File("templates/nanite-config.yaml.tmpl")
		           ^
internal/service/install/scaffold_test.go:40:9: shadow: declaration of "err" shadows declaration at line 29 (govet)
		info, err := os.Lstat(link)
		      ^
internal/service/known_tools_backfill_test.go:161:5: shadow: declaration of "err" shadows declaration at line 157 (govet)
	if err := st.RevokeAgentTool(ctx, agent.ID, toolID); err != nil {
	   ^
internal/service/managed_durable_configs.go:113:9: shadow: declaration of "err" shadows declaration at line 107 (govet)
		if _, err := syncManagedDurableAgentConfig(st, cfg); err != nil {
		      ^
internal/service/managed_durable_configs.go:392:5: shadow: declaration of "err" shadows declaration at line 388 (govet)
	if err := agent.WriteManagedAgentProfile(path, profile, procedures); err != nil {
	   ^
internal/service/orphan_sweep_smoke_test.go:73:5: shadow: declaration of "err" shadows declaration at line 47 (govet)
	if err := json.Unmarshal([]byte(logged.Metadata), &meta); err != nil {
	   ^
internal/service/persist_partial_assistant_test.go:136:5: shadow: declaration of "err" shadows declaration at line 129 (govet)
	if err := s.CreateSession(sess); err != nil {
	   ^
internal/service/persist_partial_assistant_test.go:157:5: shadow: declaration of "err" shadows declaration at line 129 (govet)
	if err := s.CreateMessage(msg); err != nil {
	   ^
internal/service/persist_partial_assistant_test.go:193:5: shadow: declaration of "err" shadows declaration at line 185 (govet)
	if err := s.CreateSession(sess); err != nil {
	   ^
internal/service/persist_partial_assistant_test.go:501:5: shadow: declaration of "err" shadows declaration at line 494 (govet)
	if err := s.CreateSession(sess); err != nil {
	   ^
internal/service/reminder_engine_integration_test.go:56:5: shadow: declaration of "err" shadows declaration at line 39 (govet)
	if err := s.CreateReminder(r); err != nil {
	   ^
internal/service/reminder_engine_integration_test.go:107:5: shadow: declaration of "err" shadows declaration at line 39 (govet)
	if err := s.CreateSession(sess); err != nil {
	   ^
internal/service/reminder_engine_integration_test.go:176:5: shadow: declaration of "err" shadows declaration at line 166 (govet)
	if err := s.CreateSession(sess); err != nil {
	   ^
internal/service/reminder_engine_integration_test.go:188:5: shadow: declaration of "err" shadows declaration at line 166 (govet)
	if err := s.CreateReminder(r); err != nil {
	   ^
internal/service/reminder_engine_integration_test.go:304:5: shadow: declaration of "err" shadows declaration at line 295 (govet)
	if err := s.CreateSession(sess); err != nil {
	   ^
internal/service/reminder_engine_integration_test.go:314:5: shadow: declaration of "err" shadows declaration at line 295 (govet)
	if err := s.CreateReminder(r); err != nil {
	   ^
internal/service/reminder_engine_integration_test.go:424:5: shadow: declaration of "err" shadows declaration at line 416 (govet)
	if err := s.CreateSession(sess); err != nil {
	   ^
internal/service/reminder_engine_integration_test.go:436:6: shadow: declaration of "err" shadows declaration at line 416 (govet)
		if err := s.CreateMessage(msg); err != nil {
		   ^
internal/service/reminder_engine_integration_test.go:458:5: shadow: declaration of "err" shadows declaration at line 416 (govet)
	if err := s.CreateReminder(r); err != nil {
	   ^
internal/service/slot_stash.go:155:5: shadow: declaration of "err" shadows declaration at line 151 (govet)
	if err := os.MkdirAll(sessionDir, 0o755); err != nil {
	   ^
internal/service/slot_stash_e2e_test.go:51:5: shadow: declaration of "err" shadows declaration at line 44 (govet)
	if err := os.MkdirAll(artifactsRoot, 0o755); err != nil {
	   ^
internal/service/slot_stash_e2e_test.go:55:5: shadow: declaration of "err" shadows declaration at line 44 (govet)
	if err := s.CreateSession(&store.Session{ID: "e2e-sess"}); err != nil {
	   ^
internal/service/slot_stash_test.go:30:5: shadow: declaration of "err" shadows declaration at line 23 (govet)
	if err := os.MkdirAll(artifactsRoot, 0o755); err != nil {
	   ^
internal/service/slot_stash_test.go:284:5: shadow: declaration of "err" shadows declaration at line 274 (govet)
	if err := os.WriteFile(blockerFile, []byte("blocker"), 0o644); err != nil {
	   ^
internal/service/slot_stash_test.go:340:5: shadow: declaration of "err" shadows declaration at line 330 (govet)
	if err := os.Remove(row.StoragePath); err != nil {
	   ^
internal/service/slot_stash_test.go:344:8: shadow: declaration of "err" shadows declaration at line 330 (govet)
	if _, err := os.Stat(row.StoragePath); !errors.Is(err, os.ErrNotExist) {
	      ^
internal/service/slot_stash_test.go:505:5: shadow: declaration of "err" shadows declaration at line 495 (govet)
	if err := os.Remove(row.StoragePath); err != nil {
	   ^
internal/service/slot_stash_test.go:519:9: shadow: declaration of "err" shadows declaration at line 495 (govet)
			res, err := stasher.StashSlot(context.Background(), req)
			     ^
internal/service/subagent_runner.go:636:18: unusedwrite: unused write to field TargetSessionID (govet)
		TargetSessionID: childID,
		               ^
internal/service/subagent_runner.go:637:9: unusedwrite: unused write to field Prompt (govet)
		Prompt:          userPrompt,
		      ^
internal/service/team_routing.go:514:14: shadow: declaration of "err" shadows declaration at line 485 (govet)
		agentSlug, err := svc.resolveAgentSlugForSlot(ctx, runID, targetSlot)
		           ^
internal/service/team_routing_test.go:141:8: shadow: declaration of "err" shadows declaration at line 132 (govet)
	if _, err := st.CreateTeamAuthorityGrant(ctx, store.TeamAuthorityGrant{
	      ^
internal/service/team_routing_test.go:188:5: shadow: declaration of "err" shadows declaration at line 181 (govet)
	if err := st.UpdateTeamRunMemberStatus(ctx, reviewer[0].ID, store.TeamRunMemberStatusFailed); err != nil {
	   ^
internal/service/team_routing_test.go:874:5: shadow: declaration of "err" shadows declaration at line 797 (govet)
	if err := row.Scan(&detail, &metadataJSON); err != nil {
	   ^
internal/service/team_routing_test.go:881:5: shadow: declaration of "err" shadows declaration at line 797 (govet)
	if err := json.Unmarshal([]byte(metadataJSON), &rec); err != nil {
	   ^
internal/service/team_run_launcher.go:263:24: shadow: declaration of "err" shadows declaration at line 234 (govet)
			agentID, sessionID, err := l.resolveSlotMember(ctx, item.slot, overrides)
			                    ^
internal/service/team_run_launcher.go:288:5: shadow: declaration of "err" shadows declaration at line 234 (govet)
	if err := l.registry.Register(wf); err != nil {
	   ^
internal/service/team_run_launcher.go:583:6: shadow: declaration of "err" shadows declaration at line 564 (govet)
		if err := l.durable.Create(ctx, newInst); err != nil {
		   ^
internal/service/team_run_launcher.go:766:7: shadow: declaration of "err" shadows declaration at line 738 (govet)
		ok, err := l.authorizedForElasticResolution(ctx, teamID, slots, slotName)
		    ^
internal/service/team_run_launcher_test.go:411:8: shadow: declaration of "err" shadows declaration at line 403 (govet)
	if _, err := st.CreateTeamAuthorityGrant(ctx, store.TeamAuthorityGrant{
	      ^
internal/service/tool_arg_validate.go:295:5: shadow: declaration of "err" shadows declaration at line 289 (govet)
	if err := json.Unmarshal(schemaJSON, &raw); err != nil {
	   ^
internal/service/tool_arg_validate.go:301:5: shadow: declaration of "err" shadows declaration at line 289 (govet)
	if err := c.AddResource(uri, raw); err != nil {
	   ^
internal/service/tool_execution_rules_test.go:46:5: shadow: declaration of "err" shadows declaration at line 42 (govet)
	if err := st.GrantAgentTool(ctx, agent.ID, toolID, "explicit"); err != nil {
	   ^
internal/service/tool_test.go:131:5: shadow: declaration of "err" shadows declaration at line 125 (govet)
	if err := st.CreateAgent(agent); err != nil {
	   ^
internal/service/tool_test.go:134:5: shadow: declaration of "err" shadows declaration at line 125 (govet)
	if err := st.GrantAgentTool(ctx, agent.ID, wantedTool.ID, "explicit"); err != nil {
	   ^
internal/service/workflow_engine.go:139:6: shadow: declaration of "err" shadows declaration at line 133 (govet)
		if err := json.Unmarshal([]byte(runRow.InputJSON), &params); err != nil {
		   ^
internal/skillvendor/store.go:90:13: shadow: declaration of "err" shadows declaration at line 79 (govet)
	if reused, err := s.checkExisting(addressDir, address); err != nil {
	           ^
internal/skillvendor/store_test.go:138:5: shadow: declaration of "err" shadows declaration at line 131 (govet)
	if err := ValidateAddress(res.Address); err != nil {
	   ^
internal/skillvendor/store_test.go:147:8: shadow: declaration of "err" shadows declaration at line 131 (govet)
		got, err := os.ReadFile(filepath.Join(dir, filepath.FromSlash(relPath)))
		     ^
internal/store/agent_context_resolvers_test.go:76:5: shadow: declaration of "err" shadows declaration at line 30 (govet)
	if err := s.UpdateAgentContextResolver(ctx, *got); err != nil {
	   ^
internal/store/agent_known_tools_test.go:82:5: shadow: declaration of "err" shadows declaration at line 76 (govet)
	if err := s.InsertAgentKnownTool(ctx, AgentKnownTool{
	   ^
internal/store/agent_known_tools_test.go:91:5: shadow: declaration of "err" shadows declaration at line 76 (govet)
	if err := s.BumpActivation(ctx, agent.ID, "preseeded"); err != nil {
	   ^
internal/store/agent_protocol_transport_test.go:36:5: shadow: declaration of "err" shadows declaration at line 21 (govet)
	if err := s.CreateAgent(acpAgent); err != nil {
	   ^
internal/store/agent_protocol_transport_test.go:61:5: shadow: declaration of "err" shadows declaration at line 21 (govet)
	if err := s.UpdateAgent(got); err != nil {
	   ^
internal/store/agent_protocol_transport_test.go:155:5: shadow: declaration of "err" shadows declaration at line 135 (govet)
	if err := s.UpdateAgentACPConfig(target.ID, nil, nil); err != nil {
	   ^
internal/store/agent_protocol_transport_test.go:168:5: shadow: declaration of "err" shadows declaration at line 135 (govet)
	if err := s.UpdateAgentACPConfig(target.ID, &empty, &empty); err != nil {
	   ^
internal/store/agent_schedules_test.go:208:5: shadow: declaration of "err" shadows declaration at line 199 (govet)
	if err := s.backfillScheduleNextRun(ctx, now); err != nil {
	   ^
internal/store/agent_schedules_test.go:230:5: shadow: declaration of "err" shadows declaration at line 199 (govet)
	if err := s.backfillScheduleNextRun(ctx, now.Add(time.Hour)); err != nil {
	   ^
internal/store/agent_tools_test.go:18:5: shadow: declaration of "err" shadows declaration at line 13 (govet)
	if err := s.GrantAgentTool(ctx, agent.ID, toolID, "explicit"); err != nil {
	   ^
internal/store/agent_tools_test.go:22:5: shadow: declaration of "err" shadows declaration at line 13 (govet)
	if err := s.GrantAgentTool(ctx, agent.ID, toolID, "explicit"); err != nil {
	   ^
internal/store/agent_tools_test.go:42:5: shadow: declaration of "err" shadows declaration at line 13 (govet)
	if err := s.RevokeAgentTool(ctx, agent.ID, toolID); err != nil {
	   ^
internal/store/agent_tools_test.go:64:5: shadow: declaration of "err" shadows declaration at line 59 (govet)
	if err := s.GrantAgentTool(ctx, agent.ID, toolID, "legacy_backfill"); err != nil {
	   ^
internal/store/agent_tools_test.go:69:5: shadow: declaration of "err" shadows declaration at line 59 (govet)
	if err := s.GrantAgentTool(ctx, agent.ID, toolID, "explicit"); err != nil {
	   ^
internal/store/agent_tools_test.go:99:5: shadow: declaration of "err" shadows declaration at line 94 (govet)
	if err := s.GrantAgentDispatchTool(ctx, agent.ID, toolID); err != nil {
	   ^
internal/store/agent_tools_test.go:110:5: shadow: declaration of "err" shadows declaration at line 94 (govet)
	if err := s.RevokeAgentDispatchTool(ctx, agent.ID, toolID); err != nil {
	   ^
internal/store/agent_tools_test.go:135:5: shadow: declaration of "err" shadows declaration at line 131 (govet)
	if err := s.GrantAgentTool(ctx, agent.ID, toolID, "explicit"); err != nil {
	   ^
internal/store/agents_composition_test.go:29:5: shadow: declaration of "err" shadows declaration at line 17 (govet)
	if err := s.CreateRole(role); err != nil {
	   ^
internal/store/agents_composition_test.go:36:8: shadow: declaration of "err" shadows declaration at line 17 (govet)
	if _, err := s.DB.Exec(`INSERT INTO providers (id, name, provider_type) VALUES ('prov-test', 'Test Provider', 'anthropic')`); err != nil {
	      ^
internal/store/agents_composition_test.go:39:8: shadow: declaration of "err" shadows declaration at line 17 (govet)
	if _, err := s.DB.Exec(`INSERT INTO models (id, provider_id, model_id, display_name) VALUES ('claude-sonnet', 'prov-test', 'claude-sonnet-4-5-20250929', 'Claude Sonnet')`); err != nil {
	      ^
internal/store/agents_composition_test.go:47:5: shadow: declaration of "err" shadows declaration at line 17 (govet)
	if err := s.CreateAgent(bound); err != nil {
	   ^
internal/store/agents_composition_test.go:63:5: shadow: declaration of "err" shadows declaration at line 17 (govet)
	if err := s.UpdateAgent(got); err != nil {
	   ^
internal/store/bottom_drawer_cards_test.go:32:5: shadow: declaration of "err" shadows declaration at line 16 (govet)
	if err := s.PinBottomDrawerCard(pin); err != nil {
	   ^
internal/store/bottom_drawer_cards_test.go:57:5: shadow: declaration of "err" shadows declaration at line 16 (govet)
	if err := s.UnpinBottomDrawerCard(pin.ID); err != nil {
	   ^
internal/store/bottom_drawer_cards_test.go:74:5: shadow: declaration of "err" shadows declaration at line 16 (govet)
	if err := s.PinBottomDrawerCard(pin2); err != nil {
	   ^
internal/store/catalog_test.go:15:5: shadow: declaration of "err" shadows declaration at line 9 (govet)
	if err := s.Seed(); err != nil {
	   ^
internal/store/compaction_events.go:99:3: shadow: declaration of "err" shadows declaration at line 81 (govet)
		err := rows.Scan(
		^
internal/store/consumers_test.go:32:5: shadow: declaration of "err" shadows declaration at line 17 (govet)
	if err := s.migrate(); err != nil {
	   ^
internal/store/consumers_test.go:83:5: shadow: declaration of "err" shadows declaration at line 66 (govet)
	if err := s.UpdateConsumer(c); err != nil {
	   ^
internal/store/consumers_test.go:108:5: shadow: declaration of "err" shadows declaration at line 66 (govet)
	if err := s.DeleteConsumer(c.ID); err != nil {
	   ^
internal/store/consumers_test.go:154:5: shadow: declaration of "err" shadows declaration at line 144 (govet)
	if err := s.CreateAgent(a); err != nil {
	   ^
internal/store/consumers_test.go:170:5: shadow: declaration of "err" shadows declaration at line 144 (govet)
	if err := s.UpdateAgent(got); err != nil {
	   ^
internal/store/consumers_test.go:184:5: shadow: declaration of "err" shadows declaration at line 144 (govet)
	if err := s.DeleteConsumer(loom.ID); err == nil {
	   ^
internal/store/consumers_test.go:190:5: shadow: declaration of "err" shadows declaration at line 144 (govet)
	if err := s.UpdateAgent(tagged); err != nil {
	   ^
internal/store/consumers_test.go:215:5: shadow: declaration of "err" shadows declaration at line 209 (govet)
	if err := s.CreateAgent(a); err != nil {
	   ^
internal/store/consumers_test.go:228:8: shadow: declaration of "err" shadows declaration at line 209 (govet)
	if _, err := provider.DownTo(ctx, 105); err != nil {
	      ^
internal/store/consumers_test.go:241:5: shadow: declaration of "err" shadows declaration at line 209 (govet)
	if err := s.DB.QueryRowContext(ctx,
	   ^
internal/store/consumers_test.go:253:5: shadow: declaration of "err" shadows declaration at line 209 (govet)
	if err := s.DB.QueryRowContext(ctx, `SELECT name FROM agent_profiles WHERE id = ?`, a.ID).Scan(&name); err != nil {
	   ^
internal/store/consumers_test.go:260:8: shadow: declaration of "err" shadows declaration at line 209 (govet)
	if _, err := provider.Up(ctx); err != nil {
	      ^
internal/store/documents_test.go:58:5: shadow: declaration of "err" shadows declaration at line 34 (govet)
	if err := s.UpdateDocumentToggles(doc.ID, true, false, "summary text"); err != nil {
	   ^
internal/store/documents_test.go:111:5: shadow: declaration of "err" shadows declaration at line 101 (govet)
	if err := s.SetSessionContextPrompt(sessionID, want); err != nil {
	   ^
internal/store/durable_agents.go:284:5: shadow: declaration of "err" shadows declaration at line 265 (govet)
	if err := validateDurableAgentInstance(inst); err != nil {
	   ^
internal/store/durable_agents.go:307:9: shadow: declaration of "err" shadows declaration at line 305 (govet)
		if _, err := s.GetAgent(inst.ProfileID); err != nil {
		      ^
internal/store/durable_agents.go:329:6: shadow: declaration of "err" shadows declaration at line 305 (govet)
		if err := validateDurableAgentInstance(inst); err != nil {
		   ^
internal/store/durable_agents.go:332:6: shadow: declaration of "err" shadows declaration at line 305 (govet)
		_, err := s.DB.Exec(
		   ^
internal/store/durable_agents.go:358:6: shadow: declaration of "err" shadows declaration at line 305 (govet)
		if err := s.CreateDurableAgentInstance(inst); err != nil {
		   ^
internal/store/durable_agents_test.go:89:5: shadow: declaration of "err" shadows declaration at line 68 (govet)
	if err := s.CreateDurableAgentInstance(inst); err != nil {
	   ^
internal/store/durable_agents_test.go:230:8: shadow: declaration of "err" shadows declaration at line 226 (govet)
	if _, err := s.DB.Exec(string(migration)); err != nil {
	      ^
internal/store/durable_agents_test.go:233:8: shadow: declaration of "err" shadows declaration at line 226 (govet)
	if _, err := s.DB.Exec(string(migration)); err != nil {
	      ^
internal/store/envelope_instances.go:111:6: shadow: declaration of "err" shadows declaration at line 93 (govet)
		if err := rows.Scan(
		   ^
internal/store/execution_metrics_test.go:62:6: shadow: declaration of "err" shadows declaration at line 46 (govet)
		if err := s.RecordExecutionMetrics(m); err != nil {
		   ^
internal/store/execution_metrics_test.go:68:5: shadow: declaration of "err" shadows declaration at line 46 (govet)
	if err := s.RecordExecutionMetrics(&ExecutionMetrics{
	   ^
internal/store/execution_metrics_test.go:99:6: shadow: declaration of "err" shadows declaration at line 92 (govet)
		if err := s.RecordExecutionMetrics(&ExecutionMetrics{
		   ^
internal/store/execution_metrics_test.go:223:5: shadow: declaration of "err" shadows declaration at line 207 (govet)
	if err := s.RecordExecutionMetrics(m); err != nil {
	   ^
internal/store/known_tools_test.go:61:8: shadow: declaration of "err" shadows declaration at line 52 (govet)
	if _, err := s.UpsertKnownTool(ctx, "request_tools", "builtin", "available", "Progressive tool discovery meta-tool."); err != nil {
	      ^
internal/store/known_tools_test.go:190:5: shadow: declaration of "err" shadows declaration at line 182 (govet)
	if err := s.SetKnownToolConcurrencySafeIfUnset(ctx, "dev_read", true); err != nil {
	   ^
internal/store/known_tools_test.go:204:5: shadow: declaration of "err" shadows declaration at line 182 (govet)
	if err := s.SetKnownToolConcurrencySafeIfUnset(ctx, "dev_read", false); err != nil {
	   ^
internal/store/migration063_idempotent_test.go:45:5: shadow: declaration of "err" shadows declaration at line 37 (govet)
	if err := s1.Close(); err != nil {
	   ^
internal/store/migration_062_eject_non_internal_test.go:48:5: shadow: declaration of "err" shadows declaration at line 37 (govet)
	if err := s.DB.QueryRow(`SELECT COUNT(*) FROM agent_profiles`).Scan(&baselineCount); err != nil {
	   ^
internal/store/migration_062_eject_non_internal_test.go:59:8: shadow: declaration of "err" shadows declaration at line 37 (govet)
		got, err := s.GetAgentBySlug(slug)
		     ^
internal/store/migration_062_eject_non_internal_test.go:84:9: shadow: declaration of "err" shadows declaration at line 37 (govet)
		if _, err := s.DB.Exec(
		      ^
internal/store/migration_062_eject_non_internal_test.go:94:5: shadow: declaration of "err" shadows declaration at line 37 (govet)
	if err := s.DB.QueryRow(`SELECT COUNT(*) FROM agent_profiles`).Scan(&pre); err != nil {
	   ^
internal/store/migration_062_eject_non_internal_test.go:106:8: shadow: declaration of "err" shadows declaration at line 37 (govet)
	if _, err := s.DB.Exec(`DELETE FROM agent_profiles WHERE source NOT IN ('internal', 'project')`); err != nil {
	      ^
internal/store/migration_062_eject_non_internal_test.go:113:5: shadow: declaration of "err" shadows declaration at line 37 (govet)
	if err := s.DB.QueryRow(`SELECT COUNT(*) FROM agent_profiles`).Scan(&post); err != nil {
	   ^
internal/store/migration_063_drop_default_mode_test.go:48:6: shadow: declaration of "err" shadows declaration at line 26 (govet)
		if err := rows.Scan(&cid, &name, &ctype, &notnull, &dflt, &pk); err != nil {
		   ^
internal/store/migration_063_drop_default_mode_test.go:53:5: shadow: declaration of "err" shadows declaration at line 26 (govet)
	if err := rows.Err(); err != nil {
	   ^
internal/store/migration_063_drop_default_mode_test.go:67:8: shadow: declaration of "err" shadows declaration at line 26 (govet)
		got, err := s.GetAgentBySlug(slug)
		     ^
internal/store/migration_063_drop_default_mode_test.go:89:5: shadow: declaration of "err" shadows declaration at line 26 (govet)
	if err := s.CreateAgent(fresh); err != nil {
	   ^
internal/store/migration_088_consolidate_workspace_test.go:31:5: shadow: declaration of "err" shadows declaration at line 27 (govet)
	if err := s1.Close(); err != nil {
	   ^
internal/store/migration_088_consolidate_workspace_test.go:39:5: shadow: declaration of "err" shadows declaration at line 27 (govet)
	if err := s2.Close(); err != nil {
	   ^
internal/store/migration_101_fix_orphaned_indexes_test.go:66:5: shadow: declaration of "err" shadows declaration at line 55 (govet)
	if err := s.DB.QueryRow(`SELECT count(*) FROM agent_messages`).Scan(&agentMessagesCount); err != nil {
	   ^
internal/store/migration_101_fix_orphaned_indexes_test.go:69:5: shadow: declaration of "err" shadows declaration at line 55 (govet)
	if err := s.DB.QueryRow(`SELECT count(*) FROM todos`).Scan(&todosCount); err != nil {
	   ^
internal/store/migration_101_fix_orphaned_indexes_test.go:81:5: shadow: declaration of "err" shadows declaration at line 55 (govet)
	if err := s.migrate(); err != nil {
	   ^
internal/store/migration_101_fix_orphaned_indexes_test.go:86:11: shadow: declaration of "err" shadows declaration at line 55 (govet)
		exists, err := indexExists(ctx, s, want.name)
		        ^
internal/store/migration_102_drop_session_compaction_test.go:84:8: shadow: declaration of "err" shadows declaration at line 75 (govet)
	if _, err := provider.DownTo(ctx, 101); err != nil {
	      ^
internal/store/migration_102_drop_session_compaction_test.go:89:11: shadow: declaration of "err" shadows declaration at line 75 (govet)
		exists, err := sessionsColumnExists(ctx, s, col)
		        ^
internal/store/migration_103_drop_session_intent_test.go:32:5: shadow: declaration of "err" shadows declaration at line 21 (govet)
	if err := s.CreateSession(sess); err != nil {
	   ^
internal/store/migration_103_drop_session_intent_test.go:45:5: shadow: declaration of "err" shadows declaration at line 21 (govet)
	if err := s.migrate(); err != nil {
	   ^
internal/store/migration_103_drop_session_intent_test.go:89:8: shadow: declaration of "err" shadows declaration at line 72 (govet)
	if _, err := provider.DownTo(ctx, 102); err != nil {
	      ^
internal/store/migration_103_drop_session_intent_test.go:107:5: shadow: declaration of "err" shadows declaration at line 72 (govet)
	if err := s.CreateSession(sess); err != nil {
	   ^
internal/store/migration_103_drop_session_intent_test.go:110:8: shadow: declaration of "err" shadows declaration at line 72 (govet)
	if _, err := s.DB.Exec(`UPDATE sessions SET intent = 'long-running' WHERE id = ?`, sess.ID); err != nil {
	      ^
internal/store/migration_103_drop_session_intent_test.go:114:5: shadow: declaration of "err" shadows declaration at line 72 (govet)
	if err := s.DB.QueryRow(`SELECT intent FROM sessions WHERE id = ?`, sess.ID).Scan(&intent); err != nil {
	   ^
internal/store/migration_103_drop_session_intent_test.go:120:8: shadow: declaration of "err" shadows declaration at line 72 (govet)
	if _, err := s.DB.Exec(`UPDATE sessions SET intent = 'garbage' WHERE id = ?`, sess.ID); err == nil {
	      ^
internal/store/migration_103_drop_session_intent_test.go:126:8: shadow: declaration of "err" shadows declaration at line 72 (govet)
	if _, err := provider.Up(ctx); err != nil {
	      ^
internal/store/migration_105_drop_unused_session_status_values_test.go:64:5: shadow: declaration of "err" shadows declaration at line 54 (govet)
	if err := s.ClearSessionHalt(sess.ID); err != nil {
	   ^
internal/store/migration_105_drop_unused_session_status_values_test.go:115:8: shadow: declaration of "err" shadows declaration at line 106 (govet)
	if _, err := provider.DownTo(ctx, 104); err != nil {
	      ^
internal/store/migration_105_drop_unused_session_status_values_test.go:121:9: shadow: declaration of "err" shadows declaration at line 106 (govet)
		if _, err := s.DB.Exec(`UPDATE sessions SET status = ? WHERE id = ?`, val, sess.ID); err != nil {
		      ^
internal/store/migration_105_drop_unused_session_status_values_test.go:125:8: shadow: declaration of "err" shadows declaration at line 106 (govet)
	if _, err := s.DB.Exec(`UPDATE sessions SET status = 'garbage' WHERE id = ?`, sess.ID); err == nil {
	      ^
internal/store/migration_105_drop_unused_session_status_values_test.go:130:5: shadow: declaration of "err" shadows declaration at line 106 (govet)
	if err := s.MarkSessionHalted(sess.ID, "post-down probe"); err != nil {
	   ^
internal/store/migration_115_agent_reflex_opt_out_test.go:74:5: shadow: declaration of "err" shadows declaration at line 64 (govet)
	if err := s.SetAgentReflexOptOut(ctx, agent.ID, "rfx-does-not-exist"); err == nil {
	   ^
internal/store/migration_115_agent_reflex_opt_out_test.go:80:5: shadow: declaration of "err" shadows declaration at line 64 (govet)
	if err := s.DeleteAgentReflex(ctx, id); err != nil {
	   ^
internal/store/migration_115_agent_reflex_opt_out_test.go:164:8: shadow: declaration of "err" shadows declaration at line 155 (govet)
	if _, err := provider.DownTo(ctx, 114); err != nil {
	      ^
internal/store/migration_124_reflex_action_taxonomy_test.go:31:6: shadow: declaration of "err" shadows declaration at line 24 (govet)
		if err := catRows.Scan(&name); err != nil {
		   ^
internal/store/migration_124_reflex_action_taxonomy_test.go:129:8: shadow: declaration of "err" shadows declaration at line 120 (govet)
	if _, err := provider.DownTo(ctx, 123); err != nil {
	      ^
internal/store/migration_124_reflex_action_taxonomy_test.go:139:5: shadow: declaration of "err" shadows declaration at line 120 (govet)
	if err := s.DB.QueryRowContext(ctx, `SELECT created_by FROM agent_reflexes LIMIT 1`).Scan(&probe); err != nil && err != sql.ErrNoRows {
	   ^
internal/store/migration_125_reflex_action_kind_provenance_allow_test.go:53:6: shadow: declaration of "err" shadows declaration at line 45 (govet)
		if err := rows.Scan(&kind, &tier); err != nil {
		   ^
internal/store/migration_125_reflex_action_kind_provenance_allow_test.go:80:12: shadow: declaration of "err" shadows declaration at line 45 (govet)
		allowed, err := s.ActionKindAllowsProvenanceTier(ctx, pair[0], pair[1])
		         ^
internal/store/migration_125_reflex_action_kind_provenance_allow_test.go:182:8: shadow: declaration of "err" shadows declaration at line 176 (govet)
	if _, err := os.Stat(backupSrc); err != nil {
	      ^
internal/store/migration_125_reflex_action_kind_provenance_allow_test.go:188:5: shadow: declaration of "err" shadows declaration at line 176 (govet)
	if err := copyFile(dstPath, backupSrc); err != nil {
	   ^
internal/store/migration_125_reflex_action_kind_provenance_allow_test.go:194:14: shadow: declaration of "err" shadows declaration at line 176 (govet)
	if walInfo, err := os.Stat(backupSrc + "-wal"); err == nil && walInfo.Size() > 0 {
	            ^
internal/store/migration_130_workflow_run_steps_flex_kind_test.go:64:5: shadow: declaration of "err" shadows declaration at line 43 (govet)
	if err := s.migrate(); err != nil {
	   ^
internal/store/migration_130_workflow_run_steps_flex_kind_test.go:140:8: shadow: declaration of "err" shadows declaration at line 134 (govet)
	if _, err := os.Stat(backupSrc); err != nil {
	      ^
internal/store/migration_130_workflow_run_steps_flex_kind_test.go:146:5: shadow: declaration of "err" shadows declaration at line 134 (govet)
	if err := copyFile(dstPath, backupSrc); err != nil {
	   ^
internal/store/migration_130_workflow_run_steps_flex_kind_test.go:149:14: shadow: declaration of "err" shadows declaration at line 134 (govet)
	if walInfo, err := os.Stat(backupSrc + "-wal"); err == nil && walInfo.Size() > 0 {
	            ^
internal/store/migration_skip_recreate_test.go:52:5: shadow: declaration of "err" shadows declaration at line 36 (govet)
	if err := s.migrate(); err != nil {
	   ^
internal/store/migration_skip_recreate_test.go:139:5: shadow: declaration of "err" shadows declaration at line 127 (govet)
	if err := s.migrate(); err != nil {
	   ^
internal/store/pinned_content_test.go:67:5: shadow: declaration of "err" shadows declaration at line 33 (govet)
	if err := s.DeletePinnedContent("pin-1"); err != nil {
	   ^
internal/store/pinned_content_test.go:218:5: shadow: declaration of "err" shadows declaration at line 194 (govet)
	if err := s.MarkReminderFired("rem-1"); err != nil {
	   ^
internal/store/pinned_content_test.go:239:5: shadow: declaration of "err" shadows declaration at line 194 (govet)
	if err := s.DeleteReminder("rem-1"); err != nil {
	   ^
internal/store/roles_test.go:63:5: shadow: declaration of "err" shadows declaration at line 28 (govet)
	if err := s.UpdateRole(got); err != nil {
	   ^
internal/store/roles_test.go:74:5: shadow: declaration of "err" shadows declaration at line 28 (govet)
	if err := s.DeleteRole(r.ID); err != nil {
	   ^
internal/store/schedule_runs_test.go:72:5: shadow: declaration of "err" shadows declaration at line 66 (govet)
	if err := s.RecordScheduleRunAttempt(ctx, row.ID, ScheduleRunStatusFailed, "boom", &nextAt); err != nil {
	   ^
internal/store/schedule_runs_test.go:93:5: shadow: declaration of "err" shadows declaration at line 66 (govet)
	if err := s.RecordScheduleRunAttempt(ctx, row.ID, ScheduleRunStatusSucceeded, "", nil); err != nil {
	   ^
internal/store/schedule_runs_test.go:97:8: shadow: declaration of "err" shadows declaration at line 66 (govet)
	if _, err := s.GetOpenScheduleRun(ctx, schedID); !errors.Is(err, ErrScheduleRunNotFound) {
	      ^
internal/store/schedule_runs_test.go:131:5: shadow: declaration of "err" shadows declaration at line 127 (govet)
	if err := s.RecordScheduleRunAttempt(ctx, first.ID, ScheduleRunStatusSucceeded, "", nil); err != nil {
	   ^
internal/store/sessions_test.go:298:5: shadow: declaration of "err" shadows declaration at line 293 (govet)
	if err := s.ArchiveSession(sess.ID); err != nil {
	   ^
internal/store/sessions_test.go:312:8: shadow: declaration of "err" shadows declaration at line 293 (govet)
	if _, err := s.GetSessionObject(sibling.ID, siblingObj.ID); err != nil {
	      ^
internal/store/store.go:136:6: shadow: declaration of "err" shadows declaration at line 126 (govet)
		if err := s.seedLegacyLedger(ctx); err != nil {
		   ^
internal/store/store_test.go:106:5: shadow: declaration of "err" shadows declaration at line 99 (govet)
	if err := s.DB.QueryRow("SELECT 1").Scan(&n); err != nil {
	   ^
internal/store/store_test.go:125:3: shadow: declaration of "err" shadows declaration at line 99 (govet)
		err := s.DB.QueryRow("SELECT name FROM sqlite_master WHERE type='table' AND name=?", tbl).Scan(&name)
		^
internal/store/team_authority_test.go:103:8: shadow: declaration of "err" shadows declaration at line 44 (govet)
	if _, err := s.CreateTeamAuthorityGrant(ctx, TeamAuthorityGrant{
	      ^
internal/store/team_authority_test.go:117:5: shadow: declaration of "err" shadows declaration at line 44 (govet)
	if err := s.DeleteTeamAuthorityGrant(ctx, spawnEngineer.ID); err != nil {
	   ^
internal/store/team_run_members_test.go:155:5: shadow: declaration of "err" shadows declaration at line 145 (govet)
	if err := s.UpdateTeamRunMemberStatus(ctx, created.ID, TeamRunMemberStatusStopped); err != nil {
	   ^
internal/store/teams_test.go:152:5: shadow: declaration of "err" shadows declaration at line 86 (govet)
	if err := updated.SetSlots(slots[:2]); err != nil {
	   ^
internal/store/teams_test.go:155:5: shadow: declaration of "err" shadows declaration at line 86 (govet)
	if err := s.UpdateTeam(ctx, &updated); err != nil {
	   ^
internal/store/todos_test.go:244:5: shadow: declaration of "err" shadows declaration at line 235 (govet)
	if err := s.DeleteTodo(parent.ID); err != nil {
	   ^
internal/store/usage_test.go:23:5: shadow: declaration of "err" shadows declaration at line 16 (govet)
	if err := s.DB.QueryRow("SELECT COUNT(*) FROM token_usage").Scan(&count); err != nil {
	   ^
internal/store/user_settings_test.go:360:5: shadow: declaration of "err" shadows declaration at line 350 (govet)
	if err := s.UpdateUserSettings(us); err != nil {
	   ^
internal/store/workflow_runs_test.go:31:5: shadow: declaration of "err" shadows declaration at line 20 (govet)
	if err := s.SetWorkflowRunStatus("run-1", "completed", "", row.StartedAt); err != nil {
	   ^
internal/store/workflow_runs_test.go:76:5: shadow: declaration of "err" shadows declaration at line 67 (govet)
	if err := s.UpsertWorkflowRunStep(&WorkflowRunStepRow{
	   ^
internal/store/workflow_runs_test.go:81:5: shadow: declaration of "err" shadows declaration at line 67 (govet)
	if err := s.UpsertWorkflowRunStep(&WorkflowRunStepRow{
	   ^
internal/subagent/reaper.go:366:8: shadow: declaration of "err" shadows declaration at line 362 (govet)
	if n, err := res.RowsAffected(); err == nil {
	      ^
internal/subagent/reaper.go:390:8: shadow: declaration of "err" shadows declaration at line 362 (govet)
	if n, err := res.RowsAffected(); err == nil {
	      ^
internal/subagent/service.go:846:7: shadow: declaration of "err" shadows declaration at line 830 (govet)
			if err := svc.insertRun(ctx, run); err != nil {
			   ^
internal/tool/tool_test.go:212:10: unusedwrite: unused write to field IsError (govet)
		IsError:      false,
		       ^
internal/tool/yaml_loader.go:99:5: shadow: declaration of "err" shadows declaration at line 93 (govet)
	if err := yaml.Unmarshal(data, &def); err != nil {
	   ^
internal/tool/yaml_loader.go:168:6: shadow: declaration of "err" shadows declaration at line 163 (govet)
		if err := tmpl.Execute(&buf, input); err != nil {
		   ^
internal/tool/yaml_loader_test.go:110:5: shadow: declaration of "err" shadows declaration at line 75 (govet)
	if err := json.Unmarshal(tt.InputSchema(), &schema); err != nil {
	   ^
internal/toolclient/agent_tools_permission_test.go:48:8: shadow: declaration of "err" shadows declaration at line 44 (govet)
	if _, err := s.UpsertKnownTool(ctx, "write_file", "builtin", "available", ""); err != nil {
	      ^
internal/toolclient/agent_tools_permission_test.go:51:5: shadow: declaration of "err" shadows declaration at line 44 (govet)
	if err := s.GrantAgentTool(ctx, agent.ID, readToolID, "explicit"); err != nil {
	   ^
internal/toolclient/agent_tools_permission_test.go:56:5: shadow: declaration of "err" shadows declaration at line 44 (govet)
	if err := mgr.AddServer("test", &mockTransport{tools: []mcp.Tool{
	   ^
internal/workflowrunner/launch.go:215:5: shadow: declaration of "err" shadows declaration at line 211 (govet)
	if err := fsutil.AtomicWriteFile(filepath.Join(workDir, ".mcp.json"), []byte(mcpJSON), 0o644); err != nil {
	   ^
internal/workflowrunner/launch.go:224:5: shadow: declaration of "err" shadows declaration at line 211 (govet)
	if err := fsutil.AtomicWriteFile(inputPath, inputBody, 0o644); err != nil {
	   ^
internal/workspace/walkup_test.go:321:5: shadow: declaration of "err" shadows declaration at line 309 (govet)
	if err := os.WriteFile(path, []byte("V2-but-mtime-restored"), 0o644); err != nil {
	   ^
internal/workspace/walkup_test.go:324:5: shadow: declaration of "err" shadows declaration at line 309 (govet)
	if err := os.Chtimes(path, origInfo.ModTime(), origInfo.ModTime()); err != nil {
	   ^
internal/workspace/walkup_test.go:360:5: shadow: declaration of "err" shadows declaration at line 351 (govet)
	if err := os.WriteFile(path, []byte("V2"), 0o644); err != nil {
	   ^
internal/workspace/walkup_test.go:364:5: shadow: declaration of "err" shadows declaration at line 351 (govet)
	if err := os.Chtimes(path, newer, newer); err != nil {
	   ^
internal/workspace/walkup_test.go:426:5: shadow: declaration of "err" shadows declaration at line 418 (govet)
	if err := os.Remove(path); err != nil {
	   ^
internal/worktree/manager_test.go:181:5: shadow: declaration of "err" shadows declaration at line 176 (govet)
	if err := mgr.Cleanup("sess-1"); err != nil {
	   ^
internal/selftools/self_tools_transport.go:1879:11: ineffectual assignment to err (ineffassign)
					run, err = freshRun, nil
					     ^
internal/service/tool.go:194:14: ineffectual assignment to seen (ineffassign)
			allTools, seen = s.discoverAgentMCPTools(ctx, agent.MCPServers, allTools, seen)
			          ^
cmd/nanite/chat_cmd.go:129:45: `cancelled` is a misspelling of `canceled` (misspell)
			// The turn-scoped ctx (see cmdChat) was cancelled — a Ctrl-C
			                                         ^
cmd/nanite/chat_cmd.go:136:22: `cancelled` is a misspelling of `canceled` (misspell)
			fmt.Print("\nturn cancelled\n")
			                  ^
cmd/nanite/chat_cmd_test.go:53:90: `cancelled` is a misspelling of `canceled` (misspell)
		json.NewEncoder(w).Encode(harnessCancelResponse{SessionID: r.PathValue("id"), Status: "cancelled"})
		                                                                                       ^
cmd/nanite/harness_client.go:287:49: `cancelled` is a misspelling of `canceled` (misspell)
		// truncated stream. Returns false if ctx was cancelled before the
		                                              ^
cmd/nanite/harness_client_test.go:80:90: `cancelled` is a misspelling of `canceled` (misspell)
		json.NewEncoder(w).Encode(harnessCancelResponse{SessionID: r.PathValue("id"), Status: "cancelled"})
		                                                                                       ^
cmd/nanite/harness_client_test.go:312:21: `cancelled` is a misspelling of `canceled` (misspell)
	if resp.Status != "cancelled" {
	                   ^
cmd/nanite/main.go:159:5: `Initialise` is a misspelling of `Initialize` (misspell)
	// Initialise OpenTelemetry tracing via the internal/otel wrapper.
	   ^
cmd/nanite/main.go:160:17: `honours` is a misspelling of `honors` (misspell)
	// The wrapper honours NANITE_OTEL_DISABLED=1 (env takes precedence)
	               ^
cmd/nanite/main.go:694:44: `initialised` is a misspelling of `initialized` (misspell)
	// interface; when it is nil (Conduit not initialised) both wires
	                                          ^
cmd/nanite/main.go:1377:27: `honours` is a misspelling of `honors` (misspell)
	// stdio MCP entry point honours config.dev_tools_allowed_paths and
	                         ^
internal/agent/override/merge.go:9:4: `serialised` is a misspelling of `serialized` (misspell)
// serialised output and do not shadow lower-priority layers.
   ^
internal/agentworkflow/registry.go:179:22: `cancelled` is a misspelling of `canceled` (misspell)
// (completed/failed/cancelled) — at that point nothing will ever call
                     ^
internal/agentworkflow/types.go:57:34: `cancelled` is a misspelling of `canceled` (misspell)
	RunStatusCancelled RunStatus = "cancelled"
	                                ^
internal/api/chat_cancel.go:15:26: `cancelled` is a misspelling of `canceled` (misspell)
//   - 200 with {status:"cancelled"} when an active generation was
                         ^
internal/api/chat_cancel.go:16:8: `cancelled` is a misspelling of `canceled` (misspell)
//     cancelled. The cancel propagates through the registered
       ^
internal/api/chat_cancel.go:19:35: `cancelled` is a misspelling of `canceled` (misspell)
//     content, emits a "Stopped: cancelled" status event, and returns.
                                  ^
internal/api/chat_cancel.go:46:60: `cancelled` is a misspelling of `canceled` (misspell)
	a.jsonResp(w, http.StatusOK, map[string]string{"status": "cancelled"})
	                                                          ^
internal/api/chat_cancel_test.go:54:46: `cancelled` is a misspelling of `canceled` (misspell)
// chat service and returns 200 + {"status":"cancelled"}. CW-20260512-0006.
                                             ^
internal/api/chat_cancel_test.go:77:23: `cancelled` is a misspelling of `canceled` (misspell)
	if got["status"] != "cancelled" {
	                     ^
internal/api/chat_cancel_test.go:78:31: `cancelled` is a misspelling of `canceled` (misspell)
		t.Errorf("status = %q, want cancelled", got["status"])
		                            ^
internal/api/envelopes_subagent_approval_test.go:85:33: `cancelled` is a misspelling of `canceled` (misspell)
// → POST respond with Status=cancelled + reason → row transitions to rejected
                                ^
internal/api/harness_v1.go:339:13: `cancelled` is a misspelling of `canceled` (misspell)
		status = "cancelled"
		          ^
internal/api/harness_v1_test.go:212:27: `cancelled` is a misspelling of `canceled` (misspell)
	if cancelResp.Status != "cancelled" {
	                         ^
internal/api/recovery.go:31:30: `cancelled` is a misspelling of `canceled` (misspell)
// Returns 200 with {status:"cancelled"} on success, 404 when the token
                             ^
internal/api/recovery.go:62:60: `cancelled` is a misspelling of `canceled` (misspell)
	a.jsonResp(w, http.StatusOK, map[string]string{"status": "cancelled"})
	                                                          ^
internal/api/recovery_test.go:74:23: `cancelled` is a misspelling of `canceled` (misspell)
	if got["status"] != "cancelled" {
	                     ^
internal/api/recovery_test.go:75:31: `cancelled` is a misspelling of `canceled` (misspell)
		t.Errorf("status = %q, want cancelled", got["status"])
		                            ^
internal/api/recovery_test.go:84:4: `cancelled` is a misspelling of `canceled` (misspell)
// cancelled via the endpoint path-bound to sessionID="other". 404 + the
   ^
internal/api/recovery_test.go:121:4: `cancelled` is a misspelling of `canceled` (misspell)
// cancelled) returns 404. No state mutation.
   ^
internal/api/sessions.go:522:30: `marshalling` is a misspelling of `marshaling` (misspell)
		// Reuse the chat helper's marshalling+defaulting via a side channel:
		                           ^
internal/api/settings.go:189:50: `honoured` is a misspelling of `honored` (misspell)
		// J.2: raw field pass-through. The setting is honoured only in
		                                               ^
internal/api/workers.go:32:60: `cancelled` is a misspelling of `canceled` (misspell)
	a.jsonResp(w, http.StatusOK, map[string]string{"status": "cancelled"})
	                                                          ^
internal/api/workflows.go:53:52: `cancelled` is a misspelling of `canceled` (misspell)
// handleCancelWorkflowRun marks a workflow run as cancelled.
                                                   ^
internal/api/workflows.go:71:60: `cancelled` is a misspelling of `canceled` (misspell)
	a.jsonResp(w, http.StatusOK, map[string]string{"status": "cancelled"})
	                                                          ^
internal/background/messaging.go:52:51: `cancelled` is a misspelling of `canceled` (misspell)
		return "Background job " + result.JobID + " was cancelled."
		                                                ^
internal/background/pty.go:38:17: `cancelling` is a misspelling of `canceling` (misspell)
// SIGKILL when cancelling a job. Long enough for a well-behaved
                ^
internal/background/pty.go:87:5: `cancelled` is a misspelling of `canceled` (misspell)
	// cancelled is set by Cancel before signalling the process so
	   ^
internal/background/pty.go:87:39: `signalling` is a misspelling of `signaling` (misspell)
	// cancelled is set by Cancel before signalling the process so
	                                     ^
internal/background/pty.go:90:56: `cancelled` is a misspelling of `canceled` (misspell)
	// error to cmd.Wait, but the user-visible reason is "cancelled").
	                                                      ^
internal/background/pty.go:92:2: `cancelled` is a misspelling of `canceled` (misspell)
	cancelled bool
	^
internal/background/pty.go:187:16: `signalling` is a misspelling of `signaling` (misspell)
		// it before signalling, so by the time Wait returns, the
		             ^
internal/background/pty.go:191:3: `cancelled` is a misspelling of `canceled` (misspell)
		cancelled := job.cancelled
		^
internal/background/pty.go:194:60: `cancelled` is a misspelling of `canceled` (misspell)
		status, errReport := classifyExit(waitErr, runCtx.Err(), cancelled)
		                                                         ^
internal/background/pty.go:249:40: `signalling` is a misspelling of `signaling` (misspell)
	// Stamp the cancellation flag BEFORE signalling so the reaper
	                                      ^
internal/background/pty.go:329:4: `cancelled` is a misspelling of `canceled` (misspell)
// cancelled flag to a terminal JobStatus. Cancellation (cancelled
   ^
internal/background/pty.go:329:58: `cancelled` is a misspelling of `canceled` (misspell)
// cancelled flag to a terminal JobStatus. Cancellation (cancelled
                                                         ^
internal/background/pty.go:334:8: `cancelled` is a misspelling of `canceled` (misspell)
// The cancelled flag is the load-bearing signal: ctxErr is only set
       ^
internal/background/pty.go:335:23: `cancelled` is a misspelling of `canceled` (misspell)
// when the runCtx is cancelled, but Cancel signals the process group
                      ^
internal/background/pty.go:340:42: `cancelled` is a misspelling of `canceled` (misspell)
func classifyExit(waitErr, ctxErr error, cancelled bool) (JobStatus, error) {
                                         ^
internal/background/pty.go:341:5: `cancelled` is a misspelling of `canceled` (misspell)
	if cancelled || ctxErr != nil {
	   ^
internal/background/pty.go:343:44: `cancelled` is a misspelling of `canceled` (misspell)
		// non-zero, the user-visible reason is "cancelled".
		                                         ^
internal/background/pty_test.go:164:31: `cancelled` is a misspelling of `canceled` (misspell)
		t.Fatalf("status = %s; want cancelled", got.Status)
		                            ^
internal/background/pty_test.go:265:32: `cancelled` is a misspelling of `canceled` (misspell)
// completion envelope reports cancelled.
                               ^
internal/background/pty_test.go:286:31: `cancelled` is a misspelling of `canceled` (misspell)
		t.Fatalf("status = %s; want cancelled (wall-clock budget)", got.Status)
		                            ^
internal/background/service_test.go:289:44: `cancelled` is a misspelling of `canceled` (misspell)
		t.Fatalf("status after cancel = %s; want cancelled", got)
		                                         ^
internal/background/types.go:49:49: `cancelled` is a misspelling of `canceled` (misspell)
//	pending → running → succeeded | failed | cancelled
  	                                             ^
internal/background/types.go:61:31: `cancelled` is a misspelling of `canceled` (misspell)
	StatusCancelled JobStatus = "cancelled"
	                             ^
internal/background/types.go:101:5: `labelling` is a misspelling of `labeling` (misspell)
	// labelling hint for callers; wiring an agent-dispatch backend
	   ^
internal/chat/commands.go:80:62: `behaviour` is a misspelling of `behavior` (misspell)
		// Handler returns "client" action so the frontend decides behaviour.
		                                                           ^
internal/chat/context_client.go:71:32: `analogue` is a misspelling of `analog` (misspell)
	// session. Today the closest analogue is the session's project
	                              ^
internal/chat/context_client.go:463:16: `analogue` is a misspelling of `analog` (misspell)
//     closest analogue is the session's project repo_path. Injected rather
               ^
internal/chat/context_think_test.go:49:40: `signalling` is a misspelling of `signaling` (misspell)
// reference to F5 (CW-20260420-0022), signalling the seam for dynamic
                                       ^
internal/chat/envelope_handler.go:77:58: `marshalling` is a misspelling of `marshaling` (misspell)
	// in place. The endpoint reuses resp for response_json marshalling, and
	                                                        ^
internal/chat/envelope_response.go:37:36: `cancelled` is a misspelling of `canceled` (misspell)
	StatusCancelled ResponseStatus = "cancelled"
	                                  ^
internal/chat/envelope_response.go:90:69: `cancelled` is a misspelling of `canceled` (misspell)
		return fmt.Errorf("response_v1: invalid status %q (want submitted|cancelled|partial)", r.Status)
		                                                                  ^
internal/chat/envelope_response_context_test.go:16:30: `cancelled` is a misspelling of `canceled` (misspell)
	want := "[envelope:q status:cancelled] {}"
	                            ^
internal/chat/envelope_response_test.go:61:5: `cancelled` is a misspelling of `canceled` (misspell)
		{"cancelled", "cancelled", true},
		  ^
internal/chat/envelope_response_test.go:61:18: `cancelled` is a misspelling of `canceled` (misspell)
		{"cancelled", "cancelled", true},
		               ^
internal/chat/sanitize.go:25:52: `defence` is a misspelling of `defense` (misspell)
// be redacted from tool error output. Best-effort defence-in-depth, not a
                                                   ^
internal/chat/structured.go:32:69: `cancelled` is a misspelling of `canceled` (misspell)
// message) when Status is one of "error", "denied", "blocked", or "cancelled".
                                                                    ^
internal/config/appconfig.go:86:31: `behaviour` is a misspelling of `behavior` (misspell)
	//     the prior reflect-any behaviour (audit finding: Critical) so an
	                             ^
internal/context/handoff.go:29:71: `labelled` is a misspelling of `labeled` (misspell)
// HandoffPointer is one entry in HandoffPayload.ActivePointers — a labelled
                                                                      ^
internal/dispatch/execute.go:20:44: `marshalling` is a misspelling of `marshaling` (misspell)
// Field names match chat.Envelope so JSON marshalling round-trips
                                           ^
internal/dispatcher/agent_run.go:72:45: `cancelled` is a misspelling of `canceled` (misspell)
	RunStatusCancelled            RunStatus = "cancelled"
	                                           ^
internal/effort/effort.go:155:26: `recognise` is a misspelling of `recognize` (misspell)
	// Providers that don't recognise the value ignore this field.
	                        ^
internal/elicitation/service.go:42:24: `behaviour` is a misspelling of `behavior` (misspell)
// but does not change behaviour.
                       ^
internal/elicitation/service.go:79:42: `cancelled` is a misspelling of `canceled` (misspell)
// ctx cancellation (e.g. parent request cancelled) causes Elicit to return
                                         ^
internal/elicitation/service.go:80:53: `cancelled` is a misspelling of `canceled` (misspell)
// immediately with action=cancel + reason="context_cancelled".
                                                    ^
internal/elicitation/service.go:140:58: `cancelled` is a misspelling of `canceled` (misspell)
		return Response{Action: ActionCancel, Reason: "context_cancelled"}, ctx.Err()
		                                                       ^
internal/elicitation/service_test.go:142:37: `cancelled` is a misspelling of `canceled` (misspell)
	// approach is to test the context-cancelled path instead.
	                                   ^
internal/elicitation/service_test.go:145:61: `cancelled` is a misspelling of `canceled` (misspell)
	// immediately so we get action=cancel with reason=context_cancelled.
	                                                           ^
internal/elicitation/service_test.go:194:29: `cancelled` is a misspelling of `canceled` (misspell)
	if resp.Reason != "context_cancelled" {
	                           ^
internal/elicitation/service_test.go:195:61: `cancelled` is a misspelling of `canceled` (misspell)
		t.Errorf("reason: got %q, want %q", resp.Reason, "context_cancelled")
		                                                          ^
internal/elicitation/service_test_helpers.go:99:58: `cancelled` is a misspelling of `canceled` (misspell)
		return Response{Action: ActionCancel, Reason: "context_cancelled"}, ctx.Err()
		                                                       ^
internal/envelope/validator.go:239:4: `recognise` is a misspelling of `recognize` (misspell)
// recognise a pattern worth hinting at.
   ^
internal/envelope/validator.go:294:47: `recognised` is a misspelling of `recognized` (misspell)
// a StructuredError, picking suggestions off recognised ErrorKinds.
                                              ^
internal/inspector/service_test.go:172:34: `colour` is a misspelling of `color` (misspell)
// TestTrafficLight verifies the colour logic.
                                 ^
internal/learnings/learnings.go:96:35: `recognised` is a misspelling of `recognized` (misspell)
// IsValid reports whether s is a recognised scope.
                                  ^
internal/learnings/learnings.go:443:47: `favours` is a misspelling of `favors` (misspell)
// Vanta's per-segment length cap. Truncation favours the prefix
                                              ^
internal/learnings/learnings.go:503:22: `sanitised` is a misspelling of `sanitized` (misspell)
// toolForTag is the sanitised tool name to encode as `tool:<name>`.
                     ^
internal/learnings/learnings_test.go:410:28: `sanitised` is a misspelling of `sanitized` (misspell)
// against the default "_" sanitised namespace, which would surface
                           ^
internal/lifecycle/lifecycle.go:4:42: `cancelled` is a misspelling of `canceled` (misspell)
// A Manager owns a root context that is cancelled on Shutdown, a WaitGroup
                                         ^
internal/lifecycle/lifecycle.go:53:12: `Cancelling` is a misspelling of `Canceling` (misspell)
// parent. Cancelling parent also cancels the manager.
           ^
internal/lifecycle/lifecycle.go:67:54: `cancelled` is a misspelling of `canceled` (misspell)
// Context returns the manager's root context. It is cancelled on Shutdown.
                                                     ^
internal/lifecycle/lifecycle.go:74:22: `cancelled` is a misspelling of `canceled` (misspell)
// context, which is cancelled on Shutdown. The returned goroutine is counted
                     ^
internal/lifecycle/lifecycle_test.go:119:26: `cancelled` is a misspelling of `canceled` (misspell)
		t.Fatal("child ctx not cancelled by parent")
		                       ^
internal/lifecycle/lifecycle_test.go:140:24: `cancelled` is a misspelling of `canceled` (misspell)
		t.Fatal("context not cancelled after shutdown")
		                     ^
internal/lifecycle/lifecycle_test.go:156:28: `cancelled` is a misspelling of `canceled` (misspell)
		t.Fatal("manager context cancelled before Shutdown")
		                         ^
internal/lifecycle/lifecycle_test.go:169:32: `cancelled` is a misspelling of `canceled` (misspell)
		t.Fatal("manager context not cancelled after Shutdown")
		                             ^
internal/mcp/dev_tools.go:668:36: `cancelled` is a misspelling of `canceled` (misspell)
			return ErrorResult(fmt.Sprintf("cancelled: %v", err)), nil
			                                ^
internal/mcp/dev_tools.go:874:36: `cancelled` is a misspelling of `canceled` (misspell)
			return ErrorResult(fmt.Sprintf("cancelled: %v", err)), nil
			                                ^
internal/mcp/dev_tools.go:905:35: `cancelled` is a misspelling of `canceled` (misspell)
		return ErrorResult(fmt.Sprintf("cancelled: %v", err)), nil
		                                ^
internal/mcp/dev_tools.go:932:35: `cancelled` is a misspelling of `canceled` (misspell)
		return ErrorResult(fmt.Sprintf("cancelled: %v", err)), nil
		                                ^
internal/mcp/dev_tools.go:1047:36: `cancelled` is a misspelling of `canceled` (misspell)
			return ErrorResult(fmt.Sprintf("cancelled: %v", err)), nil
			                                ^
internal/mcp/dev_tools.go:1145:35: `cancelled` is a misspelling of `canceled` (misspell)
		return ErrorResult(fmt.Sprintf("cancelled: %v", err)), nil
		                                ^
internal/mcp/dev_tools.go:1220:35: `cancelled` is a misspelling of `canceled` (misspell)
		return ErrorResult(fmt.Sprintf("cancelled: %v", ctx.Err())), nil
		                                ^
internal/mcp/dev_tools_path_grants_test.go:263:55: `authorise` is a misspelling of `authorize` (misspell)
	// AllowedPaths empty → only the session grant can authorise the call.
	                                                     ^
internal/mcp/dev_tools_test.go:380:30: `honoured` is a misspelling of `honored` (misspell)
		t.Skipf("HOME override not honoured (got %q, want %q)", h, real)
		                           ^
internal/mcp/elicitation_test.go:173:26: `cancelled` is a misspelling of `canceled` (misspell)
			// Block until ctx is cancelled (simulating no user response).
			                      ^
internal/mcp/elicitation_test.go:182:14: `cancelled` is a misspelling of `canceled` (misspell)
		// context_cancelled or deadline — both are acceptable "no response" paths.
		           ^
internal/mcp/general_tools.go:304:35: `cancelled` is a misspelling of `canceled` (misspell)
		return ErrorResult(fmt.Sprintf("cancelled: %v", err)), nil
		                                ^
internal/mcp/main_test.go:19:58: `cancelled` is a misspelling of `canceled` (misspell)
		// context cancellation. It intentionally outlives the cancelled command
		                                                       ^
internal/mcp/restart_stdio_test.go:98:4: `cancelled` is a misspelling of `canceled` (misspell)
// cancelled. The broker's Remediate runs under a 10s ctx; an already-
   ^
internal/mcp/security_regression_test.go:56:51: `cancelled` is a misspelling of `canceled` (misspell)
// TestDevBash_ContextCancelPropagates verifies a cancelled parent context
                                                  ^
internal/mcp/security_regression_test.go:82:67: `cancelled` is a misspelling of `canceled` (misspell)
	if !result.IsError || !strings.Contains(result.Content[0].Text, "cancelled") {
	                                                                 ^
internal/mcp/security_regression_test.go:211:18: `cancelled` is a misspelling of `canceled` (misspell)
	cancel() // pre-cancelled
	                ^
internal/mcp/security_regression_test.go:219:67: `cancelled` is a misspelling of `canceled` (misspell)
	if !result.IsError || !strings.Contains(result.Content[0].Text, "cancelled") {
	                                                                 ^
internal/mcp/security_regression_test.go:305:52: `cancelled` is a misspelling of `canceled` (misspell)
// TestWebFetch_ContextCancelPropagates verifies a cancelled caller ctx aborts
                                                   ^
internal/mcp/stdio_transport.go:235:35: `cancelled` is a misspelling of `canceled` (misspell)
		return nil, fmt.Errorf("context cancelled: %w", ctx.Err())
		                                ^
internal/mcp/vanta_descriptions_test.go:217:64: `behaviour` is a misspelling of `behavior` (misspell)
// upstream sees no auth header. Mirrors registerVantaServer's behaviour when
                                                               ^
internal/mcp/web_fetch_resilience.go:49:62: `flavour` is a misspelling of `flavor` (misspell)
	// FetchErr4xx — non-retryable 4xx other than 403/blocked-flavour. E.g.
	                                                            ^
internal/mcp/web_fetch_resilience.go:143:27: `behaviour` is a misspelling of `behavior` (misspell)
	// Classify by net.Error behaviour.
	                         ^
internal/mcp/web_fetch_resilience.go:177:29: `recognisable` is a misspelling of `recognizable` (misspell)
	// TLS errors surface with recognisable keywords before the net layer.
	                           ^
internal/mcp/web_fetch_resilience.go:291:15: `cancelled` is a misspelling of `canceled` (misspell)
			// Context cancelled → never retry, propagate immediately.
			           ^
internal/mcp/web_fetch_resilience.go:297:25: `cancelled` is a misspelling of `canceled` (misspell)
					Detail:   "context cancelled",
					                   ^
internal/mcp/web_fetch_resilience.go:411:23: `honouring` is a misspelling of `honoring` (misspell)
// sleep waits for d, honouring context cancellation.
                      ^
internal/mcp/web_fetch_resilience_test.go:189:36: `cancelled` is a misspelling of `canceled` (misspell)
		t.Fatal("expected FetchError for cancelled context")
		                                 ^
internal/mcpconfig/mcpconfig.go:32:17: `summarises` is a misspelling of `summarizes` (misspell)
// ImportResult summarises what happened during an import.
                ^
internal/mcpconfig/mcpconfig.go:170:12: `serialises` is a misspelling of `serializes` (misspell)
// Marshal serialises a ClaudeCodeConfig as indented JSON.
           ^
internal/mcpserver/self_proxy.go:49:12: `cancelled` is a misspelling of `canceled` (misspell)
		// isn't cancelled, while still bounding a genuinely wedged harness.
		         ^
internal/mcpserver/server.go:104:33: `cancelled` is a misspelling of `canceled` (misspell)
// client disconnects or ctx is cancelled.
                                ^
internal/messaging/service.go:188:55: `cancelled` is a misspelling of `canceled` (misspell)
	// handler, or background-job poster) and outlives a cancelled request
	                                                     ^
internal/permission/derivation.go:27:61: `signalling` is a misspelling of `signaling` (misspell)
// A parent whose profile grants "/Users/u/project_a/**" is signalling its
                                                            ^
internal/permission/engine.go:219:35: `cancelled` is a misspelling of `canceled` (misspell)
		slog.Warn("permission: approval cancelled — defaulting to deny", "id", req.ID)
		                                ^
internal/permission/path_grants.go:32:60: `behaviour` is a misspelling of `behavior` (misspell)
//     explicitly opted for "session-scoped, no nag-again" behaviour.
                                                           ^
internal/permission/path_grants.go:377:8: `signalled` is a misspelling of `signaled` (misspell)
// has signalled intent toward.
       ^
internal/plugin/events.go:625:29: `cancelled` is a misspelling of `canceled` (misspell)
				h.logger.Info("pre-hook cancelled action", "eventType", eventType)
				                        ^
internal/plugin/events.go:633:5: `cancelled` is a misspelling of `canceled` (misspell)
	if cancelled, ok := event.Data["cancel"].(bool); ok && cancelled {
	   ^
internal/plugin/events.go:633:57: `cancelled` is a misspelling of `canceled` (misspell)
	if cancelled, ok := event.Data["cancel"].(bool); ok && cancelled {
	                                                       ^
internal/plugin/filter.go:24:52: `defence` is a misspelling of `defense` (misspell)
// the reasoning-blind view. This is a best-effort defence-in-depth measure;
                                                   ^
internal/plugin/install/extract.go:25:19: `materialises` is a misspelling of `materializes` (misspell)
// TarGzExtractor materialises a Handle into targetDir. Archive handles are
                  ^
internal/plugin/install/extract.go:38:12: `materialises` is a misspelling of `materializes` (misspell)
// Extract materialises h into targetDir. targetDir must already exist.
           ^
internal/plugin/install/install.go:80:14: `materialises` is a misspelling of `materializes` (misspell)
// Extractor materialises a Handle into targetDir. For archive handles it
             ^
internal/plugin/install/validate.go:36:9: `categorises` is a misspelling of `categorizes` (misspell)
// Kind categorises an install-time failure for reporting / filtering.
        ^
internal/plugin/prehook_test.go:47:2: `cancelled` is a misspelling of `canceled` (misspell)
	cancelled := host.EmitPreHook(EventMessageSending, "s1", map[string]any{"agent_id": "a1"})
	^
internal/plugin/prehook_test.go:48:5: `cancelled` is a misspelling of `canceled` (misspell)
	if cancelled {
	   ^
internal/plugin/prehook_test.go:49:62: `cancelled` is a misspelling of `canceled` (misspell)
		t.Error("expected EmitPreHook to return false when no hook cancelled")
		                                                           ^
internal/plugin/prehook_test.go:64:2: `cancelled` is a misspelling of `canceled` (misspell)
	cancelled := host.EmitPreHook(EventToolExecuting, "s1", map[string]any{"tool_name": "dev_bash"})
	^
internal/plugin/prehook_test.go:65:6: `cancelled` is a misspelling of `canceled` (misspell)
	if !cancelled {
	    ^
internal/plugin/prehook_test.go:76:2: `cancelled` is a misspelling of `canceled` (misspell)
	cancelled := host.EmitPreHook(EventMessageSending, "s1", nil)
	^
internal/plugin/prehook_test.go:77:5: `cancelled` is a misspelling of `canceled` (misspell)
	if cancelled {
	   ^
internal/plugin/prehook_test.go:93:2: `cancelled` is a misspelling of `canceled` (misspell)
	cancelled := host.EmitPreHook(EventMessageSending, "s1", data)
	^
internal/plugin/prehook_test.go:94:6: `cancelled` is a misspelling of `canceled` (misspell)
	if !cancelled {
	    ^
internal/plugin/registrations.go:429:60: `catalogued` is a misspelling of `cataloged` (misspell)
	// panels into the host panel registry. Plugin panels are catalogued here at
	                                                          ^
internal/recovery/broker/broker.go:218:12: `cancelled` is a misspelling of `canceled` (misspell)
// already-cancelled tokens. Used by the BE recovery-cancel HTTP
           ^
internal/recovery/broker/cancel_test.go:34:68: `cancelled` is a misspelling of `canceled` (misspell)
		t.Error("second Cancel returned true; expected false for already-cancelled token")
		                                                                 ^
internal/recovery/broker/cancel_test.go:39:50: `cancelled` is a misspelling of `canceled` (misspell)
// guard: a token issued for session A cannot be cancelled by a request
                                                 ^
internal/recovery/broker/cancel_test.go:64:43: `cancelled` is a misspelling of `canceled` (misspell)
// token isn't in the active map (already cancelled or never issued).
                                          ^
internal/recovery/broker/http_retry_test.go:125:58: `cancelled` is a misspelling of `canceled` (misspell)
// TestDispatchRetryHTTPBackoffRespectsCancel verifies a cancelled ctx
                                                         ^
internal/recovery/broker/http_retry_test.go:128:4: `cancelled` is a misspelling of `canceled` (misspell)
// cancelled. Mirrors the FE [Cancel retry] flow, which cancels the ctx
   ^
internal/recovery/broker/http_retry_test.go:154:62: `cancelled` is a misspelling of `canceled` (misspell)
		t.Errorf("HTTPRetry.Retry should not be called once ctx is cancelled during backoff, got %d calls", httpRetry.calls())
		                                                           ^
internal/recovery/broker/remediator_test.go:234:51: `cancelled` is a misspelling of `canceled` (misspell)
// blockingBootDir blocks Repopulate until ctx is cancelled, then
                                                  ^
internal/recovery/broker/types.go:299:11: `cancelled` is a misspelling of `canceled` (misspell)
		return "cancelled"
		        ^
internal/recovery/broker/types_test.go:38:13: `cancelled` is a misspelling of `canceled` (misspell)
		{"outcome cancelled", OutcomeCancelled.String(), "cancelled"},
		          ^
internal/recovery/broker/types_test.go:38:53: `cancelled` is a misspelling of `canceled` (misspell)
		{"outcome cancelled", OutcomeCancelled.String(), "cancelled"},
		                                                  ^
internal/recovery/orphansweep/orphan_sweep.go:304:29: `cancelled` is a misspelling of `canceled` (misspell)
// reaper exits when ctx is cancelled OR Stop is called. Calling Start
                            ^
internal/recovery/orphansweep/orphan_sweep.go:364:51: `cancelled` is a misspelling of `canceled` (misspell)
			slog.Info("agent_runtime reaper: stopping (ctx cancelled)")
			                                               ^
internal/reminders/engine.go:59:63: `unrecognised` is a misspelling of `unrecognized` (misspell)
// Returns an error when the JSON is malformed or the type is unrecognised.
                                                              ^
internal/runtime/agent/agent.go:606:55: `cancelled` is a misspelling of `canceled` (misspell)
	// fires (or Run exits first, or the caller's ctx is cancelled) before
	                                                     ^
internal/runtime/agent/agent.go:614:42: `cancelling` is a misspelling of `canceling` (misspell)
	// Wait always returns a nil error) — cancelling runCtx from Stop
	                                        ^
internal/runtime/agent/agent.go:658:68: `cancelled` is a misspelling of `canceled` (misspell)
		_ = deps.Store.MarkRuntimeFailed(sessID, "agent.Boot: caller ctx cancelled: "+ctx.Err().Error())
		                                                                 ^
internal/runtime/agent/bootdir_provider_config.go:166:57: `analogue` is a misspelling of `analog` (misspell)
// may access beyond its boot dir cwd. This is claude's analogue of the
                                                        ^
internal/runtime/agent/manager.go:56:64: `cancelling` is a misspelling of `canceling` (misspell)
// NOT touch Session.runCancel — see agent.go's Boot for why cancelling
                                                               ^
internal/sandbox/exec_unix.go:16:25: `cancelled` is a misspelling of `canceled` (misspell)
// process's context is cancelled. Go 1.22+ uses this to force-close
                        ^
internal/sandbox/exec_unix.go:33:53: `cancelled` is a misspelling of `canceled` (misspell)
// IgnoreAnyFunction — the goroutine outlives the cancelled command by design
                                                    ^
internal/sandbox/exec_unix.go:46:41: `signalled` is a misspelling of `signaled` (misspell)
// process group and the whole group is signalled on context cancel.
                                        ^
internal/sandbox/exec_unix.go:54:8: `signalling` is a misspelling of `signaling` (misspell)
//     signalling gets the whole tree.
       ^
internal/sandbox/proxy.go:133:27: `cancelling` is a misspelling of `canceling` (misspell)
// tunnels to drain after cancelling their context and closing their conns
                          ^
internal/sandbox/proxy.go:411:7: `cancelled` is a misspelling of `canceled` (misspell)
			// cancelled (e.g. via Stop). Cheap — exits when the copy does.
			   ^
internal/selftools/self_tools.go:644:44: `cancelling` is a misspelling of `canceling` (misspell)
			Description: "Reject a pending handoff, cancelling the transfer request.\n\n" +
			                                        ^
internal/selftools/self_tools.go:647:57: `cancelled` is a misspelling of `canceled` (misspell)
				"**Output shape:** Confirmation that the handoff is cancelled; the session remains with the current agent.",
				                                                    ^
internal/selftools/self_tools.go:668:167: `cancelled` is a misspelling of `canceled` (misspell)
				"Check `success` first — when `success: false`, the subagent failed and you MUST acknowledge the failure using error.message and error.kind (timeout | denied | cancelled | internal | empty_reply | at_capacity). Do not narrate success on a failed envelope, and do not fabricate a reply: even a non-empty result body on a success=false envelope is still a failure. " +
				                                                                                                                                                                  ^
internal/selftools/self_tools.go:693:69: `cancelled` is a misspelling of `canceled` (misspell)
				"**Output shape:** {run_id, status: pending|running|done|failed|cancelled, ...}.",
				                                                                ^
internal/selftools/self_tools.go:705:94: `cancelled` is a misspelling of `canceled` (misspell)
				"**When to use:** When the parent agent no longer needs the subagent's result (e.g. user cancelled the request), or the subagent is taking too long.\n\n" +
				                                                                                         ^
internal/selftools/self_tools.go:737:205: `cancelled` is a misspelling of `canceled` (misspell)
				"**Output shape:** {job_id}. The completion envelope (channel=inbox, kind=notification, from_agent_id=background-job) carries a structured JobResult JSON in payload_json with status (succeeded/failed/cancelled), output (captured stdout+stderr), error, started_at, completed_at. Poll message_inbox after the turn or chain via background_status.",
				                                                                                                                                                                                                        ^
internal/selftools/self_tools.go:756:74: `cancelled` is a misspelling of `canceled` (misspell)
				"**Output shape:** {job_id, status: pending|running|succeeded|failed|cancelled, output, error, started_at, completed_at, output_truncated}.",
				                                                                     ^
internal/selftools/self_tools.go:768:83: `cancelled` is a misspelling of `canceled` (misspell)
				"**When to use:** When the background work is no longer needed (e.g. the user cancelled the request, or a faster path materialized). The backend kills the process group; descendants are reaped.\n\n" +
				                                                                              ^
internal/selftools/self_tools_chat_search.go:119:33: `summarised` is a misspelling of `summarized` (misspell)
// history including compacted (summarised) spans. By default the search is
                                ^
internal/selftools/self_tools_chat_search.go:433:43: `centred` is a misspelling of `centered` (misspell)
// buildExcerpt returns a snippet of text centred on [matchStart, matchEnd)
                                          ^
internal/selftools/self_tools_list.go:291:6: `Marshalling` is a misspelling of `Marshaling` (misspell)
		// Marshalling a slice of two-string structs cannot realistically
		   ^
internal/selftools/self_tools_transport.go:1850:18: `cancelled` is a misspelling of `canceled` (misspell)
// Fix: on a ctx-cancelled Status failure, retry once with a short,
                 ^
internal/selftools/self_tools_transport.go:1871:28: `cancelled` is a misspelling of `canceled` (misspell)
				// The caller's ctx is cancelled/expired — not necessarily
				                       ^
internal/selftools/self_tools_transport.go:1902:6: `cancelled` is a misspelling of `canceled` (misspell)
		// cancelled, rejected), EnvelopeFromRun also has an explicit,
		   ^
internal/selftools/self_tools_transport.go:1934:15: `cancelled` is a misspelling of `canceled` (misspell)
			// Context cancelled during wait. The run is still in progress
			           ^
internal/selftools/self_tools_transport.go:1939:28: `cancelled` is a misspelling of `canceled` (misspell)
				fmt.Sprintf("sync wait cancelled (run status: %s, may still be executing): %v", run.Status, ctx.Err()),
				                       ^
internal/selftools/self_tools_transport.go:2195:25: `cancelled` is a misspelling of `canceled` (misspell)
	return mcp.TextResult("cancelled"), nil
	                       ^
internal/selftools/self_tools_transport.go:2296:25: `cancelled` is a misspelling of `canceled` (misspell)
	return mcp.TextResult("cancelled"), nil
	                       ^
internal/selftools/self_tools_validate_test.go:11:26: `marshalling` is a misspelling of `marshaling` (misspell)
// against it without re-marshalling the raw text payload by hand.
                         ^
internal/selftools/self_tools_workflow.go:180:35: `Marshalling` is a misspelling of `Marshaling` (misspell)
// wraps it as a text ToolResult. Marshalling cannot realistically fail —
                                  ^
internal/server/server.go:370:13: `modelled` is a misspelling of `modeled` (misspell)
// Shape is modelled on internal/safego.recoverAndReport but kept inline
            ^
internal/service/a2a_task_manager_test.go:147:8: `cancelled` is a misspelling of `canceled` (misspell)
			// "cancelled" is a real, schema-valid workflow_runs.status (see
			    ^
internal/service/a2a_task_manager_test.go:153:16: `cancelled` is a misspelling of `canceled` (misspell)
			runStatus: "cancelled",
			            ^
internal/service/agent_deps.go:436:58: `honoured` is a misspelling of `honored` (misspell)
// transports so the broker's 10s remediation timeout is honoured.
                                                         ^
internal/service/chat.go:534:68: `cancelled` is a misspelling of `canceled` (misspell)
// NOT cleared here — deregisterGeneration handles that when the cancelled
                                                                   ^
internal/service/chat.go:550:24: `cancelled` is a misspelling of `canceled` (misspell)
// this session, it is cancelled first — prevents concurrent duplicate loops
                       ^
internal/service/chat.go:574:28: `cancelling` is a misspelling of `canceling` (misspell)
		slog.Info("chat-service: cancelling prior in-flight generation for session",
		                         ^
internal/service/chat.go:715:5: `cancelled` is a misspelling of `canceled` (misspell)
	// cancelled — concurrent loops on the same session fight over the
	   ^
internal/service/chat_generate.go:817:66: `cancelled` is a misspelling of `canceled` (misspell)
			diagLogLoopExit(sessionID, assistantMsgID, ls.iteration, "ctx_cancelled:"+ctxErr.Error(), len(ls.toolCallRefs), ch)
			                                                              ^
internal/service/chat_generate.go:818:32: `cancelled` is a misspelling of `canceled` (misspell)
			slog.Info("generateResponse cancelled", "err", ctxErr, "session_id", sessionID)
			                            ^
internal/service/chat_generate.go:819:62: `cancelled` is a misspelling of `canceled` (misspell)
			ch <- chat.StreamEvent{Type: "status", Content: "Stopped: cancelled"}
			                                                          ^
internal/service/chat_generate.go:871:59: `Cancelling` is a misspelling of `Canceling` (misspell)
		// down a silently stalled HTTP stream from the inside. Cancelling
		                                                        ^
internal/service/chat_generate.go:913:4: `cancelled` is a misspelling of `canceled` (misspell)
			cancelled := s.pluginHost.EmitPreHook("message.sending", sessionID, map[string]any{
			^
internal/service/chat_generate.go:920:7: `cancelled` is a misspelling of `canceled` (misspell)
			if cancelled {
			   ^
internal/service/chat_generate.go:922:46: `cancelled` is a misspelling of `canceled` (misspell)
				slog.Info("chat-service: message.sending cancelled by plugin hook", "session_id", sessionID, "iter", ls.iteration)
				                                         ^
internal/service/chat_generate.go:1736:42: `behaviour` is a misspelling of `behavior` (misspell)
	// the stored message is not empty. Old behaviour preserved for those paths.
	                                        ^
internal/service/chat_generate.go:2737:62: `recognised` is a misspelling of `recognized` (misspell)
// inspecting the agent's tags. Default is "general" when no recognised tag is
                                                             ^
internal/service/chat_generate.go:2796:33: `recognised` is a misspelling of `recognized` (misspell)
// Default is "general" when no recognised tag is present.
                                ^
internal/service/chat_generate_diag.go:95:36: `cancelled` is a misspelling of `canceled` (misspell)
				slog.Warn("chat-loop-diag: ctx cancelled while send pending",
				                               ^
internal/service/chat_generate_test.go:277:37: `behaviour` is a misspelling of `behavior` (misspell)
// from non-delta events (omitempty behaviour — old clients must not see it).
                                    ^
internal/service/chat_generate_test.go:298:53: `behaviour` is a misspelling of `behavior` (misspell)
	// Delta with no phase: must be absent (old stream behaviour).
	                                                   ^
internal/service/chat_notify_pause.go:81:4: `cancelled` is a misspelling of `canceled` (misspell)
) (cancelled bool) {
   ^
internal/service/chat_notify_pause.go:122:34: `cancelled` is a misspelling of `canceled` (misspell)
	//  - ctx.Done() fired → user cancelled (or session ended).
	                                ^
internal/service/chat_notify_pause.go:128:41: `cancelled` is a misspelling of `canceled` (misspell)
		slog.Info("chat-service: notify-pause cancelled by ctx",
		                                      ^
internal/service/chat_notify_pause.go:158:29: `recognised` is a misspelling of `recognized` (misspell)
// name. Returns "" when no recognised field is present.
                            ^
internal/service/chat_notify_pause_test.go:56:2: `cancelled` is a misspelling of `canceled` (misspell)
	cancelled := emitNotifyPause(context.Background(), tu, ch, nil, 60*time.Millisecond)
	^
internal/service/chat_notify_pause_test.go:57:5: `cancelled` is a misspelling of `canceled` (misspell)
	if cancelled {
	   ^
internal/service/chat_notify_pause_test.go:58:34: `cancelled` is a misspelling of `canceled` (misspell)
		t.Fatal("expected proceed (not cancelled) on a non-cancelled ctx")
		                               ^
internal/service/chat_notify_pause_test.go:58:54: `cancelled` is a misspelling of `canceled` (misspell)
		t.Fatal("expected proceed (not cancelled) on a non-cancelled ctx")
		                                                   ^
internal/service/chat_notify_pause_test.go:103:2: `cancelled` is a misspelling of `canceled` (misspell)
	cancelled := emitNotifyPause(context.Background(), tu, ch, nil, 60*time.Millisecond)
	^
internal/service/chat_notify_pause_test.go:106:5: `cancelled` is a misspelling of `canceled` (misspell)
	if cancelled {
	   ^
internal/service/chat_notify_pause_test.go:107:45: `cancelled` is a misspelling of `canceled` (misspell)
		t.Fatal("non-dev tool should never report cancelled")
		                                          ^
internal/service/chat_notify_pause_test.go:117:25: `cancelled` is a misspelling of `canceled` (misspell)
// pause window returns cancelled=true. This is the wiring path the
                        ^
internal/service/chat_notify_pause_test.go:136:2: `cancelled` is a misspelling of `canceled` (misspell)
	cancelled := emitNotifyPause(ctx, tu, ch, nil, 1500*time.Millisecond)
	^
internal/service/chat_notify_pause_test.go:138:6: `cancelled` is a misspelling of `canceled` (misspell)
	if !cancelled {
	    ^
internal/service/chat_notify_pause_test.go:139:21: `cancelled` is a misspelling of `canceled` (misspell)
		t.Fatal("expected cancelled=true when ctx is cancelled during the pause window")
		                  ^
internal/service/chat_notify_pause_test.go:139:48: `cancelled` is a misspelling of `canceled` (misspell)
		t.Fatal("expected cancelled=true when ctx is cancelled during the pause window")
		                                             ^
internal/service/chat_test.go:487:21: `behaviour` is a misspelling of `behavior` (misspell)
	// original engine behaviour: a real stuck loop sends the *same* raw
	                   ^
internal/service/chat_test.go:644:2: `cancelled` is a misspelling of `canceled` (misspell)
	cancelled := make(chan struct{})
	^
internal/service/chat_test.go:645:46: `cancelled` is a misspelling of `canceled` (misspell)
	cancel := context.CancelFunc(func() { close(cancelled) })
	                                            ^
internal/service/chat_test.go:653:9: `cancelled` is a misspelling of `canceled` (misspell)
	case <-cancelled:
	       ^
internal/service/chat_test.go:659:9: `cancelled` is a misspelling of `canceled` (misspell)
	// the cancelled goroutine returns. This preserves the takeover
	       ^
internal/service/chat_test.go:666:44: `cancelled` is a misspelling of `canceled` (misspell)
		t.Fatalf("expected slot retained for the cancelled gen, got %+v ok=%v", cur, ok)
		                                         ^
internal/service/chat_tool_executor.go:231:51: `defence` is a misspelling of `defense` (misspell)
				// Fail closed on any unknown Decision value (defence against future
				                                              ^
internal/service/chat_tool_executor.go:256:4: `cancelled` is a misspelling of `canceled` (misspell)
			cancelled := s.pluginHost.EmitPreHook("tool.executing", sessionID, map[string]any{
			^
internal/service/chat_tool_executor.go:261:7: `cancelled` is a misspelling of `canceled` (misspell)
			if cancelled {
			   ^
internal/service/chat_tool_executor.go:496:5: `cancelled` is a misspelling of `canceled` (misspell)
	if cancelled := emitNotifyPause(ctx, tu, ch, mu, 0); cancelled {
	   ^
internal/service/chat_tool_executor.go:496:55: `cancelled` is a misspelling of `canceled` (misspell)
	if cancelled := emitNotifyPause(ctx, tu, ch, mu, 0); cancelled {
	                                                     ^
internal/service/chat_tool_executor.go:497:37: `cancelled` is a misspelling of `canceled` (misspell)
		cancelMsg := fmt.Sprintf("Tool %q cancelled by user during notify-pause window.", tu.Name)
		                                  ^
internal/service/chat_tool_executor.go:504:67: `cancelled` is a misspelling of `canceled` (misspell)
			ref:       chat.ToolCallRef{ID: tu.ID, Name: tu.Name, Status: "cancelled", ErrorReason: cancelMsg},
			                                                               ^
internal/service/chat_trigger_harness_turn_test.go:33:2: `cancelled` is a misspelling of `canceled` (misspell)
	cancelled := false
	^
internal/service/chat_trigger_harness_turn_test.go:34:88: `cancelled` is a misspelling of `canceled` (misspell)
	svc.activeGen["sess-1"] = &inFlightGen{msgID: "user-turn-in-flight", cancel: func() { cancelled = true }}
	                                                                                      ^
internal/service/chat_trigger_harness_turn_test.go:41:5: `cancelled` is a misspelling of `canceled` (misspell)
	if cancelled {
	   ^
internal/service/chat_trigger_message_wake_test.go:34:2: `cancelled` is a misspelling of `canceled` (misspell)
	cancelled := false
	^
internal/service/chat_trigger_message_wake_test.go:35:88: `cancelled` is a misspelling of `canceled` (misspell)
	svc.activeGen["sess-1"] = &inFlightGen{msgID: "user-turn-in-flight", cancel: func() { cancelled = true }}
	                                                                                      ^
internal/service/chat_trigger_message_wake_test.go:43:5: `cancelled` is a misspelling of `canceled` (misspell)
	if cancelled {
	   ^
internal/service/container.go:895:17: `materialises` is a misspelling of `materializes` (misspell)
	// stack, then materialises the same overlay values into the `models` DB
	               ^
internal/service/context_tool_slot_test.go:340:5: `honours` is a misspelling of `honors` (misspell)
	// honours the returned Result (BrokerClassifier's fail-open pattern applies
	   ^
internal/service/delegation.go:285:31: `cancelled` is a misspelling of `canceled` (misspell)
			result.Error = "delegation cancelled"
			                           ^
internal/service/dispatch_wiring.go:115:46: `cancelled` is a misspelling of `canceled` (misspell)
		return nil, fmt.Errorf("dispatch: subagent cancelled")
		                                           ^
internal/service/dispatch_wiring_test.go:165:14: `cancelled` is a misspelling of `canceled` (misspell)
			name:    "cancelled",
			          ^
internal/service/dispatch_wiring_test.go:167:23: `cancelled` is a misspelling of `canceled` (misspell)
			wantErr: "subagent cancelled",
			                   ^
internal/service/embedder_select.go:83:4: `Behaviour` is a misspelling of `Behavior` (misspell)
// Behaviour:
   ^
internal/service/envelope_lane.go:15:68: `marshalled` is a misspelling of `marshaled` (misspell)
// stampEnvelopeDisplayClass injects display_class into an already-marshalled
                                                                   ^
internal/service/ingest_test.go:688:55: `behaviour` is a misspelling of `behavior` (misspell)
	// (default / worker / planner / hint-selector). The behaviour under
	                                                     ^
internal/service/inspector_producers.go:55:46: `colour` is a misspelling of `color` (misspell)
// trafficLightFor returns the traffic-light colour for a slot.
                                             ^
internal/service/install/runtime_dirs.go:10:13: `customised` is a misspelling of `customized` (misspell)
//     have customised it) we leave it alone.
            ^
internal/service/install/runtime_dirs.go:48:21: `summarises` is a misspelling of `summarizes` (misspell)
// RuntimeDirReport summarises what EnsureRuntimeDirs did.
                    ^
internal/service/install/runtime_dirs_test.go:88:17: `customised` is a misspelling of `customized` (misspell)
// the user has customised is preserved verbatim — EnsureRuntimeDirs must not
                ^
internal/service/messaging_reactor_test.go:74:69: `summarise` is a misspelling of `summarize` (misspell)
			"sess-1": {ID: "sess-1", Metadata: `{"message_wake_policy":"auto-summarise"}`}, // typo/variant
			                                                                 ^
internal/service/recovery_credentials.go:133:5: `Honour` is a misspelling of `Honor` (misspell)
	// Honour the caller-imposed deadline before any work — nanite's
	   ^
internal/service/recovery_credentials.go:135:50: `cancelled` is a misspelling of `canceled` (misspell)
	// SetAPIKey rebuild is in-memory + fast, but a cancelled ctx should
	                                                ^
internal/service/recovery_credentials_test.go:179:20: `recognise` is a misspelling of `recognize` (misspell)
// adapter doesn't recognise. Returns clean error so the broker
                   ^
internal/service/recovery_credentials_test.go:284:46: `cancelled` is a misspelling of `canceled` (misspell)
// TestRefresh_RespectsCancelledContext: pre-cancelled ctx short-circuits
                                             ^
internal/service/recovery_credentials_test.go:315:40: `cancelled` is a misspelling of `canceled` (misspell)
		t.Fatal("Refresh: expected error for cancelled ctx, got nil")
		                                     ^
internal/service/recovery_credentials_test.go:321:53: `cancelled` is a misspelling of `canceled` (misspell)
		t.Errorf("Refresh: resolver called %d times after cancelled ctx, want 0", resolverCalls)
		                                                  ^
internal/service/recovery_credentials_test.go:324:56: `cancelled` is a misspelling of `canceled` (misspell)
		t.Errorf("Refresh: keychain consulted %d times after cancelled ctx, want 0", keyringCalls)
		                                                     ^
internal/service/recovery_credentials_test.go:329:12: `cancelled` is a misspelling of `canceled` (misspell)
// same as cancelled — short-circuit before any work.
           ^
internal/service/recovery_credentials_test.go:385:56: `cancelled` is a misspelling of `canceled` (misspell)
// (used to assert we don't reach the resolver after a cancelled ctx).
                                                       ^
internal/service/recovery_envelope_sink_test.go:123:57: `unrecognised` is a misspelling of `unrecognized` (misspell)
// TestProjectRecoveryEnvelope_UnknownKindError ensures unrecognised
                                                        ^
internal/service/recovery_mcp_adapter_test.go:13:4: `behaviour` is a misspelling of `behavior` (misspell)
// behaviour (success / error / sleep-then-respect-ctx).
   ^
internal/service/recovery_mcp_adapter_test.go:73:12: `honours` is a misspelling of `honors` (misspell)
// adapter honours a context deadline. The fake delays 200ms; the caller
           ^
internal/service/recovery_mcp_adapter_test.go:98:47: `initialised` is a misspelling of `initialized` (misspell)
// unset when cfg.MCP is nil, but a partially-initialised adapter could
                                              ^
internal/service/stream.go:97:15: `serialises` is a misspelling of `serializes` (misspell)
// held. This serialises the write against subscribe()'s close(prev) (and
              ^
internal/service/stream_replay_test.go:311:57: `serialises` is a misspelling of `serializes` (misspell)
// reliably reproduces a write/close data race; the fix serialises both
                                                        ^
internal/service/subagent_reactor.go:75:10: `summarise` is a misspelling of `summarize` (misspell)
// "auto_summarise" doesn't silently disable the intended behavior with no
         ^
internal/service/subagent_reactor_test.go:92:76: `summarise` is a misspelling of `summarize` (misspell)
			"sess-1": {ID: "sess-1", Metadata: `{"subagent_completion_policy":"auto-summarise"}`}, // typo/variant, not a real value
			                                                                        ^
internal/service/subagent_runner.go:311:6: `Marshalling` is a misspelling of `Marshaling` (misspell)
		// Marshalling a fixed-shape struct of strings/ints/RawMessage
		   ^
internal/service/subagent_runner.go:911:5: `signalled` is a misspelling of `signaled` (misspell)
	// signalled intent toward. May be empty when no path mentions have
	   ^
internal/service/subagent_runner_stall_test.go:63:44: `cancelled` is a misspelling of `canceled` (misspell)
// silently stalled provider stream is now cancelled there, which closes
                                           ^
internal/service/subagent_runner_test.go:594:4: `cancelled` is a misspelling of `canceled` (misspell)
// cancelled by the run-budget deadline must not have its accumulated
   ^
internal/service/subagent_sink.go:9:12: `cancelled` is a misspelling of `canceled` (misspell)
// failed, cancelled) becomes a chat.StreamEvent of type
           ^
internal/service/team_run_launcher.go:309:23: `cancelled` is a misspelling of `canceled` (misspell)
	// (completed/failed/cancelled) will never be Resume()d — nothing will
	                     ^
internal/service/team_run_launcher.go:349:4: `Cancelled` is a misspelling of `Canceled` (misspell)
// Cancelled) — as opposed to RunStatusWaiting/RunStatusWaitingOnFlex, which
   ^
internal/service/tool.go:54:38: `behaviour` is a misspelling of `behavior` (misspell)
	// to DefaultContextWindowTokens so behaviour is preserved.
	                                    ^
internal/service/tool.go:515:58: `behaviour` is a misspelling of `behavior` (misspell)
// "enabled". This matches the ticket's "default always" behaviour.
                                                         ^
internal/service/tool.go:570:7: `marshalling` is a misspelling of `marshaling` (misspell)
// On marshalling failure (which would be a programmer bug since all
      ^
internal/service/tool.go:779:58: `behaviour` is a misspelling of `behavior` (misspell)
	// Silently ignore bad JSON — matches existing engine behaviour.
	                                                        ^
internal/service/tool.go:816:33: `behaviour` is a misspelling of `behavior` (misspell)
		// to preserve the historical behaviour of triggering progressive
		                              ^
internal/service/tool_cache_wiring.go:48:23: `honour` is a misspelling of `honor` (misspell)
// On construction we honour the user's current setting; if they change the
                      ^
internal/service/tool_cache_wiring.go:50:30: `behaviour` is a misspelling of `behavior` (misspell)
// mirrors BuildSummarizer's behaviour (context.go S3a pattern).
                             ^
internal/service/workflow_context_assembler.go:41:4: `analogue` is a misspelling of `analog` (misspell)
// analogue at this call's (sessionID, agentID) granularity — a workflow
   ^
internal/service/workflow_launch_test.go:174:61: `cancelled` is a misspelling of `canceled` (misspell)
// that ignores its own deadline and only exits when ctx is cancelled must
                                                            ^
internal/shell/shell.go:21:52: `recognised` is a misspelling of `recognized` (misspell)
// ValidMode returns true if m is one of the three recognised modes.
                                                   ^
internal/store/models.go:20:51: `materialises` is a misspelling of `materializes` (misspell)
// (registry.go's SyncFromCatalog), and this just materialises its result
                                                  ^
internal/store/seed.go:206:9: `materialising` is a misspelling of `materializing` (misspell)
// when materialising pkg/models rows into the models table.
        ^
internal/store/user_settings.go:26:53: `honoured` is a misspelling of `honored` (misspell)
	// verified Ed25519 signature. The setting is ONLY honoured in builds
	                                                   ^
internal/store/workflow_runs.go:84:45: `cancelled` is a misspelling of `canceled` (misspell)
// terminal-for-this-call: completed/failed/cancelled/waiting_on_gate).
                                            ^
internal/subagent/envelope.go:22:11: `cancelled` is a misspelling of `canceled` (misspell)
// failed/cancelled/rejected previously returned its last assistant text
          ^
internal/subagent/envelope.go:96:46: `cancelled` is a misspelling of `canceled` (misspell)
	// ErrorKindCancelled indicates the run was cancelled
	                                            ^
internal/subagent/envelope.go:99:24: `cancelled` is a misspelling of `canceled` (misspell)
	ErrorKindCancelled = "cancelled"
	                      ^
internal/subagent/envelope.go:333:22: `cancelled` is a misspelling of `canceled` (misspell)
			"subagent run was cancelled before completion",
			                  ^
internal/subagent/envelope_test.go:83:24: `Cancelled` is a misspelling of `Canceled` (misspell)
// TestEnvelopeFromRun_Cancelled pins the cancel shape.
                       ^
internal/subagent/envelope_test.go:84:26: `Cancelled` is a misspelling of `Canceled` (misspell)
func TestEnvelopeFromRun_Cancelled(t *testing.T) {
                         ^
internal/subagent/reaper.go:68:57: `cancelled` is a misspelling of `canceled` (misspell)
//     context. The goroutine exits cleanly when ctx is cancelled OR
                                                        ^
internal/subagent/reaper.go:156:29: `cancelled` is a misspelling of `canceled` (misspell)
// reaper exits when ctx is cancelled OR Stop is called. Calling Start
                            ^
internal/subagent/reaper.go:229:46: `cancelled` is a misspelling of `canceled` (misspell)
			slog.Info("subagent reaper: stopping (ctx cancelled)")
			                                          ^
internal/subagent/reaper_test.go:360:16: `cancelled` is a misspelling of `canceled` (misspell)
// when ctx is cancelled (subtodo (b): "Reaper must stop on context
               ^
internal/subagent/reaper_test.go:361:44: `cancelling` is a misspelling of `canceling` (misspell)
// cancel — no goroutine leak"). Test by cancelling and asserting Stop
                                           ^
internal/subagent/retry_lifecycle_test.go:22:53: `cancelled` is a misspelling of `canceled` (misspell)
//   - Unretriable outcomes (fabrication-suspected, cancelled, rejected)
                                                    ^
internal/subagent/retry_lifecycle_test.go:309:16: `cancelled` is a misspelling of `canceled` (misspell)
	// other than cancelled / rejected. The values here mimic mid-chain
	              ^
internal/subagent/retry_lifecycle_test.go:384:4: `cancelled` is a misspelling of `canceled` (misspell)
// cancelled between attempts must abort the chain rather than triggering
   ^
internal/subagent/retry_lifecycle_test.go:403:51: `cancelled` is a misspelling of `canceled` (misspell)
	// Concurrent Cancel landed: persisted status is cancelled.
	                                                 ^
internal/subagent/retry_lifecycle_test.go:408:34: `cancelled` is a misspelling of `canceled` (misspell)
		t.Error("shouldRetry(persisted-cancelled) = true; want false")
		                               ^
internal/subagent/retry_lifecycle_test.go:415:22: `cancelled` is a misspelling of `canceled` (misspell)
// the loop sees the cancelled ctx and bails without retrying.
                     ^
internal/subagent/retry_lifecycle_test.go:458:45: `cancelled` is a misspelling of `canceled` (misspell)
	// Poll for terminal state. The loop's ctx-cancelled branch in
	                                           ^
internal/subagent/service.go:495:50: `cancelled` is a misspelling of `canceled` (misspell)
// verge of its own deadline, and it must not be cancelled by the same
                                                 ^
internal/subagent/service.go:908:32: `cancelled` is a misspelling of `canceled` (misspell)
		// queued async spawn can be cancelled before it starts.
		                             ^
internal/subagent/service.go:927:52: `cancelled` is a misspelling of `canceled` (misspell)
// update — uses Background ctx so it survives a cancelled caller, and
                                                   ^
internal/subagent/service.go:947:26: `cancelled` is a misspelling of `canceled` (misspell)
// Cancel marks a run as cancelled and unblocks its runner. Ordering
                         ^
internal/subagent/service.go:949:4: `cancelled` is a misspelling of `canceled` (misspell)
// cancelled FIRST, then invoke the registered CancelFunc. This makes
   ^
internal/subagent/service.go:951:35: `cancelled` is a misspelling of `canceled` (misspell)
// unblocked runner sees status = cancelled (not in the (running,
                                  ^
internal/subagent/service.go:954:13: `cancelled` is a misspelling of `canceled` (misspell)
// reports "cancelled" (not the "failed" that execute writes after
            ^
internal/subagent/service.go:1126:24: `cancelled` is a misspelling of `canceled` (misspell)
// available or ctx is cancelled. Returns ErrSpawnFanoutCapReached if
                       ^
internal/subagent/service.go:1135:14: `cancelled` is a misspelling of `canceled` (misspell)
		// Context cancelled while waiting. Distinguish between "timed
		           ^
internal/subagent/service.go:1136:48: `cancelled` is a misspelling of `canceled` (misspell)
		// out waiting for a slot" (at-capacity) vs "cancelled for
		                                             ^
internal/subagent/service.go:1192:31: `cancelled` is a misspelling of `canceled` (misspell)
// it. fabrication-suspected, cancelled, rejected, and any state that
                              ^
internal/subagent/service.go:1228:13: `Cancelling` is a misspelling of `Canceling` (misspell)
			// own". Cancelling runCtx before this call would falsely
			         ^
internal/subagent/service.go:1437:51: `cancelled` is a misspelling of `canceled` (misspell)
	// The wall-clock backstop fired (or the run was cancelled): the run
	                                                 ^
internal/subagent/service.go:1664:13: `cancelled` is a misspelling of `canceled` (misspell)
// that was cancelled mid-flight would have its cancellation
            ^
internal/subagent/service.go:1721:49: `cancelled` is a misspelling of `canceled` (misspell)
//     another retry — that would resurrect a cancelled run).
                                                ^
internal/subagent/service.go:1726:8: `cancelled` is a misspelling of `canceled` (misspell)
//   - cancelled, rejected (operator decisions)
       ^
internal/subagent/service.go:1734:43: `cancelled` is a misspelling of `canceled` (misspell)
	// Cancellation observed via ctx (parent cancelled the run): bail
	                                         ^
internal/subagent/service.go:1735:52: `cancelled` is a misspelling of `canceled` (misspell)
	// without retrying. The runner's own ctx already cancelled; the
	                                                  ^
internal/subagent/service.go:1772:12: `cancelled` is a misspelling of `canceled` (misspell)
	// row to cancelled; we must observe that and abort the chain rather
	          ^
internal/subagent/service.go:1774:25: `cancelled` is a misspelling of `canceled` (misspell)
	// background ctx so a cancelled parent ctx doesn't prevent the read.
	                       ^
internal/subagent/service.go:1806:27: `marshalled` is a misspelling of `marshaled` (misspell)
// entry, and returns the marshalled result. A malformed prior value is
                          ^
internal/subagent/service.go:1851:24: `cancelled` is a misspelling of `canceled` (misspell)
// background ctx so a cancelled parent doesn't prevent the write.
                       ^
internal/subagent/service_fanout_test.go:248:30: `utilised` is a misspelling of `utilized` (misspell)
//  2. The cap remains fully utilised by the original 3 (none leaked).
                             ^
internal/subagent/service_fanout_test.go:298:41: `cancelled` is a misspelling of `canceled` (misspell)
			t.Error("expected non-nil error from cancelled queued spawn, got nil")
			                                     ^
internal/subagent/service_fanout_test.go:301:12: `cancelled` is a misspelling of `canceled` (misspell)
		t.Fatal("cancelled queued spawn did not return within 500ms")
		         ^
internal/subagent/service_fanout_test.go:306:46: `cancelled` is a misspelling of `canceled` (misspell)
		t.Errorf("runner.started = %d, want %d — cancelled spawn consumed a slot",
		                                           ^
internal/subagent/service_test.go:402:39: `cancelled` is a misspelling of `canceled` (misspell)
// slowRunner blocks on its ctx until cancelled, then returns ctx.Err().
                                      ^
internal/subagent/service_test.go:437:51: `cancelling` is a misspelling of `canceling` (misspell)
	// Wait for runner to actually be running before cancelling.
	                                                 ^
internal/subagent/service_test.go:620:42: `cancelled` is a misspelling of `canceled` (misspell)
// payload reports the DB-authoritative "cancelled" status, not the
                                         ^
internal/subagent/service_test.go:660:53: `cancelled` is a misspelling of `canceled` (misspell)
	// goroutine after finalizeRun, which re-reads the cancelled row).
	                                                   ^
internal/subagent/service_test.go:674:48: `cancelled` is a misspelling of `canceled` (misspell)
	if got := terminal.Payload["status"]; got != "cancelled" {
	                                              ^
internal/subagent/service_test.go:675:40: `cancelled` is a misspelling of `canceled` (misspell)
		t.Errorf("terminal status = %v, want cancelled", got)
		                                     ^
internal/subagent/types.go:42:88: `cancelled` is a misspelling of `canceled` (misspell)
//	requested → approved → running → completed | failed | over_budget | stalled | cancelled
  	                                                                                    ^
internal/subagent/types.go:76:22: `cancelled` is a misspelling of `canceled` (misspell)
	StatusCancelled  = "cancelled"
	                    ^
internal/subagent/types.go:162:15: `cancelled` is a misspelling of `canceled` (misspell)
// completed, cancelled, rejected are never retried: completed is a
              ^
internal/task/service_test.go:199:31: `cancelled` is a misspelling of `canceled` (misspell)
		t.Errorf("status = %q, want cancelled", got.Status)
		                            ^
internal/task/task.go:16:29: `cancelled` is a misspelling of `canceled` (misspell)
	StatusCancelled  Status = "cancelled"
	                           ^
internal/tool/stash/categories.go:102:4: `Unrecognised` is a misspelling of `Unrecognized` (misspell)
// Unrecognised names return "" (stash buckets them under CategoryOther).
   ^
internal/toolclient/broker.go:299:7: `behaviour` is a misspelling of `behavior` (misspell)
// so behaviour on unknown models is preserved (never a hard failure).
      ^
internal/toolclient/broker.go:327:34: `behaviour` is a misspelling of `behavior` (misspell)
// DefaultContextWindowTokens so behaviour on unknown models is preserved.
                                 ^
internal/toolclient/broker.go:536:4: `Behaviour` is a misspelling of `Behavior` (misspell)
// Behaviour:
   ^
internal/toolclient/broker.go:780:57: `behaviour` is a misspelling of `behavior` (misspell)
// to DefaultContextWindowTokens, matching SelectTools' behaviour on unknown
                                                        ^
internal/toolclient/broker_test.go:194:19: `behaviour` is a misspelling of `behavior` (misspell)
	// Unknown-model behaviour must match the 200K fallback (same budget).
	                 ^
internal/toolclient/ranking.go:16:40: `behaviour` is a misspelling of `behavior` (misspell)
// preserves the legacy "keyword only" behaviour when neither memory nor
                                       ^
internal/toolclient/skills.go:69:26: `behaviour` is a misspelling of `behavior` (misspell)
// the broker's existing behaviour.)
                         ^
internal/toolclient/skills.go:98:27: `behaviour` is a misspelling of `behavior` (misspell)
// can be opt-in (default behaviour is unchanged when the dir is absent).
                          ^
internal/worker/main_test.go:13:41: `cancelled` is a misspelling of `canceled` (misspell)
// sleep for 30s) are deterministically cancelled.
                                        ^
internal/worker/manager.go:80:40: `cancelled` is a misspelling of `canceled` (misspell)
		return nil, fmt.Errorf("worker spawn cancelled while waiting for capacity")
		                                     ^
internal/worker/manager.go:158:5: `cancelled` is a misspelling of `canceled` (misspell)
	// cancelled. Respect that terminal state rather than overwriting it.
	   ^
internal/worker/manager.go:212:40: `cancelled` is a misspelling of `canceled` (misspell)
		return nil, fmt.Errorf("light worker cancelled while waiting for capacity")
		                                     ^
internal/worker/manager.go:334:35: `cancelled` is a misspelling of `canceled` (misspell)
// Before this refactor, Shutdown cancelled per-worker contexts but did not
                                  ^
internal/worker/manager.go:374:31: `cancelled` is a misspelling of `canceled` (misspell)
// completion) or when ctx is cancelled (manager shutdown).
                              ^
internal/worker/manager_shutdown_test.go:13:50: `cancelled` is a misspelling of `canceled` (misspell)
// blockingDelegator blocks until its context is cancelled, then returns the
                                                 ^
internal/worker/manager_shutdown_test.go:14:68: `honour` is a misspelling of `honor` (misspell)
// context error. It models a long-running provider call that must honour
                                                                   ^
internal/worker/manager_shutdown_test.go:83:8: `cancelled` is a misspelling of `canceled` (misspell)
	// is cancelled.
	      ^
internal/worker/manager_test.go:200:21: `cancelled` is a misspelling of `canceled` (misspell)
		t.Error("expected cancelled worker to not succeed")
		                  ^
internal/worker/manager_test.go:273:27: `cancelled` is a misspelling of `canceled` (misspell)
	// All workers should be cancelled. List returns value snapshots, so
	                         ^
internal/worker/manager_test.go:278:42: `cancelled` is a misspelling of `canceled` (misspell)
			t.Errorf("worker %s status = %q, want cancelled", w.ID[:8], w.Status)
			                                      ^
internal/worker/worker.go:29:28: `cancelled` is a misspelling of `canceled` (misspell)
	StatusCancelled Status = "cancelled"
	                          ^
internal/workflow/executor.go:373:39: `cancelled` is a misspelling of `canceled` (misspell)
				return lastOut, fmt.Errorf("retry cancelled: %w", ctx.Err())
				                                  ^
internal/workflow/workflow.go:17:30: `cancelled` is a misspelling of `canceled` (misspell)
	StepCancelled StepStatus = "cancelled"
	                            ^
internal/workflow/workflow.go:83:28: `cancelled` is a misspelling of `canceled` (misspell)
	RunCancelled RunStatus = "cancelled"
	                          ^
internal/workflow/workflow_test.go:373:33: `cancelled` is a misspelling of `canceled` (misspell)
			t.Fatalf("expected failed or cancelled, got %s", state.Status)
			                             ^
internal/workflowrunner/launch.go:181:23: `cancelled` is a misspelling of `canceled` (misspell)
// elapses, or ctx is cancelled.
                      ^
internal/workflowrunner/launch.go:272:28: `cancelled` is a misspelling of `canceled` (misspell)
// caller-owned and may be cancelled for reasons entirely unrelated to
                           ^
internal/workflowrunner/launch_test.go:218:7: `cancelled` is a misspelling of `canceled` (misspell)
// be cancelled (for reasons unrelated to this subprocess) at the same
      ^
internal/workflowrunner/launch_test.go:238:29: `cancelled` is a misspelling of `canceled` (misspell)
			// context happens to be cancelled at the same instant for
			                         ^
internal/workflowrunner/launch_test.go:240:53: `cancelled` is a misspelling of `canceled` (misspell)
			name:         "clean exit despite a concurrently-cancelled parent ctx",
			                                                 ^
internal/workflowrunner/launch_test.go:259:30: `cancelled` is a misspelling of `canceled` (misspell)
			name:         "parent ctx cancelled with a real run error",
			                          ^
cmd/nanite/plugin_dev_cmd.go:117:4: error is not nil (line 115) but it returns nil (nilerr)
			return nil
			^
cmd/nanite/plugin_dev_cmd.go:128:4: error is not nil (line 126) but it returns nil (nilerr)
			return nil
			^
internal/api/autocomplete.go:65:4: error is not nil (line 63) but it returns nil (nilerr)
			return nil // skip errors
			^
internal/api/autocomplete.go:71:4: error is not nil (line 69) but it returns nil (nilerr)
			return nil
			^
internal/background/pty.go:344:3: error is not nil (line 340) but it returns nil (nilerr)
		return StatusCancelled, nil
		^
internal/builders/tools.go:157:3: error is not nil (line 148) but it returns nil (nilerr)
		return string(data), nil
		^
internal/builders/tools.go:179:4: error is not nil (line 168) but it returns nil (nilerr)
			return string(data), nil
			^
internal/chat/envelope_response_elicitation.go:73:3: error is not nil (line 71) but it returns nil (nilerr)
		return HandlerResult{
		^
internal/mcp/dev_tools.go:1021:4: error is not nil (line 1016) but it returns nil (nilerr)
			return nil
			^
internal/mcp/dev_tools.go:1033:4: error is not nil (line 1031) but it returns nil (nilerr)
			return nil
			^
internal/mcp/dev_tools.go:1039:5: error is not nil (line 1037) but it returns nil (nilerr)
				return nil
				^
internal/plugin/builtin/adapter-nanite-native/plugin.go:290:4: error is not nil (line 288) but it returns nil (nilerr)
			return nil // skip unreadable entries
			^
internal/plugin/builtin/adapter-nanite-native/plugin.go:337:4: error is not nil (line 335) but it returns nil (nilerr)
			return nil
			^
internal/selftools/self_tools_describe.go:44:3: error is not nil (line 39) but it returns nil (nilerr)
		return nil, nil
		^
internal/selftools/self_tools_list.go:294:3: error is not nil (line 289) but it returns nil (nilerr)
		return mcp.ErrorResult("tool_list: marshal result"), nil
		^
internal/selftools/self_tools_reminders_pins.go:34:4: error is not nil (line 32) but it returns nil (nilerr)
			return mcp.ErrorResult("trigger: failed to marshal: " + err.Error()), nil
			^
internal/selftools/self_tools_reminders_pins.go:43:3: error is not nil (line 42) but it returns nil (nilerr)
		return mcp.ErrorResult("trigger: " + err.Error()), nil
		^
internal/selftools/self_tools_schedule_create.go:176:3: error is not nil (line 174) but it returns nil (nilerr)
		return mcp.ErrorResult("schedule_create: " + err.Error()), nil
		^
internal/selftools/self_tools_whoami.go:52:3: error is not nil (line 48) but it returns nil (nilerr)
		return mcp.ErrorResult("whoami: " + err.Error()), nil
		^
internal/store/agents.go:1218:3: error is not nil (line 1216) but it returns nil (nilerr)
		return nil
		^
internal/subagent/service.go:1063:3: error is not nil (line 1061) but it returns nil (nilerr)
		return false, nil
		^
internal/tool/intent/broker.go:65:3: error is not nil (line 62) but it returns nil (nilerr)
		return llmResult, nil
		^
internal/agent/managed_section_atomicity_test.go:166:2: redefines-builtin-id: redefinition of the built-in function max (revive)
	const max = 200
	^
internal/agent/reflexes/evaluator.go:520:2: redefines-builtin-id: redefinition of the built-in function cap (revive)
	const cap = 1024
	^
internal/background/pty_test.go:78:2: redefines-builtin-id: redefinition of the built-in function cap (revive)
	cap := newCapture()
	^
internal/background/pty_test.go:111:2: redefines-builtin-id: redefinition of the built-in function cap (revive)
	cap := newCapture()
	^
internal/background/pty_test.go:137:2: redefines-builtin-id: redefinition of the built-in function cap (revive)
	cap := newCapture()
	^
internal/background/pty_test.go:203:2: redefines-builtin-id: redefinition of the built-in function cap (revive)
	cap := newCapture()
	^
internal/background/pty_test.go:238:2: redefines-builtin-id: redefinition of the built-in function cap (revive)
	cap := newCapture()
	^
internal/background/pty_test.go:273:2: redefines-builtin-id: redefinition of the built-in function cap (revive)
	cap := newCapture()
	^
internal/background/pty_test.go:301:2: redefines-builtin-id: redefinition of the built-in function cap (revive)
	cap := newCapture()
	^
internal/chat/tool_partition.go:99:2: redefines-builtin-id: redefinition of the built-in function cap (revive)
	cap int,
	^
internal/chat/tool_partition.go:102:3: redefines-builtin-id: redefinition of the built-in function cap (revive)
		cap = ToolEssentialCap
		^
internal/context/compaction.go:88:22: unexported-return: exported func DefaultStages returns unexported type []context.namedStage, which can be annoying to use (revive)
func DefaultStages() []namedStage {
                     ^
internal/contextbroker/gate_hadron_blueprints_test.go:248:2: var-naming: don't use underscores in Go names; var items_result should be itemsResult (revive)
	items_result, err := gate.Fetch(context.Background(), intent, 500)
	^
internal/inspector/service.go:60:23: redefines-builtin-id: redefinition of the built-in function cap (revive)
func newSessionBuffer(cap int) *sessionBuffer {
                      ^
internal/mcp/dev_tools.go:210:6: redefines-builtin-id: redefinition of the built-in function real (revive)
		if real, evalErr := filepath.EvalSymlinks(absRoot); evalErr == nil {
		   ^
internal/mcp/dev_tools.go:216:6: redefines-builtin-id: redefinition of the built-in function real (revive)
		if real, evalErr := filepath.EvalSymlinks(target); evalErr == nil {
		   ^
internal/mcp/dev_tools.go:312:5: redefines-builtin-id: redefinition of the built-in function real (revive)
	if real, evalErr := filepath.EvalSymlinks(target); evalErr == nil {
	   ^
internal/mcp/dev_tools.go:380:5: redefines-builtin-id: redefinition of the built-in function real (revive)
	if real, evalErr := filepath.EvalSymlinks(absRoot); evalErr == nil {
	   ^
internal/mcp/dev_tools.go:387:5: redefines-builtin-id: redefinition of the built-in function real (revive)
	if real, evalErr := filepath.EvalSymlinks(absTarget); evalErr == nil {
	   ^
internal/mcp/dev_tools.go:1268:26: redefines-builtin-id: redefinition of the built-in function cap (revive)
func capOutput(s string, cap int) string {
                         ^
internal/mcp/dev_tools_test.go:17:2: redefines-builtin-id: redefinition of the built-in function real (revive)
	real, err := filepath.EvalSymlinks(dir)
	^
internal/mcp/dev_tools_test.go:134:2: redefines-builtin-id: redefinition of the built-in function new (revive)
	new := filepath.Join(dir, "new.txt")
	^
internal/mcp/dev_tools_test.go:369:2: redefines-builtin-id: redefinition of the built-in function real (revive)
	real, err := filepath.EvalSymlinks(dir)
	^
internal/mcp/dev_tools_test.go:431:2: redefines-builtin-id: redefinition of the built-in function real (revive)
	real, err := filepath.EvalSymlinks(dir)
	^
internal/mcp/elicitation.go:87:4: unexported-return: exported func ElicitUserInput returns unexported type mcp.elicitationResponse, which can be annoying to use (revive)
) (elicitationResponse, error) {
   ^
internal/mcp/http_transport.go:99:3: redefines-builtin-id: redefinition of the built-in function copy (revive)
		copy := make(map[string]string, len(headers))
		^
internal/mcp/manager.go:639:9: indent-error-flow: if block ends with a return statement, so drop this else and outdent its block (move short variable declaration to its own line if necessary) (revive)
	} else {
		// (3) Collision — rewrite the incumbent into its disambiguated
		// slot, then place the newcomer in its own disambiguated slot.
		incumbentDisambig := DisambiguatedToolName(existing.serverName, existing.tool.Name)
		newcomerDisambig := DisambiguatedToolName(serverName, toolName)

		// Hard-collision guard: incumbent already has a same-shape slot,
		// or newcomer's disambiguated slot is taken by yet another tool.
		if _, taken := m.uniformIndex[incumbentDisambig]; taken {
			if existing.uniformName != incumbentDisambig {
				return ""
			}
		}
		if _, taken := m.uniformIndex[newcomerDisambig]; taken {
			return ""
		}

		// Rewrite the incumbent.
		delete(m.uniformIndex, bare)
		existing.uniformName = incumbentDisambig
		m.uniformIndex[incumbentDisambig] = existing
		slog.Warn("mcp: tool-name collision — disambiguated both servers",
			"name", bare,
			"incumbent_server", existing.serverName,
			"incumbent_uniform", incumbentDisambig,
			"newcomer_server", serverName,
			"newcomer_uniform", newcomerDisambig,
		)

		// Record collision warnings on each affected server.
		m.discoveryWarnings = append(m.discoveryWarnings, DiscoveryWarning{
			ServerName: existing.serverName,
			ToolName:   existing.tool.Name,
			Reason:     "uniform_name_collision_disambiguated",
		})
		m.discoveryWarnings = append(m.discoveryWarnings, DiscoveryWarning{
			ServerName: serverName,
			ToolName:   toolName,
			Reason:     "uniform_name_collision_disambiguated",
		})

		return newcomerDisambig
	}
internal/mcp/naming_test.go:357:2: redefines-builtin-id: redefinition of the built-in function real (revive)
	real := &fakeTieredTransport{
		tools:      []Tool{{Name: "dev_bash"}},
		resultText: "REAL-nanite-dev_bash",
	}
internal/mcp/naming_test.go:546:2: redefines-builtin-id: redefinition of the built-in function real (revive)
	real := &fakeTieredTransport{
		tools:      []Tool{{Name: "widget_render"}},
		resultText: "REAL-nanite-widget_render",
	}
internal/mcp/security_regression_test.go:451:2: redefines-builtin-id: redefinition of the built-in function real (revive)
	real, err := filepath.EvalSymlinks(dir)
	^
internal/mcp/stdio_transport.go:295:39: redefines-builtin-id: redefinition of the built-in function max (revive)
func readLineBounded(r *bufio.Reader, max int) ([]byte, error) {
                                      ^
internal/plugin/allplugins/allplugins.go:11:2: blank-imports: a blank import should be only in a main or test package, or have a comment justifying it (revive)
	_ "github.com/hollis-labs/nanite/internal/plugin/builtin/adapter-claude"
	^
internal/plugin/catalog/fetch.go:163:71: redefines-builtin-id: redefinition of the built-in function max (revive)
func fetchBytes(ctx context.Context, client *http.Client, url string, max int64) ([]byte, error) {
                                                                      ^
internal/plugin/config.go:135:2: var-naming: struct field HttpRoutes should be HTTPRoutes (revive)
	HttpRoutes    []HTTPRouteRegistration     `yaml:"http_routes"`
	^
internal/plugin/install/verify.go:101:2: redefines-builtin-id: redefinition of the built-in function max (revive)
	max := v.MaxArchiveBytes
	^
internal/plugin/install/verify.go:103:3: redefines-builtin-id: redefinition of the built-in function max (revive)
		max = DefaultMaxArchiveBytes
		^
internal/plugin/subprocess/transport.go:144:38: context-as-argument: context.Context should be the first parameter of a function (revive)
func CallResult[T any](t *Transport, ctx context.Context, method string, params any) (*T, error) {
                                     ^
internal/service/chat.go:586:154: context-as-argument: context.Context should be the first parameter of a function (revive)
func (s *chatServiceImpl) runGeneration(name, sessionID, assistantMsgID, userContent string, ch chan chat.StreamEvent, callerType dispatcher.CallerType, genCtx context.Context, cancel context.CancelFunc) {
                                                                                                                                                         ^
internal/service/chat_generate.go:3357:31: redefines-builtin-id: redefinition of the built-in function max (revive)
func truncateToRune(s string, max int) string {
                              ^
internal/service/chat_generate_failure_footer.go:214:30: redefines-builtin-id: redefinition of the built-in function max (revive)
func truncateRunes(s string, max int) string {
                             ^
internal/service/chat_loop_state.go:386:2: redefines-builtin-id: redefinition of the built-in function max (revive)
	max := ls.limits.maxTurns
	^
internal/service/chat_loop_state.go:469:2: redefines-builtin-id: redefinition of the built-in function cap (revive)
	cap := ls.limits.defaultPerToolCap
	^
internal/service/chat_loop_state.go:470:5: redefines-builtin-id: redefinition of the built-in function max (revive)
	if max, ok := ls.limits.perToolMax[toolName]; ok && max > 0 {
	   ^
internal/service/chat_loop_state.go:471:3: redefines-builtin-id: redefinition of the built-in function cap (revive)
		cap = max
		^
internal/service/chat_loop_state.go:508:2: redefines-builtin-id: redefinition of the built-in function cap (revive)
	cap := ls.limits.defaultPerToolCap
	^
internal/service/chat_loop_state.go:509:5: redefines-builtin-id: redefinition of the built-in function max (revive)
	if max, ok := ls.limits.perToolMax[toolName]; ok && max > 0 {
	   ^
internal/service/chat_loop_state.go:510:3: redefines-builtin-id: redefinition of the built-in function cap (revive)
		cap = max
		^
internal/service/chat_tool_executor_error_honesty_test.go:187:1: redefines-builtin-id: redefinition of the built-in function max (revive)
func max(a, b int) int {
	if a > b {
		return a
	}
	return b
}
internal/service/context_slot_fill_test.go:161:1: redefines-builtin-id: redefinition of the built-in function min (revive)
func min(a, b int) int {
	if a < b {
		return a
	}
	return b
}
internal/service/install/adapters.go:159:2: redefines-builtin-id: redefinition of the built-in type any (revive)
	any := false
	^
internal/service/install/adapters.go:169:4: redefines-builtin-id: redefinition of the built-in type any (revive)
			any = true
			^
internal/service/slot_stash_test.go:110:5: redefines-builtin-id: redefinition of the built-in function real (revive)
	if real, evalErr := filepath.EvalSymlinks(rootAbs); evalErr == nil {
	   ^
internal/service/slot_stash_test.go:114:5: redefines-builtin-id: redefinition of the built-in function real (revive)
	if real, evalErr := filepath.EvalSymlinks(targetAbs); evalErr == nil {
	   ^
internal/service/workflow_engine_flex_test.go:58:39: context-as-argument: context.Context should be the first parameter of a function (revive)
func makeFlexTeamMember(t *testing.T, ctx context.Context, s *store.Store, runID, slotName string) store.TeamRunMember {
                                      ^
internal/service/workflow_engine_flex_test.go:135:33: context-as-argument: context.Context should be the first parameter of a function (revive)
func memberStatus(t *testing.T, ctx context.Context, s *store.Store, id string) string {
                                ^
internal/skillvendor/store_test.go:158:5: redefines-builtin-id: redefinition of the built-in function real (revive)
	if real, evalErr := filepath.EvalSymlinks(rootAbs); evalErr == nil {
	   ^
internal/skillvendor/store_test.go:162:5: redefines-builtin-id: redefinition of the built-in function real (revive)
	if real, evalErr := filepath.EvalSymlinks(dirAbs); evalErr == nil {
	   ^
internal/store/store.go:15:2: blank-imports: a blank import should be only in a main or test package, or have a comment justifying it (revive)
	_ "modernc.org/sqlite"
	^
internal/subagent/service.go:1421:55: context-as-argument: context.Context should be the first parameter of a function (revive)
func classifyRunOutcome(runErr error, result *Result, runCtx context.Context) string {
                                                      ^
internal/subagent/service_fanout_test.go:81:45: context-as-argument: context.Context should be the first parameter of a function (revive)
func spawnAsync(t *testing.T, svc *Service, ctx context.Context, n int) <-chan string {
                                            ^
internal/subagent/service_test.go:49:2: redefines-builtin-id: redefinition of the built-in function copy (revive)
	copy := in
	^
internal/subagent/service_test.go:1072:2: redefines-builtin-id: redefinition of the built-in function real (revive)
	real, err := st.GetAgent("blt-worker-001")
	^
internal/tool/yaml_loader_test.go:59:7: var-naming: don't use underscores in Go names; const testYAMLInvalid_NoName should be testYAMLInvalidNoName (revive)
const testYAMLInvalid_NoName = `
      ^
internal/tool/yaml_loader_test.go:66:7: var-naming: don't use underscores in Go names; const testYAMLInvalid_BadType should be testYAMLInvalidBadType (revive)
const testYAMLInvalid_BadType = `
      ^
internal/worker/manager.go:56:2: redefines-builtin-id: redefinition of the built-in function max (revive)
	max := cfg.MaxConcurrentWorkers
	^
internal/worker/manager.go:58:3: redefines-builtin-id: redefinition of the built-in function max (revive)
		max = 5
		^
internal/workflow/store.go:29:18: redefines-builtin-id: redefinition of the built-in function cap (revive)
func NewRunStore(cap int) *RunStore {
                 ^
internal/workflow/store.go:31:3: redefines-builtin-id: redefinition of the built-in function cap (revive)
		cap = 50
		^
internal/agent/reflexes/types.go:146:1: ST1021: comment on exported type AppliedActions should be of the form "AppliedActions ..." (with optional leading article) (staticcheck)
// staged actions returned by Engine.Evaluate.
^
internal/api/types.go:21:1: ST1021: comment on exported type ForkSessionRequest should be of the form "ForkSessionRequest ..." (with optional leading article) (staticcheck)
// Phase 0 item 21 ("Cut Modes, in full") removed this file's ModeID field
^
internal/chat/commands.go:149:3: QF1012: Use fmt.Fprintf(...) instead of WriteString(fmt.Sprintf(...)) (staticcheck)
		b.WriteString(fmt.Sprintf("**%s**\n", title))
		^
internal/chat/commands.go:151:4: QF1012: Use fmt.Fprintf(...) instead of WriteString(fmt.Sprintf(...)) (staticcheck)
			b.WriteString(fmt.Sprintf("  `/%s` — %s\n", cmd.Name, cmd.Description))
			^
internal/chat/commands_builtin.go:61:3: QF1012: Use fmt.Fprintf(...) instead of WriteString(fmt.Sprintf(...)) (staticcheck)
		b.WriteString(fmt.Sprintf("**Session:** %s", sess.ShortCode))
		^
internal/chat/commands_builtin.go:63:4: QF1012: Use fmt.Fprintf(...) instead of WriteString(fmt.Sprintf(...)) (staticcheck)
			b.WriteString(fmt.Sprintf(" — %s", sess.Title))
			^
internal/chat/commands_builtin.go:68:4: QF1012: Use fmt.Fprintf(...) instead of WriteString(fmt.Sprintf(...)) (staticcheck)
			b.WriteString(fmt.Sprintf("**Provider:** %s\n", sess.Provider))
			^
internal/chat/commands_builtin.go:71:4: QF1012: Use fmt.Fprintf(...) instead of WriteString(fmt.Sprintf(...)) (staticcheck)
			b.WriteString(fmt.Sprintf("**Model:** %s\n", sess.Model))
			^
internal/chat/commands_builtin.go:73:3: QF1012: Use fmt.Fprintf(...) instead of WriteString(fmt.Sprintf(...)) (staticcheck)
		b.WriteString(fmt.Sprintf("**Status:** %s\n", sess.Status))
		^
internal/chat/commands_builtin.go:74:3: QF1012: Use fmt.Fprintf(...) instead of WriteString(fmt.Sprintf(...)) (staticcheck)
		b.WriteString(fmt.Sprintf("**Messages:** %d\n", sess.MessageCount))
		^
internal/chat/commands_builtin.go:79:5: QF1012: Use fmt.Fprintf(...) instead of WriteString(fmt.Sprintf(...)) (staticcheck)
				b.WriteString(fmt.Sprintf("**Agent:** %s", agent.Name))
				^
internal/chat/commands_builtin.go:81:6: QF1012: Use fmt.Fprintf(...) instead of WriteString(fmt.Sprintf(...)) (staticcheck)
					b.WriteString(fmt.Sprintf(" (mode: %s)", sa.Mode))
					^
internal/chat/commands_builtin.go:89:4: QF1012: Use fmt.Fprintf(...) instead of WriteString(fmt.Sprintf(...)) (staticcheck)
			b.WriteString(fmt.Sprintf("\n**Token Usage**\n"))
			^
internal/chat/commands_builtin.go:89:18: S1039: unnecessary use of fmt.Sprintf (staticcheck)
			b.WriteString(fmt.Sprintf("\n**Token Usage**\n"))
			              ^
internal/chat/commands_builtin.go:90:4: QF1012: Use fmt.Fprintf(...) instead of WriteString(fmt.Sprintf(...)) (staticcheck)
			b.WriteString(fmt.Sprintf("  Input: %d | Output: %d | Total: %d\n",
			^
internal/chat/commands_builtin.go:93:5: QF1012: Use fmt.Fprintf(...) instead of WriteString(fmt.Sprintf(...)) (staticcheck)
				b.WriteString(fmt.Sprintf("  Cache read: %d | Cache created: %d\n",
				^
internal/chat/commands_builtin.go:97:5: QF1012: Use fmt.Fprintf(...) instead of WriteString(fmt.Sprintf(...)) (staticcheck)
				b.WriteString(fmt.Sprintf("  Estimated cost: $%.4f\n", usage.EstimatedCostUSD))
				^
internal/chat/commands_builtin.go:101:3: QF1012: Use fmt.Fprintf(...) instead of WriteString(fmt.Sprintf(...)) (staticcheck)
		b.WriteString(fmt.Sprintf("\n**Created:** %s\n", sess.CreatedAt))
		^
internal/chat/commands_builtin.go:120:6: QF1012: Use fmt.Fprintf(...) instead of WriteString(fmt.Sprintf(...)) (staticcheck)
					b.WriteString(fmt.Sprintf("- **%s** — not available\n", name))
					^
internal/chat/commands_builtin.go:141:5: QF1012: Use fmt.Fprintf(...) instead of WriteString(fmt.Sprintf(...)) (staticcheck)
				b.WriteString(fmt.Sprintf("- **%s**%s\n", name, featureStr))
				^
internal/chat/commands_builtin.go:147:4: QF1012: Use fmt.Fprintf(...) instead of WriteString(fmt.Sprintf(...)) (staticcheck)
			b.WriteString(fmt.Sprintf("\n**Configured Providers** (%d total)\n", len(dbProviders)))
			^
internal/chat/commands_builtin.go:153:5: QF1012: Use fmt.Fprintf(...) instead of WriteString(fmt.Sprintf(...)) (staticcheck)
				b.WriteString(fmt.Sprintf("- %s (%s) — %s\n", p.Name, p.ProviderType, status))
				^
internal/chat/commands_builtin.go:182:3: QF1012: Use fmt.Fprintf(...) instead of WriteString(fmt.Sprintf(...)) (staticcheck)
		b.WriteString(fmt.Sprintf("# %s\n\n", title))
		^
internal/chat/commands_builtin.go:183:3: QF1012: Use fmt.Fprintf(...) instead of WriteString(fmt.Sprintf(...)) (staticcheck)
		b.WriteString(fmt.Sprintf("**Session:** %s | **Model:** %s | **Provider:** %s\n",
		^
internal/chat/commands_builtin.go:185:3: QF1012: Use fmt.Fprintf(...) instead of WriteString(fmt.Sprintf(...)) (staticcheck)
		b.WriteString(fmt.Sprintf("**Created:** %s | **Messages:** %d\n\n---\n\n",
		^
internal/chat/commands_builtin.go:200:4: QF1012: Use fmt.Fprintf(...) instead of WriteString(fmt.Sprintf(...)) (staticcheck)
			b.WriteString(fmt.Sprintf("### %s\n\n%s\n\n", role, msg.Content))
			^
internal/chat/commands_builtin.go:224:3: QF1012: Use fmt.Fprintf(...) instead of WriteString(fmt.Sprintf(...)) (staticcheck)
		b.WriteString(fmt.Sprintf("**Search: \"%s\"** — %d result(s)\n\n", query, len(results)))
		^
internal/chat/commands_builtin.go:230:4: QF1012: Use fmt.Fprintf(...) instead of WriteString(fmt.Sprintf(...)) (staticcheck)
			b.WriteString(fmt.Sprintf("- **[%s]** %s — _%s_\n  > %s\n\n",
			^
internal/chat/proctrack_test.go:301:2: SA9003: empty branch (staticcheck)
	if !isProcessDone(&os.PathError{Op: "os", Err: os.ErrProcessDone}) {
	^
internal/classify/route.go:369:9: QF1001: could apply De Morgan's law (staticcheck)
	return !(isWordRune(prev) && isWordRune(next))
	       ^
internal/context/window.go:139:25: QF1001: could apply De Morgan's law (staticcheck)
		if s.Content == "" && !(s.Flags.LazyLoad && s.Flags.LoadHint != "") {
		                      ^
internal/contextbroker/gate_hadron_blueprints_test.go:248:2: ST1003: should not use underscores in Go names; var items_result should be itemsResult (staticcheck)
	items_result, err := gate.Fetch(context.Background(), intent, 500)
	^
internal/contextbroker/source_memory.go:200:2: QF1012: Use fmt.Fprintf(...) instead of WriteString(fmt.Sprintf(...)) (staticcheck)
	sb.WriteString(fmt.Sprintf("**%s** (%s)", m.Summary, m.Origin))
	^
internal/contextbroker/source_memory.go:206:3: QF1012: Use fmt.Fprintf(...) instead of WriteString(fmt.Sprintf(...)) (staticcheck)
		sb.WriteString(fmt.Sprintf("\nTags: %s", strings.Join(m.Tags, ", ")))
		^
internal/executor/envelope_render/bench_test.go:1:9: ST1003: should not use underscores in package names (staticcheck)
package envelope_render
        ^
internal/executor/envelope_render/executor.go:18:9: ST1003: should not use underscores in package names (staticcheck)
package envelope_render
        ^
internal/executor/envelope_render/executor_test.go:1:9: ST1003: should not use underscores in package names (staticcheck)
package envelope_render
        ^
internal/llm/anthropic/client.go:99:4: SA1019: llmcontracts.CacheableProvider is deprecated: storing hints on the provider mutates shared state and races under concurrent callers — one session's SetCacheHints can wipe another's hints between assignment and read, producing requests without cache_control markers and degenerate echoed turns. Set hints on the per-call request via llmtypes.ChatRequest.CacheHints instead. Providers should read req.CacheHints when building each request. (staticcheck)
	_ llmcontracts.CacheableProvider = (*Client)(nil)
	  ^
internal/llm/anthropic/client_test.go:19:8: SA1019: llmcontracts.CacheableProvider is deprecated: storing hints on the provider mutates shared state and races under concurrent callers — one session's SetCacheHints can wipe another's hints between assignment and read, producing requests without cache_control markers and degenerate echoed turns. Set hints on the per-call request via llmtypes.ChatRequest.CacheHints instead. Providers should read req.CacheHints when building each request. (staticcheck)
	var _ llmcontracts.CacheableProvider = c
	      ^
internal/mcp/dev_tools.go:1275:1: ST1020: comment on exported function IntArg should be of the form "IntArg ..." (staticcheck)
// IntArg, TextResult, and ErrorResult are shared MCP tool-call helpers used
^
internal/mcp/general_tools.go:692:2: QF1003: could use tagged switch on expr[0] (staticcheck)
	if expr[0] == '+' {
	^
internal/messaging/caller_test.go:98:28: SA1012: do not pass a nil Context, even if a function permits it; pass context.TODO if you are unsure about which Context to use (staticcheck)
	if _, ok := CallerFromCtx(nil); ok {
	                          ^
internal/messaging/service.go:22:1: ST1021: comment on exported type NotificationSink should be of the form "NotificationSink ..." (with optional leading article) (staticcheck)
// Service coordinates messaging validation, persistence, subscriber
^
internal/permission/derivation_test.go:522:37: QF1011: could omit type int from declaration; it will be inferred from the right-hand side (staticcheck)
	var firstAsk, firstAllow, lastDeny int = -1, -1, -1
	                                   ^
internal/permission/path_grants.go:644:3: QF1002: could use tagged switch on p (staticcheck)
		switch {
		^
internal/plugin/config.go:135:2: ST1003: struct field HttpRoutes should be HTTPRoutes (staticcheck)
	HttpRoutes    []HTTPRouteRegistration     `yaml:"http_routes"`
	^
internal/plugin/crud.go:124:10: SA1019: plugin.PluginError is deprecated: use Error directly. This alias will be removed in a future release. (staticcheck)
	var pe *plugin.PluginError
	        ^
internal/plugin/install/extract.go:162:21: SA1019: tar.TypeRegA has been deprecated since Go 1.11 and an alternative has been available since Go 1.1: Use TypeReg instead. (staticcheck)
		case tar.TypeReg, tar.TypeRegA:
		                  ^
internal/plugin/registrations.go:206:1: ST1020: comment on exported function ApplyManifestRegistrations should be of the form "ApplyManifestRegistrations ..." (staticcheck)
// applyManifestRegistrations iterates manifest.Registers.* and performs the
^
internal/plugin/subprocess/plugin_test.go:279:23: SA1019: plugin.PluginError is deprecated: use Error directly. This alias will be removed in a future release. (staticcheck)
			pe, ok := result.(*plugin.PluginError)
			                   ^
internal/plugin/subprocess/protocol.go:57:2: ST1021: comment on exported type MCPCallRequest should be of the form "MCPCallRequest ..." (with optional leading article) (staticcheck)
	// B.10: new wire types for host->plugin methods beyond the
	^
internal/plugin/types.go:7:1: ST1021: comment on exported type UISlotName should be of the form "UISlotName ..." (with optional leading article) (staticcheck)
// Re-export Nanite-specific UI plugin types so existing callers in this
^
internal/recovery/broker/broker.go:56:2: SA9003: empty branch (staticcheck)
	if deps.AgentBoot == nil {
	^
internal/recovery/pack/pack.go:110:3: QF1012: Use fmt.Fprintf(...) instead of WriteString(fmt.Sprintf(...)) (staticcheck)
		b.WriteString(fmt.Sprintf("The full pack is also at `%s` — reread it if you need more. ", in.PackPath))
		^
internal/recovery/pack/pack.go:117:4: QF1012: Use fmt.Fprintf(...) instead of WriteString(fmt.Sprintf(...)) (staticcheck)
			b.WriteString(fmt.Sprintf("- Title: %s\n", name))
			^
internal/recovery/pack/pack.go:120:4: QF1012: Use fmt.Fprintf(...) instead of WriteString(fmt.Sprintf(...)) (staticcheck)
			b.WriteString(fmt.Sprintf("- Provider/model: %s / %s\n", in.Session.Provider, in.Session.Model))
			^
internal/recovery/pack/pack.go:124:3: QF1012: Use fmt.Fprintf(...) instead of WriteString(fmt.Sprintf(...)) (staticcheck)
		b.WriteString(fmt.Sprintf("- Agent: %s\n", in.Agent.Name))
		^
internal/recovery/pack/pack.go:127:3: QF1012: Use fmt.Fprintf(...) instead of WriteString(fmt.Sprintf(...)) (staticcheck)
		b.WriteString(fmt.Sprintf("- Recovery reason: %s\n", in.Reason))
		^
internal/recovery/pack/pack.go:140:4: QF1012: Use fmt.Fprintf(...) instead of WriteString(fmt.Sprintf(...)) (staticcheck)
			b.WriteString(fmt.Sprintf("**%s:** %s\n\n", m.Role, text))
			^
internal/runtime/agent/prompt_test.go:33:5: QF1001: could apply De Morgan's law (staticcheck)
	if !(idxProfile < idxRole && idxRole < idxMode) {
	   ^
internal/selftools/self_tools_describe_test.go:212:2: SA9003: empty branch (staticcheck)
	if got[0] >= got[1] && got[1] >= got[2] {
	^
internal/selftools/self_tools_reminders_pins.go:26:2: S1005: unnecessary assignment to the blank identifier (staticcheck)
	triggerRaw, _ := args["trigger"]
	^
internal/selftools/self_tools_show_sources_turn_test.go:143:42: SA1012: do not pass a nil Context, even if a function permits it; pass context.TODO if you are unsure about which Context to use (staticcheck)
	if got := mcp.TurnToolUseIDsFromContext(nil); got != nil {
	                                        ^
internal/service/chat_generate_no_max_time_seconds_test.go:159:7: QF1001: could apply De Morgan's law (staticcheck)
			if !(pkgIdent.Name == "context" && sel.Sel.Name == "WithTimeout") {
			   ^
internal/service/chat_tool_executor.go:981:2: QF1012: Use fmt.Fprintf(...) instead of WriteString(fmt.Sprintf(...)) (staticcheck)
	sb.WriteString(fmt.Sprintf("Found %d match(es) for %q in cached result %s:\n\n", len(matches), pattern, id))
	^
internal/service/chat_tool_executor.go:983:3: QF1012: Use fmt.Fprintf(...) instead of WriteString(fmt.Sprintf(...)) (staticcheck)
		sb.WriteString(fmt.Sprintf("--- Match %d (line %d) ---\n%s\n\n", i+1, m.LineStart, m.Context))
		^
internal/service/context_overflow_recovery_test.go:91:28: S1019: should use make(chan struct{}) instead (staticcheck)
	ch := make(chan struct{}, 0) // unused
	                          ^
internal/service/ingest.go:288:6: QF1001: could apply De Morgan's law (staticcheck)
		if !(bootPass && existing.Source == profile.Source) {
		   ^
internal/service/store.go:244:1: ST1021: comment on exported type EnvelopeStore should be of the form "EnvelopeStore ..." (with optional leading article) (staticcheck)
// Store is the composite interface satisfied by *store.Store.
^
internal/service/tool.go:194:4: SA4006: this value of seen is never used (staticcheck)
			allTools, seen = s.discoverAgentMCPTools(ctx, agent.MCPServers, allTools, seen)
			^
internal/subagent/retry_lifecycle_test.go:258:4: QF1008: could remove embedded field "Int32" from selector (staticcheck)
	r.Int32.Add(1)
	  ^
internal/subagent/retry_lifecycle_test.go:282:19: QF1008: could remove embedded field "Int32" from selector (staticcheck)
	if got := runner.Int32.Load(); got != 1 {
	                 ^
internal/task/backend.go:18:1: ST1022: comment on exported const BackendLocal should be of the form "BackendLocal ..." (staticcheck)
// BackendName is the well-known name for the built-in local backend.
^
internal/tool/yaml_loader_test.go:59:7: ST1003: should not use underscores in Go names; const testYAMLInvalid_NoName should be testYAMLInvalidNoName (staticcheck)
const testYAMLInvalid_NoName = `
      ^
internal/tool/yaml_loader_test.go:66:7: ST1003: should not use underscores in Go names; const testYAMLInvalid_BadType should be testYAMLInvalidBadType (staticcheck)
const testYAMLInvalid_BadType = `
      ^
internal/toolclient/skills_test.go:20:3: QF1002: could use tagged switch on skills[i].Pattern (staticcheck)
		switch {
		^
internal/workspace/walkup_test.go:92:5: QF1001: could apply De Morgan's law (staticcheck)
	if !(idxL2 < idxL1 && idxL1 < idxRoot) {
	   ^
internal/workspace/walkup_test.go:198:5: QF1001: could apply De Morgan's law (staticcheck)
	if !(idxAgents < idxClaude && idxClaude < idxNanite && idxNanite < idxRules) {
	   ^
internal/llm/openai/embed.go:58:28: unnecessary conversion (unconvert)
		Model: sdk.EmbeddingModel(model),
		                         ^
internal/llm/openai/embed.go:84:28: unnecessary conversion (unconvert)
		Model: sdk.EmbeddingModel(model),
		                         ^
internal/plugin/subprocess/transport_test.go:64:26: unnecessary conversion (unconvert)
			return json.RawMessage(params), nil
			                      ^
cmd/nanite/message_cmd.go:382:69: newMessagingServiceForCLI - result 1 (error) is always nil (unparam)
func newMessagingServiceForCLI(s *store.Store) (*messaging.Service, error) {
                                                                    ^
cmd/nanite/path.go:29:14: cmdPath - args is unused (unparam)
func cmdPath(args []string) {
             ^
cmd/nanite/plugin_install_flow.go:102:84: buildInstaller - result 2 (*github.com/hollis-labs/nanite/internal/plugin/install.DirStaging) is never used (unparam)
func buildInstaller(emit install.EventFunc) (*install.Installer, *catalog.KeyRing, *install.DirStaging) {
                                                                                   ^
internal/api/skills.go:16:30: (*API).devModeEnabled - r is unused (unparam)
func (a *API) devModeEnabled(r *http.Request) bool {
                             ^
internal/context/compaction.go:466:53: serializeMessages - est is unused (unparam)
func serializeMessages(msgs []llmtypes.ChatMessage, est TokenEstimator) string {
                                                    ^
internal/plugin/loader.go:330:34: parseEntrypoint - pluginDir is unused (unparam)
func parseEntrypoint(entrypoint, pluginDir string) (string, []string) {
                                 ^
internal/runtime/agent/factory.go:74:51: shouldUsePTY - result 0 (bool) is always false (unparam)
func shouldUsePTY(providerName string, mode Mode) bool {
                                                  ^
internal/sandbox/exec.go:217:49: runCmd - timeout is unused (unparam)
func runCmd(ctx context.Context, cmd *exec.Cmd, timeout time.Duration) (*ExecResult, error) {
                                                ^
internal/scheduler/retrying_runner.go:444:47: (*RetryingRunner).emitExhaustionNotice - ctx is unused (unparam)
func (r *RetryingRunner) emitExhaustionNotice(ctx context.Context, job gosched.Job, onFail string) {
                                              ^
internal/selftools/self_tools_chat_search.go:306:43: (*SelfToolsTransport).callChatGet - ctx is unused (unparam)
func (st *SelfToolsTransport) callChatGet(ctx context.Context, args map[string]any) (*mcp.ToolResult, error) {
                                          ^
internal/selftools/self_tools_dispatch.go:327:90: (*SelfToolsTransport).matchDispatchToAgentReflex - turnID is unused (unparam)
func (st *SelfToolsTransport) matchDispatchToAgentReflex(ctx context.Context, sessionID, turnID, agentProfileID, message, dispatchMessage string) *dispatch.ReflexHints {
                                                                                         ^
internal/selftools/self_tools_transport.go:669:46: (*SelfToolsTransport).callListAgents - args is unused (unparam)
func (st *SelfToolsTransport) callListAgents(args map[string]any) (*mcp.ToolResult, error) {
                                             ^
internal/selftools/self_tools_transport.go:791:49: (*SelfToolsTransport).callRefreshEngine - args is unused (unparam)
func (st *SelfToolsTransport) callRefreshEngine(args map[string]any) (*mcp.ToolResult, error) {
                                                ^
internal/selftools/self_tools_whoami.go:41:66: (*SelfToolsTransport).executeWhoami - args is unused (unparam)
func (st *SelfToolsTransport) executeWhoami(ctx context.Context, args map[string]any) (*mcp.ToolResult, error) {
                                                                 ^
internal/service/a2a_task_manager.go:489:46: (*TaskManager).deriveFromWorkflowRun - ctx is unused (unparam)
func (tm *TaskManager) deriveFromWorkflowRun(ctx context.Context, runID string) a2a.TaskState {
                                             ^
internal/service/a2a_task_manager.go:535:50: (*TaskManager).deriveFromDurableInstance - ctx is unused (unparam)
func (tm *TaskManager) deriveFromDurableInstance(ctx context.Context, instanceID string) a2a.TaskState {
                                                 ^
internal/service/chat_tool_executor.go:79:2: (*chatServiceImpl).preCheckTools - tools is unused (unparam)
	tools []llmtypes.ToolDefinition,
	^
internal/service/chat_tool_executor.go:642:2: (*chatServiceImpl).postProcessToolResults - ctx is unused (unparam)
	ctx context.Context,
	^
internal/service/durable_agent_recipes.go:1256:22: recipePathInput - id always receives "work_root" (unparam)
func recipePathInput(id, label, mapsTo string, required bool, placeholder string) DurableAgentRecipeInput {
                     ^
internal/service/durable_agent_recipes.go:1256:26: recipePathInput - label always receives "Work root" (unparam)
func recipePathInput(id, label, mapsTo string, required bool, placeholder string) DurableAgentRecipeInput {
                         ^
internal/service/durable_agent_recipes.go:1256:33: recipePathInput - mapsTo always receives "durable_agent.work_root" (unparam)
func recipePathInput(id, label, mapsTo string, required bool, placeholder string) DurableAgentRecipeInput {
                                ^
internal/service/durable_agent_recipes.go:1256:48: recipePathInput - required always receives false (unparam)
func recipePathInput(id, label, mapsTo string, required bool, placeholder string) DurableAgentRecipeInput {
                                               ^
internal/service/durable_agent_recipes.go:1279:25: recipeProfileInput - required always receives true (unparam)
func recipeProfileInput(required bool) DurableAgentRecipeInput {
                        ^
internal/service/durable_agent_recipes.go:1290:26: recipeProviderInput - required always receives false (unparam)
func recipeProviderInput(required bool, defaultValue string) DurableAgentRecipeInput {
                         ^
internal/service/durable_agent_recipes.go:1301:23: recipeModelInput - required always receives false (unparam)
func recipeModelInput(required bool, defaultValue string) DurableAgentRecipeInput {
                      ^
internal/service/durable_agent_recipes.go:1312:29: recipeRuntimeKindInput - required always receives false (unparam)
func recipeRuntimeKindInput(required bool, defaultValue string) DurableAgentRecipeInput {
                            ^
internal/service/handoff_glass4_fallback.go:45:4: (*chatServiceImpl).ensureGlass4HandoffPreCompact - result 0 (string) is never used (unparam)
) (string, error) {
   ^
internal/service/subagent_runner.go:470:41: (*ChatRunner).createChildSession - ctx is unused (unparam)
func (r *ChatRunner) createChildSession(ctx context.Context, run *subagent.Run, agent *store.AgentProfile) (string, error) {
                                        ^
internal/service/subagent_runner_boot.go:38:72: drainBootSession - result envelope is always "{}" (unparam)
func drainBootSession(ch <-chan llmtypes.StreamEvent) (summary string, envelope string, err error) {
                                                                       ^
internal/service/subagent_runner_boot.go:305:41: (*BootRunner).createChildSession - ctx is unused (unparam)
func (r *BootRunner) createChildSession(ctx context.Context, run *subagent.Run, agent *store.AgentProfile) (string, error) {
                                        ^
internal/service/team_run_launcher.go:640:46: (*TeamRunLauncher).resolveFreshMember - ctx is unused (unparam)
func (l *TeamRunLauncher) resolveFreshMember(ctx context.Context, slot store.TeamSlotDefinition, overrides TeamRunOverrides) (string, string, error) {
                                             ^
internal/subagent/service.go:1857:44: (*Service).persistRetryCheckpoint - parentCtx is unused (unparam)
func (svc *Service) persistRetryCheckpoint(parentCtx context.Context, run *Run) error {
                                           ^
internal/tool/intent/llm.go:98:64: parseLLMResponse - result 1 (error) is always nil (unparam)
func parseLLMResponse(raw string, available []string) (Result, error) {
                                                               ^
internal/tool/register.go:60:47: classifyExisting - result source is always "builtin" (unparam)
func classifyExisting(name string) (category, source string, tags []string) {
                                              ^
internal/toolclient/broker.go:291:142: (*ToolClient).selectToolsUncapped - result err is always nil (unparam)
func (tb *ToolClient) selectToolsUncapped(_ context.Context, _ string, _ []string, _, _ string) (tools []llmtypes.ToolDefinition, total int, err error) {
                                                                                                                                             ^
cmd/nanite/plugin_install_flow.go:55:6: type localDirSource is unused (unused)
type localDirSource struct {
     ^
cmd/nanite/plugin_install_flow.go:60:26: func (*localDirSource).PluginID is unused (unused)
func (s *localDirSource) PluginID() string { return s.id }
                         ^
cmd/nanite/plugin_install_flow.go:61:26: func (*localDirSource).Download is unused (unused)
func (s *localDirSource) Download(ctx context.Context, stagingDir string, emit install.EventFunc) (install.Handle, error) {
                         ^
cmd/nanite/plugin_install_flow.go:143:6: func installLocalFromStateMachine is unused (unused)
func installLocalFromStateMachine(ctx context.Context, absSrc, pluginID string) (string, error) {
     ^
internal/api/catalog.go:465:6: func checksumFile is unused (unused)
func checksumFile(path string) (string, error) {
     ^
internal/background/pty.go:106:6: func newPTYBackendForTest is unused (unused)
func newPTYBackendForTest(factory commandFactory) *PTYBackend {
     ^
internal/inspector/service.go:16:2: const dropFull is unused (unused)
	dropFull = "drop"
	^
internal/mcp/elicitation.go:216:6: func elicitationTimeoutSeconds is unused (unused)
func elicitationTimeoutSeconds() int {
     ^
internal/plugin/builtin/adapter-nanite-native/plugin.go:436:6: func dirExists is unused (unused)
func dirExists(path string) bool {
     ^
internal/plugin/host.go:869:16: func (*Host).recordConnectorFailure is unused (unused)
func (h *Host) recordConnectorFailure(name string) {
               ^
internal/plugin/host.go:883:16: func (*Host).recordConnectorSuccess is unused (unused)
func (h *Host) recordConnectorSuccess(name string) {
               ^
internal/plugin/panels.go:52:25: func (*panelRegistry).registerBuiltin is unused (unused)
func (r *panelRegistry) registerBuiltin(entry PanelEntry) {
                        ^
internal/plugin/subprocess/plugin_test.go:17:6: type fakeHost is unused (unused)
type fakeHost struct {
     ^
internal/plugin/subprocess/plugin_test.go:25:6: func newFakeHost is unused (unused)
func newFakeHost() *fakeHost {
     ^
internal/plugin/subprocess/plugin_test.go:32:20: func (*fakeHost).GetPlugin is unused (unused)
func (h *fakeHost) GetPlugin(id string) (plugin.Plugin, bool)             { return nil, false }
                   ^
internal/plugin/subprocess/plugin_test.go:33:20: func (*fakeHost).RegisterCRUDHandler is unused (unused)
func (h *fakeHost) RegisterCRUDHandler(rt string, hh plugin.CRUDHandler) error {
                   ^
internal/plugin/subprocess/plugin_test.go:37:20: func (*fakeHost).RegisterEventHook is unused (unused)
func (h *fakeHost) RegisterEventHook(types []string, hook plugin.EventHook) error {
                   ^
internal/plugin/subprocess/plugin_test.go:41:20: func (*fakeHost).RegisterUIComponent is unused (unused)
func (h *fakeHost) RegisterUIComponent(c plugin.UIComponent) error {
                   ^
internal/plugin/subprocess/plugin_test.go:45:20: func (*fakeHost).GetService is unused (unused)
func (h *fakeHost) GetService(name string) (interface{}, error) { return nil, nil }
                   ^
internal/plugin/subprocess/plugin_test.go:46:20: func (*fakeHost).GetConfig is unused (unused)
func (h *fakeHost) GetConfig(key string) (string, error)        { return "", nil }
                   ^
internal/plugin/subprocess/plugin_test.go:47:20: func (*fakeHost).SetConfig is unused (unused)
func (h *fakeHost) SetConfig(key, value string) error           { return nil }
                   ^
internal/plugin/subprocess/plugin_test.go:48:20: func (*fakeHost).RegisterConfigSchema is unused (unused)
func (h *fakeHost) RegisterConfigSchema(fields []plugin.ConfigFieldDef) error {
                   ^
internal/plugin/subprocess/plugin_test.go:52:20: func (*fakeHost).RegisterConnector is unused (unused)
func (h *fakeHost) RegisterConnector(name string, c plugin.Connector) error { return nil }
                   ^
internal/plugin/subprocess/plugin_test.go:53:20: func (*fakeHost).RegisterProvider is unused (unused)
func (h *fakeHost) RegisterProvider(name string, p interface{}) error       { return nil }
                   ^
internal/plugin/subprocess/plugin_test.go:54:20: func (*fakeHost).RegisterCLIAdapter is unused (unused)
func (h *fakeHost) RegisterCLIAdapter(name string, a interface{}) error     { return nil }
                   ^
internal/plugin/subprocess/plugin_test.go:55:20: func (*fakeHost).Logger is unused (unused)
func (h *fakeHost) Logger() plugin.Logger        { return h.logger }
                   ^
internal/plugin/subprocess/plugin_test.go:56:20: func (*fakeHost).Context is unused (unused)
func (h *fakeHost) Context() context.Context      { return context.Background() }
                   ^
internal/plugin/subprocess/plugin_test.go:58:6: type nopLogger is unused (unused)
type nopLogger struct{}
     ^
internal/plugin/subprocess/plugin_test.go:60:21: func (*nopLogger).Debug is unused (unused)
func (l *nopLogger) Debug(msg string, kv ...interface{}) {}
                    ^
internal/plugin/subprocess/plugin_test.go:61:21: func (*nopLogger).Info is unused (unused)
func (l *nopLogger) Info(msg string, kv ...interface{})  {}
                    ^
internal/plugin/subprocess/plugin_test.go:62:21: func (*nopLogger).Warn is unused (unused)
func (l *nopLogger) Warn(msg string, kv ...interface{})  {}
                    ^
internal/plugin/subprocess/plugin_test.go:63:21: func (*nopLogger).Error is unused (unused)
func (l *nopLogger) Error(msg string, kv ...interface{}) {}
                    ^
internal/plugin/subprocess/plugin_test.go:64:21: func (*nopLogger).With is unused (unused)
func (l *nopLogger) With(kv ...interface{}) plugin.Logger { return l }
                    ^
internal/service/chat_test.go:94:6: type stubContextService is unused (unused)
type stubContextService struct{}
     ^
internal/service/chat_test.go:96:30: func (*stubContextService).PruneAfterTurn is unused (unused)
func (s *stubContextService) PruneAfterTurn(_ context.Context, _ string) error { return nil }
                             ^
internal/service/chat_tool_executor.go:60:6: type toolExecContext is unused (unused)
type toolExecContext struct {
     ^
internal/service/stream.go:351:7: const defaultPostCompletionGrace is unused (unused)
const defaultPostCompletionGrace = 60 * time.Second
      ^
internal/service/tool_arg_validate.go:30:24: func (*argValidator).invalidate is unused (unused)
func (v *argValidator) invalidate(toolNames []string) {
                       ^
internal/service/tool_test.go:17:6: type stubMCPManager is unused (unused)
type stubMCPManager struct {
     ^
internal/service/tool_test.go:23:26: func (*stubMCPManager).ExecuteTool is unused (unused)
func (m *stubMCPManager) ExecuteTool(_ context.Context, name string, _ map[string]any) (string, error) {
                         ^
internal/service/workflow_engine_flex_test.go:111:6: func onlyRunID is unused (unused)
func onlyRunID(t *testing.T, s *store.Store) string {
     ^
internal/store/migration_sql_helpers_test.go:21:6: func splitSQLStatementsForTest is unused (unused)
func splitSQLStatementsForTest(t *testing.T, sql string) []string {
     ^
internal/store/migration_sql_helpers_test.go:34:6: func isCommentOnlyForTest is unused (unused)
func isCommentOnlyForTest(stmt string) bool {
     ^
2338 issues:
* errcheck: 284
* errorlint: 47
* exhaustive: 20
* forbidigo: 222
* gosec: 590
* govet: 530
* ineffassign: 2
* misspell: 394
* nilerr: 22
* revive: 68
* staticcheck: 78
* unconvert: 3
* unparam: 35
* unused: 43
EXIT:0
